
EJECUTANDO | t1 | E2 | Method=0
Mulgen ya está compilado.
Generando instancia con t1.par...
 no commodity capacity
 *************************************
 Writing output to file out                                     
 End of writing.
Instancia generada: 400 nodos, 1600 arcos y 10650 productos.
Ejecutando solver: solver_columnas_e2.py
Los resultados se guardarán en /Users/alfonsocid/Desktop/Repo Capstone/resultados/t1_solver_columnas_e2.txt
Filtro de conectividad: 335 productos sin camino eliminados.
Filtro de conectividad: 10650 -> 10315 productos.
Filtro de conectividad: productos eliminados (muestra): [9, 56, 64, 81, 83, 146, 152, 197, 206, 214, 222, 228, 234, 249, 382, 384, 405, 406, 426, 442] ...
Filtro de conectividad: red original preservada y verificacion final superada.
Nodos: 400
Arcos: 1600
Productos: 10650

Solver E2: partida congestion-aware + pricing C++ + gap certificado
Productos: 10315 | Arcos: 1600
ETA: 25 | Gap objetivo: 1%
Construyendo el problema maestro restringido...
Set parameter Username
Set parameter LicenseID to value 2855691
Academic license - for non-commercial use only - expires 2027-08-24
Set parameter Method to value 0
Calculando caminos iniciales congestion-aware...
Caminos iniciales listos: 10315 columnas en 0.10s.
Iteración 1: resolviendo maestro con 10315 columnas...
Iteración 1: z=0.76968004 | cota inferior=0.40045708 | gap=92.2004% | columnas=10346 | nuevas=31 | costo reducido=-2.539e-04 | maestro=0.01s | pricing=0.04s
Iteración 2: resolviendo maestro con 10346 columnas...
Iteración 2: z=0.61609973 | cota inferior=0.40045708 | gap=53.8491% | columnas=10452 | nuevas=106 | costo reducido=-1.056e-04 | maestro=0.01s | pricing=0.04s
Iteración 3: resolviendo maestro con 10452 columnas...
Iteración 3: z=0.60816836 | cota inferior=0.40045708 | gap=51.8685% | columnas=10500 | nuevas=48 | costo reducido=-1.783e-04 | maestro=0.01s | pricing=0.03s
Iteración 4: resolviendo maestro con 10500 columnas...
Iteración 4: z=0.60473180 | cota inferior=0.53599837 | gap=12.8234% | columnas=10507 | nuevas=7 | costo reducido=-2.040e-04 | maestro=0.01s | pricing=0.03s
Iteración 5: resolviendo maestro con 10507 columnas...
Iteración 5: z=0.60189920 | cota inferior=0.53599837 | gap=12.2950% | columnas=10552 | nuevas=45 | costo reducido=-1.826e-04 | maestro=0.01s | pricing=0.03s
Iteración 6: resolviendo maestro con 10552 columnas...
Iteración 6: z=0.59081584 | cota inferior=0.53599837 | gap=10.2272% | columnas=10633 | nuevas=81 | costo reducido=-1.578e-04 | maestro=0.01s | pricing=0.04s
Iteración 7: resolviendo maestro con 10633 columnas...
Iteración 7: z=0.59044019 | cota inferior=0.53599837 | gap=10.1571% | columnas=10802 | nuevas=169 | costo reducido=-7.875e-05 | maestro=0.01s | pricing=0.04s
Iteración 8: resolviendo maestro con 10802 columnas...
Iteración 8: z=0.57008455 | cota inferior=0.53599837 | gap=6.3594% | columnas=10914 | nuevas=112 | costo reducido=-1.191e-04 | maestro=0.01s | pricing=0.03s
Iteración 9: resolviendo maestro con 10914 columnas...
Iteración 9: z=0.56866601 | cota inferior=0.53599837 | gap=6.0947% | columnas=11025 | nuevas=111 | costo reducido=-1.093e-04 | maestro=0.01s | pricing=0.04s
Iteración 10: resolviendo maestro con 11025 columnas...
Iteración 10: z=0.55162242 | cota inferior=0.53599837 | gap=2.9149% | columnas=11130 | nuevas=105 | costo reducido=-1.229e-04 | maestro=0.01s | pricing=0.03s
Iteración 11: resolviendo maestro con 11130 columnas...
Iteración 11: z=0.54372034 | cota inferior=0.53599837 | gap=1.4407% | columnas=11197 | nuevas=67 | costo reducido=-9.683e-05 | maestro=0.01s | pricing=0.03s
Iteración 12: resolviendo maestro con 11197 columnas...
Iteración 12: z=0.53599837 | cota inferior=0.53599837 | gap=0.0000% | columnas=11197 | nuevas=0 | costo reducido=0.000e+00 | maestro=0.01s | pricing=0.04s

Solución óptima certificada
Congestión máxima: 0.53599837 (53.60%)
Cota superior: 0.53599837
Cota inferior: 0.53599837
Gap certificado: 0.000000%
Iteraciones: 12 | Columnas: 11197
Tiempo total: 0.70 segundos

Diez arcos más congestionados:
Arco 90: 23 -> 62 | flujo=1691.61 | capacidad=3156 | congestión=0.5360
Arco 539: 134 -> 182 | flujo=2907.26 | capacidad=5424 | congestión=0.5360
Arco 752: 192 -> 104 | flujo=3228.85 | capacidad=6024 | congestión=0.5360
Arco 892: 223 -> 292 | flujo=3005.34 | capacidad=5607 | congestión=0.5360
Arco 1067: 266 -> 367 | flujo=5073.76 | capacidad=9466 | congestión=0.5360
Arco 48: 15 -> 89 | flujo=2278.53 | capacidad=4251 | congestión=0.5360
Arco 541: 134 -> 386 | flujo=4905.99 | capacidad=9153 | congestión=0.5360
Arco 611: 155 -> 99 | flujo=2628.00 | capacidad=4903 | congestión=0.5360
Arco 659: 167 -> 73 | flujo=4360.88 | capacidad=8136 | congestión=0.5360
Arco 1387: 343 -> 260 | flujo=4500.78 | capacidad=8397 | congestión=0.5360

==========================================================
RESUMEN DE EJECUCION — KPI
==========================================================
Instancia: t1 (400 nodos, 1600 arcos, 10650 productos)
Solver: solver_columnas_e2.py
Estado: completado
Tiempo de pared del proceso: 0.99 s
Tiempo de CPU acumulado: 0.96 s
Uso medio aproximado de CPU: 96.8%
Memoria residente maxima observada: 112.23 MB
Tiempo interno del algoritmo: 0.7 s
Objetivo/congestion: 0.53599837
Cota superior: 0.53599837
Cota inferior: 0.53599837
Gap certificado: 0.0%
Iteraciones: 12
Columnas finales: 11197
Resultado guardado en: /Users/alfonsocid/Desktop/Repo Capstone/resultados/t1_solver_columnas_e2.txt
==========================================================
GUARDADO | resultados E2/E2_Method0_T1-T100/t1_solver_columnas_e2_method0.txt

EJECUTANDO | t2 | E2 | Method=0
Mulgen ya está compilado.
Generando instancia con t2.par...
 no commodity capacity
 *************************************
 Writing output to file out                                     
 End of writing.
Instancia generada: 400 nodos, 1600 arcos y 10650 productos.
Ejecutando solver: solver_columnas_e2.py
Los resultados se guardarán en /Users/alfonsocid/Desktop/Repo Capstone/resultados/t2_solver_columnas_e2.txt
Filtro de conectividad: 385 productos sin camino eliminados.
Filtro de conectividad: 10650 -> 10265 productos.
Filtro de conectividad: productos eliminados (muestra): [27, 28, 44, 54, 105, 108, 125, 129, 143, 173, 186, 195, 208, 230, 237, 240, 451, 457, 458, 479] ...
Filtro de conectividad: red original preservada y verificacion final superada.
Nodos: 400
Arcos: 1600
Productos: 10650

Solver E2: partida congestion-aware + pricing C++ + gap certificado
Productos: 10265 | Arcos: 1600
ETA: 25 | Gap objetivo: 1%
Construyendo el problema maestro restringido...
Set parameter Username
Set parameter LicenseID to value 2855691
Academic license - for non-commercial use only - expires 2027-08-24
Set parameter Method to value 0
Calculando caminos iniciales congestion-aware...
Caminos iniciales listos: 10265 columnas en 0.09s.
Iteración 1: resolviendo maestro con 10265 columnas...
Iteración 1: z=0.95062122 | cota inferior=0.91016247 | gap=4.4452% | columnas=10267 | nuevas=2 | costo reducido=-3.186e-04 | maestro=0.01s | pricing=0.03s
Iteración 2: resolviendo maestro con 10267 columnas...
Iteración 2: z=0.91016247 | cota inferior=0.91016247 | gap=0.0000% | columnas=10267 | nuevas=0 | costo reducido=0.000e+00 | maestro=0.01s | pricing=0.06s

Solución óptima certificada
Congestión máxima: 0.91016247 (91.02%)
Cota superior: 0.91016247
Cota inferior: 0.91016247
Gap certificado: 0.000000%
Iteraciones: 2 | Columnas: 10267
Tiempo total: 0.26 segundos

Diez arcos más congestionados:
Arco 261: 63 -> 234 | flujo=2857.00 | capacidad=3139 | congestión=0.9102
Arco 279: 67 -> 61 | flujo=10267.00 | capacidad=12501 | congestión=0.8213
Arco 1539: 385 -> 179 | flujo=7816.00 | capacidad=12475 | congestión=0.6265
Arco 204: 50 -> 353 | flujo=6796.00 | capacidad=11314 | congestión=0.6007
Arco 1201: 309 -> 366 | flujo=4994.00 | capacidad=8651 | congestión=0.5773
Arco 1583: 395 -> 337 | flujo=2447.00 | capacidad=4246 | congestión=0.5763
Arco 979: 254 -> 17 | flujo=3347.00 | capacidad=5882 | congestión=0.5690
Arco 624: 159 -> 255 | flujo=4883.00 | capacidad=8598 | congestión=0.5679
Arco 821: 214 -> 310 | flujo=4975.00 | capacidad=8835 | congestión=0.5631
Arco 696: 177 -> 311 | flujo=4486.00 | capacidad=7991 | congestión=0.5614

==========================================================
RESUMEN DE EJECUCION — KPI
==========================================================
Instancia: t2 (400 nodos, 1600 arcos, 10650 productos)
Solver: solver_columnas_e2.py
Estado: completado
Tiempo de pared del proceso: 0.53 s
Tiempo de CPU acumulado: 0.53 s
Uso medio aproximado de CPU: 100.2%
Memoria residente maxima observada: 97.08 MB
Tiempo interno del algoritmo: 0.26 s
Objetivo/congestion: 0.91016247
Cota superior: 0.91016247
Cota inferior: 0.91016247
Gap certificado: 0.0%
Iteraciones: 2
Columnas finales: 10267
Resultado guardado en: /Users/alfonsocid/Desktop/Repo Capstone/resultados/t2_solver_columnas_e2.txt
==========================================================
GUARDADO | resultados E2/E2_Method0_T1-T100/t2_solver_columnas_e2_method0.txt

EJECUTANDO | t3 | E2 | Method=0
Mulgen ya está compilado.
Generando instancia con t3.par...
 no commodity capacity
 *************************************
 Writing output to file out                                     
 End of writing.
Instancia generada: 400 nodos, 1600 arcos y 10650 productos.
Ejecutando solver: solver_columnas_e2.py
Los resultados se guardarán en /Users/alfonsocid/Desktop/Repo Capstone/resultados/t3_solver_columnas_e2.txt
Filtro de conectividad: 349 productos sin camino eliminados.
Filtro de conectividad: 10650 -> 10301 productos.
Filtro de conectividad: productos eliminados (muestra): [9, 56, 64, 70, 78, 89, 104, 110, 115, 143, 206, 242, 278, 326, 368, 488, 537, 610, 647, 683] ...
Filtro de conectividad: red original preservada y verificacion final superada.
Nodos: 400
Arcos: 1600
Productos: 10650

Solver E2: partida congestion-aware + pricing C++ + gap certificado
Productos: 10301 | Arcos: 1600
ETA: 25 | Gap objetivo: 1%
Construyendo el problema maestro restringido...
Set parameter Username
Set parameter LicenseID to value 2855691
Academic license - for non-commercial use only - expires 2027-08-24
Set parameter Method to value 0
Calculando caminos iniciales congestion-aware...
Caminos iniciales listos: 10301 columnas en 0.09s.
Iteración 1: resolviendo maestro con 10301 columnas...
Iteración 1: z=0.63390060 | cota inferior=0.00000000 | gap=infinito | columnas=10464 | nuevas=163 | costo reducido=-8.467e-05 | maestro=0.01s | pricing=0.03s
Iteración 2: resolviendo maestro con 10464 columnas...
Iteración 2: z=0.58831568 | cota inferior=0.41031773 | gap=43.3805% | columnas=10475 | nuevas=11 | costo reducido=-3.416e-04 | maestro=0.01s | pricing=0.04s
Iteración 3: resolviendo maestro con 10475 columnas...
Iteración 3: z=0.55441640 | cota inferior=0.41031773 | gap=35.1188% | columnas=10574 | nuevas=99 | costo reducido=-1.314e-04 | maestro=0.01s | pricing=0.03s
Iteración 4: resolviendo maestro con 10574 columnas...
Iteración 4: z=0.54879132 | cota inferior=0.41031773 | gap=33.7479% | columnas=10695 | nuevas=121 | costo reducido=-9.867e-05 | maestro=0.01s | pricing=0.03s
Iteración 5: resolviendo maestro con 10695 columnas...
Iteración 5: z=0.53978570 | cota inferior=0.41031773 | gap=31.5531% | columnas=10716 | nuevas=21 | costo reducido=-1.757e-04 | maestro=0.01s | pricing=0.03s
Iteración 6: resolviendo maestro con 10716 columnas...
Iteración 6: z=0.53562092 | cota inferior=0.52385621 | gap=2.2458% | columnas=10718 | nuevas=2 | costo reducido=-3.268e-04 | maestro=0.01s | pricing=0.04s
Iteración 7: resolviendo maestro con 10718 columnas...
Iteración 7: z=0.53084472 | cota inferior=0.52385621 | gap=1.3341% | columnas=10858 | nuevas=140 | costo reducido=-8.763e-05 | maestro=0.01s | pricing=0.03s
Iteración 8: resolviendo maestro con 10858 columnas...
Iteración 8: z=0.53059557 | cota inferior=0.52385621 | gap=1.2865% | columnas=10970 | nuevas=112 | costo reducido=-1.022e-04 | maestro=0.01s | pricing=0.03s
Iteración 9: resolviendo maestro con 10970 columnas...
Iteración 9: z=0.52781356 | cota inferior=0.52385621 | gap=0.7554% | columnas=10970 | nuevas=0 | costo reducido=-1.171e-04 | maestro=0.01s | pricing=0.04s

Solución con error relativo certificado de a lo sumo 1%
Congestión máxima: 0.52781356 (52.78%)
Cota superior: 0.52781356
Cota inferior: 0.52385621
Gap certificado: 0.755427%
Iteraciones: 9 | Columnas: 10970
Tiempo total: 0.54 segundos

Diez arcos más congestionados:
Arco 790: 202 -> 347 | flujo=5349.39 | capacidad=10135 | congestión=0.5278
Arco 1129: 285 -> 253 | flujo=1544.91 | capacidad=2927 | congestión=0.5278
Arco 1159: 293 -> 166 | flujo=5166.77 | capacidad=9789 | congestión=0.5278
Arco 81: 21 -> 244 | flujo=3004.84 | capacidad=5693 | congestión=0.5278
Arco 174: 41 -> 200 | flujo=4015.61 | capacidad=7608 | congestión=0.5278
Arco 284: 65 -> 272 | flujo=6023.41 | capacidad=11412 | congestión=0.5278
Arco 505: 128 -> 54 | flujo=4507.00 | capacidad=8539 | congestión=0.5278
Arco 617: 156 -> 362 | flujo=6234.01 | capacidad=11811 | congestión=0.5278
Arco 960: 244 -> 99 | flujo=1615.11 | capacidad=3060 | congestión=0.5278
Arco 1535: 380 -> 336 | flujo=3004.84 | capacidad=5693 | congestión=0.5278

==========================================================
RESUMEN DE EJECUCION — KPI
==========================================================
Instancia: t3 (400 nodos, 1600 arcos, 10650 productos)
Solver: solver_columnas_e2.py
Estado: completado
Tiempo de pared del proceso: 0.80 s
Tiempo de CPU acumulado: 0.82 s
Uso medio aproximado de CPU: 102.9%
Memoria residente maxima observada: 108.20 MB
Tiempo interno del algoritmo: 0.54 s
Objetivo/congestion: 0.52781356
Cota superior: 0.52781356
Cota inferior: 0.52385621
Gap certificado: 0.755427%
Iteraciones: 9
Columnas finales: 10970
Resultado guardado en: /Users/alfonsocid/Desktop/Repo Capstone/resultados/t3_solver_columnas_e2.txt
==========================================================
GUARDADO | resultados E2/E2_Method0_T1-T100/t3_solver_columnas_e2_method0.txt

EJECUTANDO | t4 | E2 | Method=0
Mulgen ya está compilado.
Generando instancia con t4.par...
 no commodity capacity
 *************************************
 Writing output to file out                                     
 End of writing.
Instancia generada: 400 nodos, 1600 arcos y 10650 productos.
Ejecutando solver: solver_columnas_e2.py
Los resultados se guardarán en /Users/alfonsocid/Desktop/Repo Capstone/resultados/t4_solver_columnas_e2.txt
Filtro de conectividad: 224 productos sin camino eliminados.
Filtro de conectividad: 10650 -> 10426 productos.
Filtro de conectividad: productos eliminados (muestra): [99, 149, 209, 314, 350, 436, 461, 513, 531, 582, 602, 658, 672, 719, 729, 835, 878, 913, 918, 955] ...
Filtro de conectividad: red original preservada y verificacion final superada.
Nodos: 400
Arcos: 1600
Productos: 10650

Solver E2: partida congestion-aware + pricing C++ + gap certificado
Productos: 10426 | Arcos: 1600
ETA: 25 | Gap objetivo: 1%
Construyendo el problema maestro restringido...
Set parameter Username
Set parameter LicenseID to value 2855691
Academic license - for non-commercial use only - expires 2027-08-24
Set parameter Method to value 0
Calculando caminos iniciales congestion-aware...
Caminos iniciales listos: 10426 columnas en 0.09s.
Iteración 1: resolviendo maestro con 10426 columnas...
Iteración 1: z=0.99164997 | cota inferior=0.42284569 | gap=134.5182% | columnas=10462 | nuevas=36 | costo reducido=-3.340e-04 | maestro=0.01s | pricing=0.03s
Iteración 2: resolviendo maestro con 10462 columnas...
Iteración 2: z=0.79424658 | cota inferior=0.75109589 | gap=5.7450% | columnas=10471 | nuevas=9 | costo reducido=-1.370e-04 | maestro=0.01s | pricing=0.04s
Iteración 3: resolviendo maestro con 10471 columnas...
Iteración 3: z=0.75109589 | cota inferior=0.75109589 | gap=0.0000% | columnas=10471 | nuevas=0 | costo reducido=-2.711e-20 | maestro=0.01s | pricing=0.03s

Solución óptima certificada
Congestión máxima: 0.75109589 (75.11%)
Cota superior: 0.75109589
Cota inferior: 0.75109589
Gap certificado: 0.000000%
Iteraciones: 3 | Columnas: 10471
Tiempo total: 0.27 segundos

Diez arcos más congestionados:
Arco 0: 1 -> 256 | flujo=2248.78 | capacidad=2994 | congestión=0.7511
Arco 171: 39 -> 151 | flujo=3234.22 | capacidad=4306 | congestión=0.7511
Arco 1539: 384 -> 194 | flujo=2156.00 | capacidad=3020 | congestión=0.7139
Arco 692: 176 -> 144 | flujo=3175.00 | capacidad=4779 | congestión=0.6644
Arco 565: 141 -> 392 | flujo=5965.00 | capacidad=9636 | congestión=0.6190
Arco 1588: 397 -> 50 | flujo=5238.00 | capacidad=9006 | congestión=0.5816
Arco 1332: 337 -> 252 | flujo=6269.00 | capacidad=10844 | congestión=0.5781
Arco 1040: 265 -> 207 | flujo=3181.00 | capacidad=5698 | congestión=0.5583
Arco 478: 119 -> 44 | flujo=1645.00 | capacidad=2967 | congestión=0.5544
Arco 931: 235 -> 81 | flujo=3047.00 | capacidad=5645 | congestión=0.5398

==========================================================
RESUMEN DE EJECUCION — KPI
==========================================================
Instancia: t4 (400 nodos, 1600 arcos, 10650 productos)
Solver: solver_columnas_e2.py
Estado: completado
Tiempo de pared del proceso: 0.52 s
Tiempo de CPU acumulado: 0.54 s
Uso medio aproximado de CPU: 103.4%
Memoria residente maxima observada: 100.56 MB
Tiempo interno del algoritmo: 0.27 s
Objetivo/congestion: 0.75109589
Cota superior: 0.75109589
Cota inferior: 0.75109589
Gap certificado: 0.0%
Iteraciones: 3
Columnas finales: 10471
Resultado guardado en: /Users/alfonsocid/Desktop/Repo Capstone/resultados/t4_solver_columnas_e2.txt
==========================================================
GUARDADO | resultados E2/E2_Method0_T1-T100/t4_solver_columnas_e2_method0.txt

EJECUTANDO | t5 | E2 | Method=0
Mulgen ya está compilado.
Generando instancia con t5.par...
 no commodity capacity
 *************************************
 Writing output to file out                                     
 End of writing.
Instancia generada: 400 nodos, 1600 arcos y 10650 productos.
Ejecutando solver: solver_columnas_e2.py
Los resultados se guardarán en /Users/alfonsocid/Desktop/Repo Capstone/resultados/t5_solver_columnas_e2.txt
Filtro de conectividad: 373 productos sin camino eliminados.
Filtro de conectividad: 10650 -> 10277 productos.
Filtro de conectividad: productos eliminados (muestra): [14, 23, 54, 66, 83, 140, 197, 233, 235, 243, 282, 327, 342, 356, 358, 362, 366, 375, 376, 404] ...
Filtro de conectividad: red original preservada y verificacion final superada.
Nodos: 400
Arcos: 1600
Productos: 10650

Solver E2: partida congestion-aware + pricing C++ + gap certificado
Productos: 10277 | Arcos: 1600
ETA: 25 | Gap objetivo: 1%
Construyendo el problema maestro restringido...
Set parameter Username
Set parameter LicenseID to value 2855691
Academic license - for non-commercial use only - expires 2027-08-24
Set parameter Method to value 0
Calculando caminos iniciales congestion-aware...
Caminos iniciales listos: 10277 columnas en 0.09s.
Iteración 1: resolviendo maestro con 10277 columnas...
Iteración 1: z=0.63881320 | cota inferior=0.44323342 | gap=44.1257% | columnas=10304 | nuevas=27 | costo reducido=-1.514e-04 | maestro=0.01s | pricing=0.03s
Iteración 2: resolviendo maestro con 10304 columnas...
Iteración 2: z=0.61861999 | cota inferior=0.44323342 | gap=39.5698% | columnas=10454 | nuevas=150 | costo reducido=-9.163e-05 | maestro=0.01s | pricing=0.05s
Iteración 3: resolviendo maestro con 10454 columnas...
Iteración 3: z=0.60803383 | cota inferior=0.60803383 | gap=0.0000% | columnas=10454 | nuevas=0 | costo reducido=0.000e+00 | maestro=0.01s | pricing=0.03s

Solución óptima certificada
Congestión máxima: 0.60803383 (60.80%)
Cota superior: 0.60803383
Cota inferior: 0.60803383
Gap certificado: 0.000000%
Iteraciones: 3 | Columnas: 10454
Tiempo total: 0.27 segundos

Diez arcos más congestionados:
Arco 1427: 361 -> 140 | flujo=2876.00 | capacidad=4730 | congestión=0.6080
Arco 560: 147 -> 38 | flujo=4016.67 | capacidad=6606 | congestión=0.6080
Arco 1098: 281 -> 361 | flujo=4852.11 | capacidad=7980 | congestión=0.6080
Arco 1137: 290 -> 245 | flujo=6635.47 | capacidad=10913 | congestión=0.6080
Arco 677: 178 -> 87 | flujo=3221.00 | capacidad=5496 | congestión=0.5861
Arco 1045: 266 -> 248 | flujo=4995.00 | capacidad=8561 | congestión=0.5835
Arco 1330: 336 -> 41 | flujo=6286.00 | capacidad=10781 | congestión=0.5831
Arco 870: 225 -> 236 | flujo=2013.00 | capacidad=3462 | congestión=0.5815
Arco 1069: 272 -> 15 | flujo=6240.00 | capacidad=11019 | congestión=0.5663
Arco 398: 102 -> 59 | flujo=5800.00 | capacidad=10675 | congestión=0.5433

==========================================================
RESUMEN DE EJECUCION — KPI
==========================================================
Instancia: t5 (400 nodos, 1600 arcos, 10650 productos)
Solver: solver_columnas_e2.py
Estado: completado
Tiempo de pared del proceso: 0.52 s
Tiempo de CPU acumulado: 0.54 s
Uso medio aproximado de CPU: 103.2%
Memoria residente maxima observada: 99.94 MB
Tiempo interno del algoritmo: 0.27 s
Objetivo/congestion: 0.60803383
Cota superior: 0.60803383
Cota inferior: 0.60803383
Gap certificado: 0.0%
Iteraciones: 3
Columnas finales: 10454
Resultado guardado en: /Users/alfonsocid/Desktop/Repo Capstone/resultados/t5_solver_columnas_e2.txt
==========================================================
GUARDADO | resultados E2/E2_Method0_T1-T100/t5_solver_columnas_e2_method0.txt

EJECUTANDO | t6 | E2 | Method=0
Mulgen ya está compilado.
Generando instancia con t6.par...
 no commodity capacity
 *************************************
 Writing output to file out                                     
 End of writing.
Instancia generada: 400 nodos, 1600 arcos y 10650 productos.
Ejecutando solver: solver_columnas_e2.py
Los resultados se guardarán en /Users/alfonsocid/Desktop/Repo Capstone/resultados/t6_solver_columnas_e2.txt
Filtro de conectividad: 413 productos sin camino eliminados.
Filtro de conectividad: 10650 -> 10237 productos.
Filtro de conectividad: productos eliminados (muestra): [13, 65, 89, 106, 122, 193, 194, 195, 227, 231, 252, 277, 285, 318, 323, 352, 353, 360, 408, 453] ...
Filtro de conectividad: red original preservada y verificacion final superada.
Nodos: 400
Arcos: 1600
Productos: 10650

Solver E2: partida congestion-aware + pricing C++ + gap certificado
Productos: 10237 | Arcos: 1600
ETA: 25 | Gap objetivo: 1%
Construyendo el problema maestro restringido...
Set parameter Username
Set parameter LicenseID to value 2855691
Academic license - for non-commercial use only - expires 2027-08-24
Set parameter Method to value 0
Calculando caminos iniciales congestion-aware...
Caminos iniciales listos: 10237 columnas en 0.10s.
Iteración 1: resolviendo maestro con 10237 columnas...
Iteración 1: z=0.72724014 | cota inferior=0.38602151 | gap=88.3937% | columnas=10258 | nuevas=21 | costo reducido=-3.584e-04 | maestro=0.01s | pricing=0.03s
Iteración 2: resolviendo maestro con 10258 columnas...
Iteración 2: z=0.70974016 | cota inferior=0.38602151 | gap=83.8603% | columnas=10444 | nuevas=186 | costo reducido=-7.780e-05 | maestro=0.01s | pricing=0.04s
Iteración 3: resolviendo maestro con 10444 columnas...
Iteración 3: z=0.62769918 | cota inferior=0.58860759 | gap=6.6414% | columnas=10446 | nuevas=2 | costo reducido=-3.723e-04 | maestro=0.01s | pricing=0.03s
Iteración 4: resolviendo maestro con 10446 columnas...
Iteración 4: z=0.61239167 | cota inferior=0.58860759 | gap=4.0407% | columnas=10488 | nuevas=42 | costo reducido=-1.844e-04 | maestro=0.01s | pricing=0.03s
Iteración 5: resolviendo maestro con 10488 columnas...
Iteración 5: z=0.60672105 | cota inferior=0.58860759 | gap=3.0773% | columnas=10603 | nuevas=115 | costo reducido=-1.218e-04 | maestro=0.01s | pricing=0.03s
Iteración 6: resolviendo maestro con 10603 columnas...
Iteración 6: z=0.59619605 | cota inferior=0.58860759 | gap=1.2892% | columnas=10732 | nuevas=129 | costo reducido=-1.045e-04 | maestro=0.01s | pricing=0.04s
Iteración 7: resolviendo maestro con 10732 columnas...
Iteración 7: z=0.59049080 | cota inferior=0.58860759 | gap=0.3199% | columnas=10732 | nuevas=0 | costo reducido=-3.834e-04 | maestro=0.01s | pricing=0.03s

Solución con error relativo certificado de a lo sumo 1%
Congestión máxima: 0.59049080 (59.05%)
Cota superior: 0.59049080
Cota inferior: 0.58860759
Gap certificado: 0.319942%
Iteraciones: 7 | Columnas: 10732
Tiempo total: 0.45 segundos

Diez arcos más congestionados:
Arco 1574: 395 -> 327 | flujo=1647.47 | capacidad=2790 | congestión=0.5905
Arco 12: 5 -> 22 | flujo=7590.17 | capacidad=12854 | congestión=0.5905
Arco 177: 48 -> 392 | flujo=4849.70 | capacidad=8213 | congestión=0.5905
Arco 286: 81 -> 150 | flujo=3202.23 | capacidad=5423 | congestión=0.5905
Arco 411: 112 -> 160 | flujo=1586.06 | capacidad=2686 | congestión=0.5905
Arco 833: 211 -> 380 | flujo=5650.41 | capacidad=9569 | congestión=0.5905
Arco 1052: 267 -> 245 | flujo=1540.00 | capacidad=2608 | congestión=0.5905
Arco 259: 74 -> 314 | flujo=2216.00 | capacidad=3781 | congestión=0.5861
Arco 925: 235 -> 368 | flujo=2450.00 | capacidad=4276 | congestión=0.5730
Arco 1157: 297 -> 17 | flujo=2865.00 | capacidad=5137 | congestión=0.5577

==========================================================
RESUMEN DE EJECUCION — KPI
==========================================================
Instancia: t6 (400 nodos, 1600 arcos, 10650 productos)
Solver: solver_columnas_e2.py
Estado: completado
Tiempo de pared del proceso: 0.71 s
Tiempo de CPU acumulado: 0.72 s
Uso medio aproximado de CPU: 100.8%
Memoria residente maxima observada: 106.25 MB
Tiempo interno del algoritmo: 0.45 s
Objetivo/congestion: 0.5904908
Cota superior: 0.5904908
Cota inferior: 0.58860759
Gap certificado: 0.319942%
Iteraciones: 7
Columnas finales: 10732
Resultado guardado en: /Users/alfonsocid/Desktop/Repo Capstone/resultados/t6_solver_columnas_e2.txt
==========================================================
GUARDADO | resultados E2/E2_Method0_T1-T100/t6_solver_columnas_e2_method0.txt

EJECUTANDO | t7 | E2 | Method=0
Mulgen ya está compilado.
Generando instancia con t7.par...
 no commodity capacity
 *************************************
 Writing output to file out                                     
 End of writing.
Instancia generada: 400 nodos, 1600 arcos y 10650 productos.
Ejecutando solver: solver_columnas_e2.py
Los resultados se guardarán en /Users/alfonsocid/Desktop/Repo Capstone/resultados/t7_solver_columnas_e2.txt
Filtro de conectividad: 182 productos sin camino eliminados.
Filtro de conectividad: 10650 -> 10468 productos.
Filtro de conectividad: productos eliminados (muestra): [12, 78, 119, 212, 216, 307, 330, 756, 757, 777, 811, 833, 900, 906, 907, 909, 1047, 1166, 1188, 1192] ...
Filtro de conectividad: red original preservada y verificacion final superada.
Nodos: 400
Arcos: 1600
Productos: 10650

Solver E2: partida congestion-aware + pricing C++ + gap certificado
Productos: 10468 | Arcos: 1600
ETA: 25 | Gap objetivo: 1%
Construyendo el problema maestro restringido...
Set parameter Username
Set parameter LicenseID to value 2855691
Academic license - for non-commercial use only - expires 2027-08-24
Set parameter Method to value 0
Calculando caminos iniciales congestion-aware...
Caminos iniciales listos: 10468 columnas en 0.09s.
Iteración 1: resolviendo maestro con 10468 columnas...
Iteración 1: z=1.03170540 | cota inferior=1.03170540 | gap=0.0000% | columnas=10468 | nuevas=0 | costo reducido=0.000e+00 | maestro=0.01s | pricing=0.03s

Solución óptima certificada
Congestión máxima: 1.03170540 (103.17%)
Cota superior: 1.03170540
Cota inferior: 1.03170540
Gap certificado: 0.000000%
Iteraciones: 1 | Columnas: 10468
Tiempo total: 0.19 segundos

Diez arcos más congestionados:
Arco 224: 54 -> 65 | flujo=5239.00 | capacidad=5078 | congestión=1.0317
Arco 880: 220 -> 369 | flujo=2569.00 | capacidad=2894 | congestión=0.8877
Arco 1441: 354 -> 83 | flujo=2401.00 | capacidad=2999 | congestión=0.8006
Arco 1211: 298 -> 222 | flujo=5923.00 | capacidad=8340 | congestión=0.7102
Arco 893: 223 -> 326 | flujo=6349.00 | capacidad=10023 | congestión=0.6334
Arco 1254: 309 -> 357 | flujo=1917.00 | capacidad=3157 | congestión=0.6072
Arco 344: 83 -> 236 | flujo=6270.00 | capacidad=10339 | congestión=0.6064
Arco 308: 71 -> 314 | flujo=4232.00 | capacidad=7182 | congestión=0.5893
Arco 527: 128 -> 29 | flujo=6416.00 | capacidad=11260 | congestión=0.5698
Arco 669: 167 -> 195 | flujo=6280.00 | capacidad=11181 | congestión=0.5617

==========================================================
RESUMEN DE EJECUCION — KPI
==========================================================
Instancia: t7 (400 nodos, 1600 arcos, 10650 productos)
Solver: solver_columnas_e2.py
Estado: completado
Tiempo de pared del proceso: 0.44 s
Tiempo de CPU acumulado: 0.45 s
Uso medio aproximado de CPU: 101.9%
Memoria residente maxima observada: 85.25 MB
Tiempo interno del algoritmo: 0.19 s
Objetivo/congestion: 1.0317054
Cota superior: 1.0317054
Cota inferior: 1.0317054
Gap certificado: 0.0%
Iteraciones: 1
Columnas finales: 10468
Resultado guardado en: /Users/alfonsocid/Desktop/Repo Capstone/resultados/t7_solver_columnas_e2.txt
==========================================================
GUARDADO | resultados E2/E2_Method0_T1-T100/t7_solver_columnas_e2_method0.txt

EJECUTANDO | t8 | E2 | Method=0
Mulgen ya está compilado.
Generando instancia con t8.par...
 no commodity capacity
 *************************************
 Writing output to file out                                     
 End of writing.
Instancia generada: 400 nodos, 1600 arcos y 10650 productos.
Ejecutando solver: solver_columnas_e2.py
Los resultados se guardarán en /Users/alfonsocid/Desktop/Repo Capstone/resultados/t8_solver_columnas_e2.txt
Filtro de conectividad: 431 productos sin camino eliminados.
Filtro de conectividad: 10650 -> 10219 productos.
Filtro de conectividad: productos eliminados (muestra): [1, 15, 79, 97, 101, 115, 170, 180, 186, 207, 214, 275, 286, 288, 297, 304, 308, 323, 344, 350] ...
Filtro de conectividad: red original preservada y verificacion final superada.
Nodos: 400
Arcos: 1600
Productos: 10650

Solver E2: partida congestion-aware + pricing C++ + gap certificado
Productos: 10219 | Arcos: 1600
ETA: 25 | Gap objetivo: 1%
Construyendo el problema maestro restringido...
Set parameter Username
Set parameter LicenseID to value 2855691
Academic license - for non-commercial use only - expires 2027-08-24
Set parameter Method to value 0
Calculando caminos iniciales congestion-aware...
Caminos iniciales listos: 10219 columnas en 0.09s.
Iteración 1: resolviendo maestro con 10219 columnas...
Iteración 1: z=0.93111639 | cota inferior=0.67194510 | gap=38.5703% | columnas=10239 | nuevas=20 | costo reducido=-2.639e-04 | maestro=0.01s | pricing=0.03s
Iteración 2: resolviendo maestro con 10239 columnas...
Iteración 2: z=0.75787188 | cota inferior=0.75787188 | gap=0.0000% | columnas=10239 | nuevas=0 | costo reducido=0.000e+00 | maestro=0.01s | pricing=0.04s

Solución óptima certificada
Congestión máxima: 0.75787188 (75.79%)
Cota superior: 0.75787188
Cota inferior: 0.75787188
Gap certificado: 0.000000%
Iteraciones: 2 | Columnas: 10239
Tiempo total: 0.23 segundos

Diez arcos más congestionados:
Arco 1468: 367 -> 360 | flujo=2871.58 | capacidad=3789 | congestión=0.7579
Arco 1494: 372 -> 348 | flujo=2094.00 | capacidad=2763 | congestión=0.7579
Arco 1449: 360 -> 361 | flujo=6422.58 | capacidad=8550 | congestión=0.7512
Arco 1561: 390 -> 252 | flujo=2626.00 | capacidad=4026 | congestión=0.6523
Arco 251: 72 -> 312 | flujo=2719.00 | capacidad=4289 | congestión=0.6339
Arco 1233: 308 -> 114 | flujo=3284.00 | capacidad=5420 | congestión=0.6059
Arco 1466: 366 -> 371 | flujo=2289.00 | capacidad=3947 | congestión=0.5799
Arco 1207: 301 -> 102 | flujo=2618.00 | capacidad=4631 | congestión=0.5653
Arco 1465: 365 -> 368 | flujo=3691.00 | capacidad=6577 | congestión=0.5612
Arco 1573: 393 -> 31 | flujo=3836.00 | capacidad=6840 | congestión=0.5608

==========================================================
RESUMEN DE EJECUCION — KPI
==========================================================
Instancia: t8 (400 nodos, 1600 arcos, 10650 productos)
Solver: solver_columnas_e2.py
Estado: completado
Tiempo de pared del proceso: 0.49 s
Tiempo de CPU acumulado: 0.49 s
Uso medio aproximado de CPU: 99.5%
Memoria residente maxima observada: 97.77 MB
Tiempo interno del algoritmo: 0.23 s
Objetivo/congestion: 0.75787188
Cota superior: 0.75787188
Cota inferior: 0.75787188
Gap certificado: 0.0%
Iteraciones: 2
Columnas finales: 10239
Resultado guardado en: /Users/alfonsocid/Desktop/Repo Capstone/resultados/t8_solver_columnas_e2.txt
==========================================================
GUARDADO | resultados E2/E2_Method0_T1-T100/t8_solver_columnas_e2_method0.txt

EJECUTANDO | t9 | E2 | Method=0
Mulgen ya está compilado.
Generando instancia con t9.par...
 no commodity capacity
 *************************************
 Writing output to file out                                     
 End of writing.
Instancia generada: 400 nodos, 1600 arcos y 10650 productos.
Ejecutando solver: solver_columnas_e2.py
Los resultados se guardarán en /Users/alfonsocid/Desktop/Repo Capstone/resultados/t9_solver_columnas_e2.txt
Filtro de conectividad: 354 productos sin camino eliminados.
Filtro de conectividad: 10650 -> 10296 productos.
Filtro de conectividad: productos eliminados (muestra): [101, 117, 130, 134, 141, 215, 249, 251, 252, 259, 305, 335, 362, 404, 447, 551, 569, 579, 598, 604] ...
Filtro de conectividad: red original preservada y verificacion final superada.
Nodos: 400
Arcos: 1600
Productos: 10650

Solver E2: partida congestion-aware + pricing C++ + gap certificado
Productos: 10296 | Arcos: 1600
ETA: 25 | Gap objetivo: 1%
Construyendo el problema maestro restringido...
Set parameter Username
Set parameter LicenseID to value 2855691
Academic license - for non-commercial use only - expires 2027-08-24
Set parameter Method to value 0
Calculando caminos iniciales congestion-aware...
Caminos iniciales listos: 10296 columnas en 0.09s.
Iteración 1: resolviendo maestro con 10296 columnas...
Iteración 1: z=0.58404453 | cota inferior=0.58404453 | gap=0.0000% | columnas=10296 | nuevas=0 | costo reducido=0.000e+00 | maestro=0.01s | pricing=0.03s

Solución óptima certificada
Congestión máxima: 0.58404453 (58.40%)
Cota superior: 0.58404453
Cota inferior: 0.58404453
Gap certificado: 0.000000%
Iteraciones: 1 | Columnas: 10296
Tiempo total: 0.17 segundos

Diez arcos más congestionados:
Arco 729: 191 -> 3 | flujo=1574.00 | capacidad=2695 | congestión=0.5840
Arco 798: 207 -> 230 | flujo=4377.00 | capacidad=7632 | congestión=0.5735
Arco 992: 259 -> 374 | flujo=5331.00 | capacidad=9313 | congestión=0.5724
Arco 1462: 369 -> 149 | flujo=2977.00 | capacidad=5230 | congestión=0.5692
Arco 1512: 380 -> 69 | flujo=5389.00 | capacidad=9526 | congestión=0.5657
Arco 313: 80 -> 341 | flujo=4642.00 | capacidad=8325 | congestión=0.5576
Arco 874: 230 -> 388 | flujo=2324.00 | capacidad=4190 | congestión=0.5547
Arco 105: 30 -> 202 | flujo=3692.00 | capacidad=6671 | congestión=0.5534
Arco 1226: 309 -> 356 | flujo=6238.00 | capacidad=11287 | congestión=0.5527
Arco 1252: 317 -> 139 | flujo=3036.00 | capacidad=5497 | congestión=0.5523

==========================================================
RESUMEN DE EJECUCION — KPI
==========================================================
Instancia: t9 (400 nodos, 1600 arcos, 10650 productos)
Solver: solver_columnas_e2.py
Estado: completado
Tiempo de pared del proceso: 0.43 s
Tiempo de CPU acumulado: 0.43 s
Uso medio aproximado de CPU: 101.0%
Memoria residente maxima observada: 86.77 MB
Tiempo interno del algoritmo: 0.17 s
Objetivo/congestion: 0.58404453
Cota superior: 0.58404453
Cota inferior: 0.58404453
Gap certificado: 0.0%
Iteraciones: 1
Columnas finales: 10296
Resultado guardado en: /Users/alfonsocid/Desktop/Repo Capstone/resultados/t9_solver_columnas_e2.txt
==========================================================
GUARDADO | resultados E2/E2_Method0_T1-T100/t9_solver_columnas_e2_method0.txt

EJECUTANDO | t10 | E2 | Method=0
Mulgen ya está compilado.
Generando instancia con t10.par...
 no commodity capacity
 *************************************
 Writing output to file out                                     
 End of writing.
Instancia generada: 400 nodos, 1600 arcos y 10650 productos.
Ejecutando solver: solver_columnas_e2.py
Los resultados se guardarán en /Users/alfonsocid/Desktop/Repo Capstone/resultados/t10_solver_columnas_e2.txt
Filtro de conectividad: 451 productos sin camino eliminados.
Filtro de conectividad: 10650 -> 10199 productos.
Filtro de conectividad: productos eliminados (muestra): [60, 108, 132, 169, 183, 194, 195, 215, 269, 281, 283, 329, 339, 364, 412, 428, 440, 451, 470, 489] ...
Filtro de conectividad: red original preservada y verificacion final superada.
Nodos: 400
Arcos: 1600
Productos: 10650

Solver E2: partida congestion-aware + pricing C++ + gap certificado
Productos: 10199 | Arcos: 1600
ETA: 25 | Gap objetivo: 1%
Construyendo el problema maestro restringido...
Set parameter Username
Set parameter LicenseID to value 2855691
Academic license - for non-commercial use only - expires 2027-08-24
Set parameter Method to value 0
Calculando caminos iniciales congestion-aware...
Caminos iniciales listos: 10199 columnas en 0.10s.
Iteración 1: resolviendo maestro con 10199 columnas...
Iteración 1: z=0.88667395 | cota inferior=0.67777171 | gap=30.8219% | columnas=10215 | nuevas=16 | costo reducido=-2.731e-04 | maestro=0.01s | pricing=0.04s
Iteración 2: resolviendo maestro con 10215 columnas...
Iteración 2: z=0.80322930 | cota inferior=0.67777171 | gap=18.5103% | columnas=10365 | nuevas=150 | costo reducido=-1.205e-04 | maestro=0.01s | pricing=0.04s
Iteración 3: resolviendo maestro con 10365 columnas...
Iteración 3: z=0.72697852 | cota inferior=0.72697852 | gap=0.0000% | columnas=10365 | nuevas=0 | costo reducido=0.000e+00 | maestro=0.01s | pricing=0.03s

Solución óptima certificada
Congestión máxima: 0.72697852 (72.70%)
Cota superior: 0.72697852
Cota inferior: 0.72697852
Gap certificado: 0.000000%
Iteraciones: 3 | Columnas: 10365
Tiempo total: 0.29 segundos

Diez arcos más congestionados:
Arco 481: 131 -> 251 | flujo=2471.00 | capacidad=3399 | congestión=0.7270
Arco 1026: 267 -> 10 | flujo=6033.19 | capacidad=8299 | congestión=0.7270
Arco 1427: 364 -> 142 | flujo=2662.20 | capacidad=3662 | congestión=0.7270
Arco 443: 121 -> 212 | flujo=4621.00 | capacidad=6797 | congestión=0.6799
Arco 773: 205 -> 50 | flujo=2221.00 | capacidad=3531 | congestión=0.6290
Arco 1165: 303 -> 174 | flujo=5867.00 | capacidad=9774 | congestión=0.6003
Arco 1254: 323 -> 299 | flujo=5415.00 | capacidad=9484 | congestión=0.5710
Arco 534: 144 -> 368 | flujo=3274.00 | capacidad=5928 | congestión=0.5523
Arco 726: 192 -> 141 | flujo=5942.00 | capacidad=10775 | congestión=0.5515
Arco 1094: 283 -> 236 | flujo=4887.00 | capacidad=8905 | congestión=0.5488

==========================================================
RESUMEN DE EJECUCION — KPI
==========================================================
Instancia: t10 (400 nodos, 1600 arcos, 10650 productos)
Solver: solver_columnas_e2.py
Estado: completado
Tiempo de pared del proceso: 0.59 s
Tiempo de CPU acumulado: 0.59 s
Uso medio aproximado de CPU: 100.0%
Memoria residente maxima observada: 101.00 MB
Tiempo interno del algoritmo: 0.29 s
Objetivo/congestion: 0.72697852
Cota superior: 0.72697852
Cota inferior: 0.72697852
Gap certificado: 0.0%
Iteraciones: 3
Columnas finales: 10365
Resultado guardado en: /Users/alfonsocid/Desktop/Repo Capstone/resultados/t10_solver_columnas_e2.txt
==========================================================
GUARDADO | resultados E2/E2_Method0_T1-T100/t10_solver_columnas_e2_method0.txt

EJECUTANDO | t11 | E2 | Method=0
Mulgen ya está compilado.
Generando instancia con t11.par...
 no commodity capacity
 *************************************
 Writing output to file out                                     
 End of writing.
Instancia generada: 400 nodos, 1600 arcos y 10650 productos.
Ejecutando solver: solver_columnas_e2.py
Los resultados se guardarán en /Users/alfonsocid/Desktop/Repo Capstone/resultados/t11_solver_columnas_e2.txt
Filtro de conectividad: 478 productos sin camino eliminados.
Filtro de conectividad: 10650 -> 10172 productos.
Filtro de conectividad: productos eliminados (muestra): [35, 65, 92, 109, 133, 143, 157, 169, 180, 205, 222, 260, 272, 286, 328, 349, 353, 380, 393, 401] ...
Filtro de conectividad: red original preservada y verificacion final superada.
Nodos: 400
Arcos: 1600
Productos: 10650

Solver E2: partida congestion-aware + pricing C++ + gap certificado
Productos: 10172 | Arcos: 1600
ETA: 25 | Gap objetivo: 1%
Construyendo el problema maestro restringido...
Set parameter Username
Set parameter LicenseID to value 2855691
Academic license - for non-commercial use only - expires 2027-08-24
Set parameter Method to value 0
Calculando caminos iniciales congestion-aware...
Caminos iniciales listos: 10172 columnas en 0.10s.
Iteración 1: resolviendo maestro con 10172 columnas...
Iteración 1: z=0.67891997 | cota inferior=0.35393624 | gap=91.8199% | columnas=10196 | nuevas=24 | costo reducido=-3.253e-04 | maestro=0.01s | pricing=0.03s
Iteración 2: resolviendo maestro con 10196 columnas...
Iteración 2: z=0.60327727 | cota inferior=0.35393624 | gap=70.4480% | columnas=10223 | nuevas=27 | costo reducido=-2.156e-04 | maestro=0.01s | pricing=0.04s
Iteración 3: resolviendo maestro con 10223 columnas...
Iteración 3: z=0.59533528 | cota inferior=0.35393624 | gap=68.2041% | columnas=10329 | nuevas=106 | costo reducido=-1.166e-04 | maestro=0.01s | pricing=0.04s
Iteración 4: resolviendo maestro con 10329 columnas...
Iteración 4: z=0.58440047 | cota inferior=0.35393624 | gap=65.1146% | columnas=10405 | nuevas=76 | costo reducido=-1.663e-04 | maestro=0.01s | pricing=0.03s
Iteración 5: resolviendo maestro con 10405 columnas...
Iteración 5: z=0.58297872 | cota inferior=0.35393624 | gap=64.7129% | columnas=10432 | nuevas=27 | costo reducido=-3.040e-04 | maestro=0.01s | pricing=0.03s
Iteración 6: resolviendo maestro con 10432 columnas...
Iteración 6: z=0.57297766 | cota inferior=0.35393624 | gap=61.8873% | columnas=10494 | nuevas=62 | costo reducido=-2.169e-04 | maestro=0.01s | pricing=0.04s
Iteración 7: resolviendo maestro con 10494 columnas...
Iteración 7: z=0.55206170 | cota inferior=0.52165530 | gap=5.8288% | columnas=10500 | nuevas=6 | costo reducido=-1.483e-04 | maestro=0.01s | pricing=0.03s
Iteración 8: resolviendo maestro con 10500 columnas...
Iteración 8: z=0.53860702 | cota inferior=0.52165530 | gap=3.2496% | columnas=10649 | nuevas=149 | costo reducido=-8.223e-05 | maestro=0.01s | pricing=0.03s
Iteración 9: resolviendo maestro con 10649 columnas...
Iteración 9: z=0.53691948 | cota inferior=0.52165530 | gap=2.9261% | columnas=10756 | nuevas=107 | costo reducido=-1.114e-04 | maestro=0.01s | pricing=0.04s
Iteración 10: resolviendo maestro con 10756 columnas...
Iteración 10: z=0.53255951 | cota inferior=0.52165530 | gap=2.0903% | columnas=10862 | nuevas=106 | costo reducido=-9.837e-05 | maestro=0.01s | pricing=0.03s
Iteración 11: resolviendo maestro con 10862 columnas...
Iteración 11: z=0.52171327 | cota inferior=0.52165530 | gap=0.0111% | columnas=10862 | nuevas=0 | costo reducido=-9.915e-05 | maestro=0.01s | pricing=0.03s

Solución con error relativo certificado de a lo sumo 1%
Congestión máxima: 0.52171327 (52.17%)
Cota superior: 0.52171327
Cota inferior: 0.52165530
Gap certificado: 0.011113%
Iteraciones: 11 | Columnas: 10862
Tiempo total: 0.63 segundos

Diez arcos más congestionados:
Arco 151: 34 -> 30 | flujo=4684.46 | capacidad=8979 | congestión=0.5217
Arco 201: 49 -> 114 | flujo=4276.48 | capacidad=8197 | congestión=0.5217
Arco 484: 122 -> 33 | flujo=2771.34 | capacidad=5312 | congestión=0.5217
Arco 720: 178 -> 334 | flujo=6344.56 | capacidad=12161 | congestión=0.5217
Arco 721: 180 -> 93 | flujo=2405.62 | capacidad=4611 | congestión=0.5217
Arco 780: 196 -> 211 | flujo=3137.06 | capacidad=6013 | congestión=0.5217
Arco 1093: 268 -> 374 | flujo=1603.75 | capacidad=3074 | congestión=0.5217
Arco 1131: 279 -> 72 | flujo=3418.79 | capacidad=6553 | congestión=0.5217
Arco 1259: 313 -> 129 | flujo=1744.61 | capacidad=3344 | congestión=0.5217
Arco 1406: 350 -> 374 | flujo=1913.64 | capacidad=3668 | congestión=0.5217

==========================================================
RESUMEN DE EJECUCION — KPI
==========================================================
Instancia: t11 (400 nodos, 1600 arcos, 10650 productos)
Solver: solver_columnas_e2.py
Estado: completado
Tiempo de pared del proceso: 0.89 s
Tiempo de CPU acumulado: 0.91 s
Uso medio aproximado de CPU: 101.8%
Memoria residente maxima observada: 109.47 MB
Tiempo interno del algoritmo: 0.63 s
Objetivo/congestion: 0.52171327
Cota superior: 0.52171327
Cota inferior: 0.5216553
Gap certificado: 0.011113%
Iteraciones: 11
Columnas finales: 10862
Resultado guardado en: /Users/alfonsocid/Desktop/Repo Capstone/resultados/t11_solver_columnas_e2.txt
==========================================================
GUARDADO | resultados E2/E2_Method0_T1-T100/t11_solver_columnas_e2_method0.txt

EJECUTANDO | t12 | E2 | Method=0
Mulgen ya está compilado.
Generando instancia con t12.par...
 no commodity capacity
 *************************************
 Writing output to file out                                     
 End of writing.
Instancia generada: 400 nodos, 1600 arcos y 10650 productos.
Ejecutando solver: solver_columnas_e2.py
Los resultados se guardarán en /Users/alfonsocid/Desktop/Repo Capstone/resultados/t12_solver_columnas_e2.txt
Filtro de conectividad: 262 productos sin camino eliminados.
Filtro de conectividad: 10650 -> 10388 productos.
Filtro de conectividad: productos eliminados (muestra): [25, 113, 311, 386, 475, 494, 499, 540, 625, 627, 655, 663, 736, 791, 922, 926, 938, 971, 989, 1040] ...
Filtro de conectividad: red original preservada y verificacion final superada.
Nodos: 400
Arcos: 1600
Productos: 10650

Solver E2: partida congestion-aware + pricing C++ + gap certificado
Productos: 10388 | Arcos: 1600
ETA: 25 | Gap objetivo: 1%
Construyendo el problema maestro restringido...
Set parameter Username
Set parameter LicenseID to value 2855691
Academic license - for non-commercial use only - expires 2027-08-24
Set parameter Method to value 0
Calculando caminos iniciales congestion-aware...
Caminos iniciales listos: 10388 columnas en 0.09s.
Iteración 1: resolviendo maestro con 10388 columnas...
Iteración 1: z=0.76572238 | cota inferior=0.65127479 | gap=17.5729% | columnas=10398 | nuevas=10 | costo reducido=-2.833e-04 | maestro=0.01s | pricing=0.03s
Iteración 2: resolviendo maestro con 10398 columnas...
Iteración 2: z=0.74127557 | cota inferior=0.69283995 | gap=6.9909% | columnas=10402 | nuevas=4 | costo reducido=-3.008e-04 | maestro=0.01s | pricing=0.04s
Iteración 3: resolviendo maestro con 10402 columnas...
Iteración 3: z=0.69283995 | cota inferior=0.69283995 | gap=0.0000% | columnas=10402 | nuevas=0 | costo reducido=0.000e+00 | maestro=0.01s | pricing=0.03s

Solución óptima certificada
Congestión máxima: 0.69283995 (69.28%)
Cota superior: 0.69283995
Cota inferior: 0.69283995
Gap certificado: 0.000000%
Iteraciones: 3 | Columnas: 10402
Tiempo total: 0.28 segundos

Diez arcos más congestionados:
Arco 476: 116 -> 97 | flujo=2303.00 | capacidad=3324 | congestión=0.6928
Arco 939: 234 -> 125 | flujo=2445.73 | capacidad=3530 | congestión=0.6928
Arco 1304: 325 -> 193 | flujo=5407.00 | capacidad=8089 | congestión=0.6684
Arco 1017: 255 -> 312 | flujo=5126.00 | capacidad=8038 | congestión=0.6377
Arco 715: 175 -> 53 | flujo=2944.00 | capacidad=5101 | congestión=0.5771
Arco 507: 124 -> 50 | flujo=7087.00 | capacidad=12495 | congestión=0.5672
Arco 1149: 285 -> 90 | flujo=6962.00 | capacidad=12289 | congestión=0.5665
Arco 749: 184 -> 31 | flujo=5842.00 | capacidad=10408 | congestión=0.5613
Arco 1393: 352 -> 21 | flujo=3169.00 | capacidad=5745 | congestión=0.5516
Arco 53: 15 -> 93 | flujo=1521.00 | capacidad=2834 | congestión=0.5367

==========================================================
RESUMEN DE EJECUCION — KPI
==========================================================
Instancia: t12 (400 nodos, 1600 arcos, 10650 productos)
Solver: solver_columnas_e2.py
Estado: completado
Tiempo de pared del proceso: 0.53 s
Tiempo de CPU acumulado: 0.54 s
Uso medio aproximado de CPU: 101.4%
Memoria residente maxima observada: 99.56 MB
Tiempo interno del algoritmo: 0.28 s
Objetivo/congestion: 0.69283995
Cota superior: 0.69283995
Cota inferior: 0.69283995
Gap certificado: 0.0%
Iteraciones: 3
Columnas finales: 10402
Resultado guardado en: /Users/alfonsocid/Desktop/Repo Capstone/resultados/t12_solver_columnas_e2.txt
==========================================================
GUARDADO | resultados E2/E2_Method0_T1-T100/t12_solver_columnas_e2_method0.txt

EJECUTANDO | t13 | E2 | Method=0
Mulgen ya está compilado.
Generando instancia con t13.par...
 no commodity capacity
 *************************************
 Writing output to file out                                     
 End of writing.
Instancia generada: 400 nodos, 1600 arcos y 10650 productos.
Ejecutando solver: solver_columnas_e2.py
Los resultados se guardarán en /Users/alfonsocid/Desktop/Repo Capstone/resultados/t13_solver_columnas_e2.txt
Filtro de conectividad: 387 productos sin camino eliminados.
Filtro de conectividad: 10650 -> 10263 productos.
Filtro de conectividad: productos eliminados (muestra): [26, 29, 60, 70, 302, 305, 329, 336, 344, 349, 368, 476, 492, 503, 516, 566, 585, 614, 625, 636] ...
Filtro de conectividad: red original preservada y verificacion final superada.
Nodos: 400
Arcos: 1600
Productos: 10650

Solver E2: partida congestion-aware + pricing C++ + gap certificado
Productos: 10263 | Arcos: 1600
ETA: 25 | Gap objetivo: 1%
Construyendo el problema maestro restringido...
Set parameter Username
Set parameter LicenseID to value 2855691
Academic license - for non-commercial use only - expires 2027-08-24
Set parameter Method to value 0
Calculando caminos iniciales congestion-aware...
Caminos iniciales listos: 10263 columnas en 0.10s.
Iteración 1: resolviendo maestro con 10263 columnas...
Iteración 1: z=1.04731744 | cota inferior=1.04731744 | gap=0.0000% | columnas=10263 | nuevas=0 | costo reducido=0.000e+00 | maestro=0.01s | pricing=0.03s

Solución óptima certificada
Congestión máxima: 1.04731744 (104.73%)
Cota superior: 1.04731744
Cota inferior: 1.04731744
Gap certificado: 0.000000%
Iteraciones: 1 | Columnas: 10263
Tiempo total: 0.19 segundos

Diez arcos más congestionados:
Arco 800: 196 -> 301 | flujo=2811.00 | capacidad=2684 | congestión=1.0473
Arco 1063: 264 -> 27 | flujo=3195.00 | capacidad=3815 | congestión=0.8375
Arco 1375: 343 -> 2 | flujo=6246.00 | capacidad=8129 | congestión=0.7684
Arco 1463: 367 -> 398 | flujo=6481.00 | capacidad=9102 | congestión=0.7120
Arco 519: 130 -> 163 | flujo=7099.00 | capacidad=10365 | congestión=0.6849
Arco 702: 174 -> 159 | flujo=6614.00 | capacidad=9918 | congestión=0.6669
Arco 538: 135 -> 318 | flujo=2318.00 | capacidad=3578 | congestión=0.6478
Arco 1288: 319 -> 1 | flujo=4080.00 | capacidad=6787 | congestión=0.6011
Arco 1424: 356 -> 14 | flujo=3906.00 | capacidad=6524 | congestión=0.5987
Arco 410: 104 -> 40 | flujo=3940.00 | capacidad=6708 | congestión=0.5874

==========================================================
RESUMEN DE EJECUCION — KPI
==========================================================
Instancia: t13 (400 nodos, 1600 arcos, 10650 productos)
Solver: solver_columnas_e2.py
Estado: completado
Tiempo de pared del proceso: 0.44 s
Tiempo de CPU acumulado: 0.45 s
Uso medio aproximado de CPU: 102.8%
Memoria residente maxima observada: 83.42 MB
Tiempo interno del algoritmo: 0.19 s
Objetivo/congestion: 1.04731744
Cota superior: 1.04731744
Cota inferior: 1.04731744
Gap certificado: 0.0%
Iteraciones: 1
Columnas finales: 10263
Resultado guardado en: /Users/alfonsocid/Desktop/Repo Capstone/resultados/t13_solver_columnas_e2.txt
==========================================================
GUARDADO | resultados E2/E2_Method0_T1-T100/t13_solver_columnas_e2_method0.txt

EJECUTANDO | t14 | E2 | Method=0
Mulgen ya está compilado.
Generando instancia con t14.par...
 no commodity capacity
 *************************************
 Writing output to file out                                     
 End of writing.
Instancia generada: 400 nodos, 1600 arcos y 10650 productos.
Ejecutando solver: solver_columnas_e2.py
Los resultados se guardarán en /Users/alfonsocid/Desktop/Repo Capstone/resultados/t14_solver_columnas_e2.txt
Filtro de conectividad: 533 productos sin camino eliminados.
Filtro de conectividad: 10650 -> 10117 productos.
Filtro de conectividad: productos eliminados (muestra): [13, 21, 24, 40, 45, 86, 91, 134, 157, 165, 177, 183, 231, 280, 284, 309, 348, 349, 358, 385] ...
Filtro de conectividad: red original preservada y verificacion final superada.
Nodos: 400
Arcos: 1600
Productos: 10650

Solver E2: partida congestion-aware + pricing C++ + gap certificado
Productos: 10117 | Arcos: 1600
ETA: 25 | Gap objetivo: 1%
Construyendo el problema maestro restringido...
Set parameter Username
Set parameter LicenseID to value 2855691
Academic license - for non-commercial use only - expires 2027-08-24
Set parameter Method to value 0
Calculando caminos iniciales congestion-aware...
Caminos iniciales listos: 10117 columnas en 0.09s.
Iteración 1: resolviendo maestro con 10117 columnas...
Iteración 1: z=0.75547835 | cota inferior=0.24853020 | gap=203.9785% | columnas=10157 | nuevas=40 | costo reducido=-2.672e-04 | maestro=0.01s | pricing=0.03s
Iteración 2: resolviendo maestro con 10157 columnas...
Iteración 2: z=0.75013749 | cota inferior=0.24853020 | gap=201.8295% | columnas=10251 | nuevas=94 | costo reducido=-1.833e-04 | maestro=0.01s | pricing=0.04s
Iteración 3: resolviendo maestro con 10251 columnas...
Iteración 3: z=0.66343347 | cota inferior=0.24853020 | gap=166.9428% | columnas=10402 | nuevas=151 | costo reducido=-9.417e-05 | maestro=0.01s | pricing=0.03s
Iteración 4: resolviendo maestro con 10402 columnas...
Iteración 4: z=0.62222770 | cota inferior=0.24853020 | gap=150.3630% | columnas=10516 | nuevas=114 | costo reducido=-1.232e-04 | maestro=0.01s | pricing=0.03s
Iteración 5: resolviendo maestro con 10516 columnas...
Iteración 5: z=0.61937335 | cota inferior=0.24853020 | gap=149.2145% | columnas=10585 | nuevas=69 | costo reducido=-2.207e-04 | maestro=0.01s | pricing=0.04s
Iteración 6: resolviendo maestro con 10585 columnas...
Iteración 6: z=0.59393799 | cota inferior=0.58236927 | gap=1.9865% | columnas=10586 | nuevas=1 | costo reducido=-2.314e-04 | maestro=0.01s | pricing=0.04s
Iteración 7: resolviendo maestro con 10586 columnas...
Iteración 7: z=0.58236927 | cota inferior=0.58236927 | gap=0.0000% | columnas=10586 | nuevas=0 | costo reducido=0.000e+00 | maestro=0.01s | pricing=0.03s

Solución óptima certificada
Congestión máxima: 0.58236927 (58.24%)
Cota superior: 0.58236927
Cota inferior: 0.58236927
Gap certificado: 0.000000%
Iteraciones: 7 | Columnas: 10586
Tiempo total: 0.46 segundos

Diez arcos más congestionados:
Arco 171: 38 -> 347 | flujo=6184.18 | capacidad=10619 | congestión=0.5824
Arco 262: 58 -> 184 | flujo=2363.25 | capacidad=4058 | congestión=0.5824
Arco 658: 153 -> 270 | flujo=2517.00 | capacidad=4322 | congestión=0.5824
Arco 818: 192 -> 65 | flujo=1903.18 | capacidad=3268 | congestión=0.5824
Arco 1052: 258 -> 142 | flujo=3176.82 | capacidad=5455 | congestión=0.5824
Arco 1409: 349 -> 279 | flujo=4726.51 | capacidad=8116 | congestión=0.5824
Arco 1535: 384 -> 279 | flujo=2639.30 | capacidad=4532 | congestión=0.5824
Arco 1354: 332 -> 47 | flujo=2179.23 | capacidad=3742 | congestión=0.5824
Arco 996: 241 -> 305 | flujo=7158.00 | capacidad=12463 | congestión=0.5743
Arco 433: 97 -> 211 | flujo=1523.00 | capacidad=2714 | congestión=0.5612

==========================================================
RESUMEN DE EJECUCION — KPI
==========================================================
Instancia: t14 (400 nodos, 1600 arcos, 10650 productos)
Solver: solver_columnas_e2.py
Estado: completado
Tiempo de pared del proceso: 0.74 s
Tiempo de CPU acumulado: 0.75 s
Uso medio aproximado de CPU: 101.2%
Memoria residente maxima observada: 103.53 MB
Tiempo interno del algoritmo: 0.46 s
Objetivo/congestion: 0.58236927
Cota superior: 0.58236927
Cota inferior: 0.58236927
Gap certificado: 0.0%
Iteraciones: 7
Columnas finales: 10586
Resultado guardado en: /Users/alfonsocid/Desktop/Repo Capstone/resultados/t14_solver_columnas_e2.txt
==========================================================
GUARDADO | resultados E2/E2_Method0_T1-T100/t14_solver_columnas_e2_method0.txt

EJECUTANDO | t15 | E2 | Method=0
Mulgen ya está compilado.
Generando instancia con t15.par...
 no commodity capacity
 *************************************
 Writing output to file out                                     
 End of writing.
Instancia generada: 400 nodos, 1600 arcos y 10650 productos.
Ejecutando solver: solver_columnas_e2.py
Los resultados se guardarán en /Users/alfonsocid/Desktop/Repo Capstone/resultados/t15_solver_columnas_e2.txt
Filtro de conectividad: 330 productos sin camino eliminados.
Filtro de conectividad: 10650 -> 10320 productos.
Filtro de conectividad: productos eliminados (muestra): [2, 19, 47, 93, 122, 161, 165, 212, 254, 260, 275, 281, 304, 373, 421, 427, 454, 483, 524, 536] ...
Filtro de conectividad: red original preservada y verificacion final superada.
Nodos: 400
Arcos: 1600
Productos: 10650

Solver E2: partida congestion-aware + pricing C++ + gap certificado
Productos: 10320 | Arcos: 1600
ETA: 25 | Gap objetivo: 1%
Construyendo el problema maestro restringido...
Set parameter Username
Set parameter LicenseID to value 2855691
Academic license - for non-commercial use only - expires 2027-08-24
Set parameter Method to value 0
Calculando caminos iniciales congestion-aware...
Caminos iniciales listos: 10320 columnas en 0.09s.
Iteración 1: resolviendo maestro con 10320 columnas...
Iteración 1: z=0.98721805 | cota inferior=0.98721805 | gap=0.0000% | columnas=10320 | nuevas=0 | costo reducido=0.000e+00 | maestro=0.01s | pricing=0.04s

Solución óptima certificada
Congestión máxima: 0.98721805 (98.72%)
Cota superior: 0.98721805
Cota inferior: 0.98721805
Gap certificado: 0.000000%
Iteraciones: 1 | Columnas: 10320
Tiempo total: 0.18 segundos

Diez arcos más congestionados:
Arco 771: 193 -> 54 | flujo=2626.00 | capacidad=2660 | congestión=0.9872
Arco 734: 182 -> 269 | flujo=1835.00 | capacidad=2871 | congestión=0.6392
Arco 1584: 397 -> 346 | flujo=7311.00 | capacidad=11850 | congestión=0.6170
Arco 895: 227 -> 92 | flujo=7017.00 | capacidad=12035 | congestión=0.5830
Arco 1585: 397 -> 375 | flujo=6405.00 | capacidad=11060 | congestión=0.5791
Arco 1332: 333 -> 220 | flujo=7075.00 | capacidad=12324 | congestión=0.5741
Arco 1270: 316 -> 145 | flujo=3651.00 | capacidad=6768 | congestión=0.5395
Arco 1569: 393 -> 241 | flujo=2968.00 | capacidad=5662 | congestión=0.5242
Arco 1001: 250 -> 166 | flujo=6305.00 | capacidad=12166 | congestión=0.5182
Arco 854: 217 -> 347 | flujo=2961.00 | capacidad=5846 | congestión=0.5065

==========================================================
RESUMEN DE EJECUCION — KPI
==========================================================
Instancia: t15 (400 nodos, 1600 arcos, 10650 productos)
Solver: solver_columnas_e2.py
Estado: completado
Tiempo de pared del proceso: 0.45 s
Tiempo de CPU acumulado: 0.46 s
Uso medio aproximado de CPU: 102.2%
Memoria residente maxima observada: 89.59 MB
Tiempo interno del algoritmo: 0.18 s
Objetivo/congestion: 0.98721805
Cota superior: 0.98721805
Cota inferior: 0.98721805
Gap certificado: 0.0%
Iteraciones: 1
Columnas finales: 10320
Resultado guardado en: /Users/alfonsocid/Desktop/Repo Capstone/resultados/t15_solver_columnas_e2.txt
==========================================================
GUARDADO | resultados E2/E2_Method0_T1-T100/t15_solver_columnas_e2_method0.txt

EJECUTANDO | t16 | E2 | Method=0
Mulgen ya está compilado.
Generando instancia con t16.par...
 no commodity capacity
 *************************************
 Writing output to file out                                     
 End of writing.
Instancia generada: 400 nodos, 1600 arcos y 10650 productos.
Ejecutando solver: solver_columnas_e2.py
Los resultados se guardarán en /Users/alfonsocid/Desktop/Repo Capstone/resultados/t16_solver_columnas_e2.txt
Filtro de conectividad: 524 productos sin camino eliminados.
Filtro de conectividad: 10650 -> 10126 productos.
Filtro de conectividad: productos eliminados (muestra): [6, 73, 80, 86, 108, 127, 132, 145, 176, 207, 216, 220, 246, 262, 263, 319, 365, 389, 415, 436] ...
Filtro de conectividad: red original preservada y verificacion final superada.
Nodos: 400
Arcos: 1600
Productos: 10650

Solver E2: partida congestion-aware + pricing C++ + gap certificado
Productos: 10126 | Arcos: 1600
ETA: 25 | Gap objetivo: 1%
Construyendo el problema maestro restringido...
Set parameter Username
Set parameter LicenseID to value 2855691
Academic license - for non-commercial use only - expires 2027-08-24
Set parameter Method to value 0
Calculando caminos iniciales congestion-aware...
Caminos iniciales listos: 10126 columnas en 0.09s.
Iteración 1: resolviendo maestro con 10126 columnas...
Iteración 1: z=0.59244314 | cota inferior=0.53374908 | gap=10.9966% | columnas=10129 | nuevas=3 | costo reducido=-3.668e-04 | maestro=0.01s | pricing=0.07s
Iteración 2: resolviendo maestro con 10129 columnas...
Iteración 2: z=0.54191767 | cota inferior=0.53374908 | gap=1.5304% | columnas=10156 | nuevas=27 | costo reducido=-2.510e-04 | maestro=0.01s | pricing=0.04s
Iteración 3: resolviendo maestro con 10156 columnas...
Iteración 3: z=0.53750542 | cota inferior=0.53374908 | gap=0.7038% | columnas=10156 | nuevas=0 | costo reducido=-1.445e-04 | maestro=0.01s | pricing=0.03s

Solución con error relativo certificado de a lo sumo 1%
Congestión máxima: 0.53750542 (53.75%)
Cota superior: 0.53750542
Cota inferior: 0.53374908
Gap certificado: 0.703765%
Iteraciones: 3 | Columnas: 10156
Tiempo total: 0.31 segundos

Diez arcos más congestionados:
Arco 892: 221 -> 391 | flujo=3719.00 | capacidad=6919 | congestión=0.5375
Arco 1594: 399 -> 53 | flujo=2141.42 | capacidad=3984 | congestión=0.5375
Arco 603: 149 -> 325 | flujo=1465.24 | capacidad=2726 | congestión=0.5375
Arco 117: 31 -> 166 | flujo=3861.00 | capacidad=7417 | congestión=0.5206
Arco 1115: 278 -> 134 | flujo=5048.00 | capacidad=9854 | congestión=0.5123
Arco 1018: 253 -> 201 | flujo=4746.00 | capacidad=9356 | congestión=0.5073
Arco 457: 115 -> 40 | flujo=4783.00 | capacidad=9461 | congestión=0.5055
Arco 1553: 388 -> 117 | flujo=2355.00 | capacidad=4665 | congestión=0.5048
Arco 29: 10 -> 11 | flujo=2135.00 | capacidad=4298 | congestión=0.4967
Arco 637: 158 -> 386 | flujo=1801.00 | capacidad=3643 | congestión=0.4944

==========================================================
RESUMEN DE EJECUCION — KPI
==========================================================
Instancia: t16 (400 nodos, 1600 arcos, 10650 productos)
Solver: solver_columnas_e2.py
Estado: completado
Tiempo de pared del proceso: 0.56 s
Tiempo de CPU acumulado: 0.55 s
Uso medio aproximado de CPU: 97.5%
Memoria residente maxima observada: 97.25 MB
Tiempo interno del algoritmo: 0.31 s
Objetivo/congestion: 0.53750542
Cota superior: 0.53750542
Cota inferior: 0.53374908
Gap certificado: 0.703765%
Iteraciones: 3
Columnas finales: 10156
Resultado guardado en: /Users/alfonsocid/Desktop/Repo Capstone/resultados/t16_solver_columnas_e2.txt
==========================================================
GUARDADO | resultados E2/E2_Method0_T1-T100/t16_solver_columnas_e2_method0.txt

EJECUTANDO | t17 | E2 | Method=0
Mulgen ya está compilado.
Generando instancia con t17.par...
 no commodity capacity
 *************************************
 Writing output to file out                                     
 End of writing.
Instancia generada: 400 nodos, 1600 arcos y 10650 productos.
Ejecutando solver: solver_columnas_e2.py
Los resultados se guardarán en /Users/alfonsocid/Desktop/Repo Capstone/resultados/t17_solver_columnas_e2.txt
Filtro de conectividad: 313 productos sin camino eliminados.
Filtro de conectividad: 10650 -> 10337 productos.
Filtro de conectividad: productos eliminados (muestra): [42, 58, 64, 94, 113, 138, 145, 213, 216, 222, 258, 273, 307, 325, 368, 400, 441, 449, 581, 600] ...
Filtro de conectividad: red original preservada y verificacion final superada.
Nodos: 400
Arcos: 1600
Productos: 10650

Solver E2: partida congestion-aware + pricing C++ + gap certificado
Productos: 10337 | Arcos: 1600
ETA: 25 | Gap objetivo: 1%
Construyendo el problema maestro restringido...
Set parameter Username
Set parameter LicenseID to value 2855691
Academic license - for non-commercial use only - expires 2027-08-24
Set parameter Method to value 0
Calculando caminos iniciales congestion-aware...
Caminos iniciales listos: 10337 columnas en 0.09s.
Iteración 1: resolviendo maestro con 10337 columnas...
Iteración 1: z=0.73436835 | cota inferior=0.49234368 | gap=49.1577% | columnas=10361 | nuevas=24 | costo reducido=-2.127e-04 | maestro=0.01s | pricing=0.03s
Iteración 2: resolviendo maestro con 10361 columnas...
Iteración 2: z=0.68162879 | cota inferior=0.49234368 | gap=38.4457% | columnas=10442 | nuevas=81 | costo reducido=-1.894e-04 | maestro=0.01s | pricing=0.04s
Iteración 3: resolviendo maestro con 10442 columnas...
Iteración 3: z=0.60548387 | cota inferior=0.49419355 | gap=22.5196% | columnas=10449 | nuevas=7 | costo reducido=-3.226e-04 | maestro=0.01s | pricing=0.03s
Iteración 4: resolviendo maestro con 10449 columnas...
Iteración 4: z=0.59441624 | cota inferior=0.49419355 | gap=20.2800% | columnas=10534 | nuevas=85 | costo reducido=-1.692e-04 | maestro=0.01s | pricing=0.03s
Iteración 5: resolviendo maestro con 10534 columnas...
Iteración 5: z=0.59347103 | cota inferior=0.49419355 | gap=20.0888% | columnas=10680 | nuevas=146 | costo reducido=-8.752e-05 | maestro=0.01s | pricing=0.03s
Iteración 6: resolviendo maestro con 10680 columnas...
Iteración 6: z=0.58808161 | cota inferior=0.49419355 | gap=18.9982% | columnas=10785 | nuevas=105 | costo reducido=-1.244e-04 | maestro=0.01s | pricing=0.04s
Iteración 7: resolviendo maestro con 10785 columnas...
Iteración 7: z=0.57104223 | cota inferior=0.49419355 | gap=15.5503% | columnas=10815 | nuevas=30 | costo reducido=-2.080e-04 | maestro=0.01s | pricing=0.03s
Iteración 8: resolviendo maestro con 10815 columnas...
Iteración 8: z=0.56339732 | cota inferior=0.49419355 | gap=14.0034% | columnas=10966 | nuevas=151 | costo reducido=-8.066e-05 | maestro=0.01s | pricing=0.03s
Iteración 9: resolviendo maestro con 10966 columnas...
Iteración 9: z=0.54853939 | cota inferior=0.49419355 | gap=10.9969% | columnas=10979 | nuevas=13 | costo reducido=-2.951e-04 | maestro=0.01s | pricing=0.04s
Iteración 10: resolviendo maestro con 10979 columnas...
Iteración 10: z=0.54545455 | cota inferior=0.49419355 | gap=10.3727% | columnas=11130 | nuevas=151 | costo reducido=-7.421e-05 | maestro=0.01s | pricing=0.03s
Iteración 11: resolviendo maestro con 11130 columnas...
Iteración 11: z=0.53351410 | cota inferior=0.49419355 | gap=7.9565% | columnas=11244 | nuevas=114 | costo reducido=-1.085e-04 | maestro=0.01s | pricing=0.03s
Iteración 12: resolviendo maestro con 11244 columnas...
Iteración 12: z=0.53118202 | cota inferior=0.49419355 | gap=7.4846% | columnas=11247 | nuevas=3 | costo reducido=-3.626e-04 | maestro=0.01s | pricing=0.04s
Iteración 13: resolviendo maestro con 11247 columnas...
Iteración 13: z=0.52981995 | cota inferior=0.49419355 | gap=7.2090% | columnas=11308 | nuevas=61 | costo reducido=-1.875e-04 | maestro=0.01s | pricing=0.03s
Iteración 14: resolviendo maestro con 11308 columnas...
Iteración 14: z=0.52811669 | cota inferior=0.49419355 | gap=6.8643% | columnas=11430 | nuevas=122 | costo reducido=-9.173e-05 | maestro=0.01s | pricing=0.05s
Iteración 15: resolviendo maestro con 11430 columnas...
Iteración 15: z=0.52563447 | cota inferior=0.49419355 | gap=6.3621% | columnas=11568 | nuevas=138 | costo reducido=-5.117e-05 | maestro=0.01s | pricing=0.04s
Iteración 16: resolviendo maestro con 11568 columnas...
Iteración 16: z=0.51805741 | cota inferior=0.49419355 | gap=4.8288% | columnas=11679 | nuevas=111 | costo reducido=-1.029e-04 | maestro=0.01s | pricing=0.05s
Iteración 17: resolviendo maestro con 11679 columnas...
Iteración 17: z=0.51359643 | cota inferior=0.49419355 | gap=3.9262% | columnas=11760 | nuevas=81 | costo reducido=-1.395e-04 | maestro=0.01s | pricing=0.03s
Iteración 18: resolviendo maestro con 11760 columnas...
Iteración 18: z=0.50826028 | cota inferior=0.49419355 | gap=2.8464% | columnas=12077 | nuevas=317 | costo reducido=-2.810e-05 | maestro=0.02s | pricing=0.04s
Iteración 19: resolviendo maestro con 12077 columnas...
Iteración 19: z=0.50459154 | cota inferior=0.49419355 | gap=2.1040% | columnas=12200 | nuevas=123 | costo reducido=-9.566e-05 | maestro=0.01s | pricing=0.03s
Iteración 20: resolviendo maestro con 12200 columnas...
Iteración 20: z=0.50374120 | cota inferior=0.49419355 | gap=1.9320% | columnas=12300 | nuevas=100 | costo reducido=-1.100e-04 | maestro=0.01s | pricing=0.03s
Iteración 21: resolviendo maestro con 12300 columnas...
Iteración 21: z=0.50341113 | cota inferior=0.49419355 | gap=1.8652% | columnas=12303 | nuevas=3 | costo reducido=-3.591e-04 | maestro=0.01s | pricing=0.04s
Iteración 22: resolviendo maestro con 12303 columnas...
Iteración 22: z=0.49879776 | cota inferior=0.49419355 | gap=0.9317% | columnas=12303 | nuevas=0 | costo reducido=-1.336e-04 | maestro=0.02s | pricing=0.03s

Solución con error relativo certificado de a lo sumo 1%
Congestión máxima: 0.49879776 (49.88%)
Cota superior: 0.49879776
Cota inferior: 0.49419355
Gap certificado: 0.931661%
Iteraciones: 22 | Columnas: 12303
Tiempo total: 1.19 segundos

Diez arcos más congestionados:
Arco 105: 29 -> 141 | flujo=1454.49 | capacidad=2916 | congestión=0.4988
Arco 242: 62 -> 43 | flujo=2803.74 | capacidad=5621 | congestión=0.4988
Arco 443: 110 -> 74 | flujo=2594.25 | capacidad=5201 | congestión=0.4988
Arco 311: 78 -> 105 | flujo=3537.47 | capacidad=7092 | congestión=0.4988
Arco 387: 95 -> 75 | flujo=1323.31 | capacidad=2653 | congestión=0.4988
Arco 500: 125 -> 66 | flujo=2594.25 | capacidad=5201 | congestión=0.4988
Arco 561: 142 -> 335 | flujo=1389.15 | capacidad=2785 | congestión=0.4988
Arco 702: 175 -> 12 | flujo=1375.68 | capacidad=2758 | congestión=0.4988
Arco 753: 187 -> 263 | flujo=1546.27 | capacidad=3100 | congestión=0.4988
Arco 1014: 253 -> 37 | flujo=1690.43 | capacidad=3389 | congestión=0.4988

==========================================================
RESUMEN DE EJECUCION — KPI
==========================================================
Instancia: t17 (400 nodos, 1600 arcos, 10650 productos)
Solver: solver_columnas_e2.py
Estado: completado
Tiempo de pared del proceso: 1.45 s
Tiempo de CPU acumulado: 1.47 s
Uso medio aproximado de CPU: 101.5%
Memoria residente maxima observada: 130.95 MB
Tiempo interno del algoritmo: 1.19 s
Objetivo/congestion: 0.49879776
Cota superior: 0.49879776
Cota inferior: 0.49419355
Gap certificado: 0.931661%
Iteraciones: 22
Columnas finales: 12303
Resultado guardado en: /Users/alfonsocid/Desktop/Repo Capstone/resultados/t17_solver_columnas_e2.txt
==========================================================
GUARDADO | resultados E2/E2_Method0_T1-T100/t17_solver_columnas_e2_method0.txt

EJECUTANDO | t18 | E2 | Method=0
Mulgen ya está compilado.
Generando instancia con t18.par...
 no commodity capacity
 *************************************
 Writing output to file out                                     
 End of writing.
Instancia generada: 400 nodos, 1600 arcos y 10650 productos.
Ejecutando solver: solver_columnas_e2.py
Los resultados se guardarán en /Users/alfonsocid/Desktop/Repo Capstone/resultados/t18_solver_columnas_e2.txt
Filtro de conectividad: 317 productos sin camino eliminados.
Filtro de conectividad: 10650 -> 10333 productos.
Filtro de conectividad: productos eliminados (muestra): [1, 28, 34, 84, 157, 158, 163, 168, 178, 180, 197, 236, 284, 308, 320, 370, 407, 432, 468, 510] ...
Filtro de conectividad: red original preservada y verificacion final superada.
Nodos: 400
Arcos: 1600
Productos: 10650

Solver E2: partida congestion-aware + pricing C++ + gap certificado
Productos: 10333 | Arcos: 1600
ETA: 25 | Gap objetivo: 1%
Construyendo el problema maestro restringido...
Set parameter Username
Set parameter LicenseID to value 2855691
Academic license - for non-commercial use only - expires 2027-08-24
Set parameter Method to value 0
Calculando caminos iniciales congestion-aware...
Caminos iniciales listos: 10333 columnas en 0.10s.
Iteración 1: resolviendo maestro con 10333 columnas...
Iteración 1: z=0.74056857 | cota inferior=0.00000000 | gap=infinito | columnas=10424 | nuevas=91 | costo reducido=-1.788e-04 | maestro=0.01s | pricing=0.03s
Iteración 2: resolviendo maestro con 10424 columnas...
Iteración 2: z=0.71597245 | cota inferior=0.71597245 | gap=0.0000% | columnas=10424 | nuevas=0 | costo reducido=0.000e+00 | maestro=0.01s | pricing=0.05s

Solución óptima certificada
Congestión máxima: 0.71597245 (71.60%)
Cota superior: 0.71597245
Cota inferior: 0.71597245
Gap certificado: 0.000000%
Iteraciones: 2 | Columnas: 10424
Tiempo total: 0.25 segundos

Diez arcos más congestionados:
Arco 340: 81 -> 177 | flujo=2183.00 | capacidad=3049 | congestión=0.7160
Arco 1336: 335 -> 87 | flujo=4004.43 | capacidad=5593 | congestión=0.7160
Arco 877: 218 -> 133 | flujo=8172.00 | capacidad=12432 | congestión=0.6573
Arco 1505: 377 -> 204 | flujo=3075.00 | capacidad=5381 | congestión=0.5715
Arco 198: 47 -> 232 | flujo=4130.00 | capacidad=7475 | congestión=0.5525
Arco 91: 19 -> 374 | flujo=6520.00 | capacidad=11902 | congestión=0.5478
Arco 1507: 377 -> 85 | flujo=1521.00 | capacidad=2784 | congestión=0.5463
Arco 1223: 309 -> 134 | flujo=3787.00 | capacidad=6945 | congestión=0.5453
Arco 1335: 335 -> 257 | flujo=1850.00 | capacidad=3393 | congestión=0.5452
Arco 594: 146 -> 388 | flujo=4762.00 | capacidad=8853 | congestión=0.5379

==========================================================
RESUMEN DE EJECUCION — KPI
==========================================================
Instancia: t18 (400 nodos, 1600 arcos, 10650 productos)
Solver: solver_columnas_e2.py
Estado: completado
Tiempo de pared del proceso: 0.51 s
Tiempo de CPU acumulado: 0.51 s
Uso medio aproximado de CPU: 100.7%
Memoria residente maxima observada: 99.30 MB
Tiempo interno del algoritmo: 0.25 s
Objetivo/congestion: 0.71597245
Cota superior: 0.71597245
Cota inferior: 0.71597245
Gap certificado: 0.0%
Iteraciones: 2
Columnas finales: 10424
Resultado guardado en: /Users/alfonsocid/Desktop/Repo Capstone/resultados/t18_solver_columnas_e2.txt
==========================================================
GUARDADO | resultados E2/E2_Method0_T1-T100/t18_solver_columnas_e2_method0.txt

EJECUTANDO | t19 | E2 | Method=0
Mulgen ya está compilado.
Generando instancia con t19.par...
 no commodity capacity
 *************************************
 Writing output to file out                                     
 End of writing.
Instancia generada: 400 nodos, 1600 arcos y 10650 productos.
Ejecutando solver: solver_columnas_e2.py
Los resultados se guardarán en /Users/alfonsocid/Desktop/Repo Capstone/resultados/t19_solver_columnas_e2.txt
Filtro de conectividad: 368 productos sin camino eliminados.
Filtro de conectividad: 10650 -> 10282 productos.
Filtro de conectividad: productos eliminados (muestra): [5, 18, 24, 26, 42, 69, 85, 119, 183, 196, 226, 268, 301, 348, 420, 432, 466, 467, 526, 572] ...
Filtro de conectividad: red original preservada y verificacion final superada.
Nodos: 400
Arcos: 1600
Productos: 10650

Solver E2: partida congestion-aware + pricing C++ + gap certificado
Productos: 10282 | Arcos: 1600
ETA: 25 | Gap objetivo: 1%
Construyendo el problema maestro restringido...
Set parameter Username
Set parameter LicenseID to value 2855691
Academic license - for non-commercial use only - expires 2027-08-24
Set parameter Method to value 0
Calculando caminos iniciales congestion-aware...
Caminos iniciales listos: 10282 columnas en 0.10s.
Iteración 1: resolviendo maestro con 10282 columnas...
Iteración 1: z=1.05920344 | cota inferior=0.97954790 | gap=8.1319% | columnas=10288 | nuevas=6 | costo reducido=-3.588e-04 | maestro=0.01s | pricing=0.03s
Iteración 2: resolviendo maestro con 10288 columnas...
Iteración 2: z=0.97954790 | cota inferior=0.97954790 | gap=0.0000% | columnas=10288 | nuevas=0 | costo reducido=0.000e+00 | maestro=0.01s | pricing=0.04s

Solución óptima certificada
Congestión máxima: 0.97954790 (97.95%)
Cota superior: 0.97954790
Cota inferior: 0.97954790
Gap certificado: 0.000000%
Iteraciones: 2 | Columnas: 10288
Tiempo total: 0.24 segundos

Diez arcos más congestionados:
Arco 550: 146 -> 297 | flujo=2730.00 | capacidad=2787 | congestión=0.9795
Arco 685: 177 -> 7 | flujo=6184.00 | capacidad=8728 | congestión=0.7085
Arco 809: 203 -> 52 | flujo=3165.00 | capacidad=4706 | congestión=0.6725
Arco 1380: 352 -> 199 | flujo=7260.00 | capacidad=10989 | congestión=0.6607
Arco 43: 11 -> 311 | flujo=6653.00 | capacidad=10384 | congestión=0.6407
Arco 1539: 386 -> 46 | flujo=3416.00 | capacidad=5442 | congestión=0.6277
Arco 869: 222 -> 158 | flujo=6848.00 | capacidad=11935 | congestión=0.5738
Arco 831: 209 -> 50 | flujo=3856.00 | capacidad=6730 | congestión=0.5730
Arco 692: 179 -> 186 | flujo=5811.00 | capacidad=10174 | congestión=0.5712
Arco 1552: 391 -> 29 | flujo=3338.00 | capacidad=5915 | congestión=0.5643

==========================================================
RESUMEN DE EJECUCION — KPI
==========================================================
Instancia: t19 (400 nodos, 1600 arcos, 10650 productos)
Solver: solver_columnas_e2.py
Estado: completado
Tiempo de pared del proceso: 0.51 s
Tiempo de CPU acumulado: 0.51 s
Uso medio aproximado de CPU: 99.3%
Memoria residente maxima observada: 98.02 MB
Tiempo interno del algoritmo: 0.24 s
Objetivo/congestion: 0.9795479
Cota superior: 0.9795479
Cota inferior: 0.9795479
Gap certificado: 0.0%
Iteraciones: 2
Columnas finales: 10288
Resultado guardado en: /Users/alfonsocid/Desktop/Repo Capstone/resultados/t19_solver_columnas_e2.txt
==========================================================
GUARDADO | resultados E2/E2_Method0_T1-T100/t19_solver_columnas_e2_method0.txt

EJECUTANDO | t20 | E2 | Method=0
Mulgen ya está compilado.
Generando instancia con t20.par...
 no commodity capacity
 *************************************
 Writing output to file out                                     
 End of writing.
Instancia generada: 400 nodos, 1600 arcos y 10650 productos.
Ejecutando solver: solver_columnas_e2.py
Los resultados se guardarán en /Users/alfonsocid/Desktop/Repo Capstone/resultados/t20_solver_columnas_e2.txt
Filtro de conectividad: 367 productos sin camino eliminados.
Filtro de conectividad: 10650 -> 10283 productos.
Filtro de conectividad: productos eliminados (muestra): [27, 59, 61, 76, 99, 145, 175, 237, 252, 254, 279, 282, 328, 343, 381, 426, 446, 458, 506, 515] ...
Filtro de conectividad: red original preservada y verificacion final superada.
Nodos: 400
Arcos: 1600
Productos: 10650

Solver E2: partida congestion-aware + pricing C++ + gap certificado
Productos: 10283 | Arcos: 1600
ETA: 25 | Gap objetivo: 1%
Construyendo el problema maestro restringido...
Set parameter Username
Set parameter LicenseID to value 2855691
Academic license - for non-commercial use only - expires 2027-08-24
Set parameter Method to value 0
Calculando caminos iniciales congestion-aware...
Caminos iniciales listos: 10283 columnas en 0.10s.
Iteración 1: resolviendo maestro con 10283 columnas...
Iteración 1: z=0.67238043 | cota inferior=0.66021565 | gap=1.8425% | columnas=10284 | nuevas=1 | costo reducido=-2.765e-04 | maestro=0.01s | pricing=0.03s
Iteración 2: resolviendo maestro con 10284 columnas...
Iteración 2: z=0.66905997 | cota inferior=0.66021565 | gap=1.3396% | columnas=10306 | nuevas=22 | costo reducido=-1.330e-04 | maestro=0.01s | pricing=0.04s
Iteración 3: resolviendo maestro con 10306 columnas...
Iteración 3: z=0.66021565 | cota inferior=0.66021565 | gap=0.0000% | columnas=10306 | nuevas=0 | costo reducido=0.000e+00 | maestro=0.01s | pricing=0.04s

Solución óptima certificada
Congestión máxima: 0.66021565 (66.02%)
Cota superior: 0.66021565
Cota inferior: 0.66021565
Gap certificado: 0.000000%
Iteraciones: 3 | Columnas: 10306
Tiempo total: 0.29 segundos

Diez arcos más congestionados:
Arco 850: 212 -> 93 | flujo=4965.48 | capacidad=7521 | congestión=0.6602
Arco 1161: 290 -> 329 | flujo=2388.00 | capacidad=3617 | congestión=0.6602
Arco 851: 213 -> 212 | flujo=3500.00 | capacidad=6211 | congestión=0.5635
Arco 1401: 348 -> 177 | flujo=4753.00 | capacidad=8674 | congestión=0.5480
Arco 1139: 285 -> 70 | flujo=6417.00 | capacidad=11793 | congestión=0.5441
Arco 185: 49 -> 69 | flujo=6053.00 | capacidad=11321 | congestión=0.5347
Arco 1449: 360 -> 220 | flujo=1503.00 | capacidad=2883 | congestión=0.5213
Arco 331: 82 -> 51 | flujo=3552.00 | capacidad=6945 | congestión=0.5114
Arco 187: 50 -> 331 | flujo=2694.00 | capacidad=5346 | congestión=0.5039
Arco 689: 176 -> 73 | flujo=6456.00 | capacidad=12815 | congestión=0.5038

==========================================================
RESUMEN DE EJECUCION — KPI
==========================================================
Instancia: t20 (400 nodos, 1600 arcos, 10650 productos)
Solver: solver_columnas_e2.py
Estado: completado
Tiempo de pared del proceso: 0.56 s
Tiempo de CPU acumulado: 0.56 s
Uso medio aproximado de CPU: 99.7%
Memoria residente maxima observada: 97.75 MB
Tiempo interno del algoritmo: 0.29 s
Objetivo/congestion: 0.66021565
Cota superior: 0.66021565
Cota inferior: 0.66021565
Gap certificado: 0.0%
Iteraciones: 3
Columnas finales: 10306
Resultado guardado en: /Users/alfonsocid/Desktop/Repo Capstone/resultados/t20_solver_columnas_e2.txt
==========================================================
GUARDADO | resultados E2/E2_Method0_T1-T100/t20_solver_columnas_e2_method0.txt

EJECUTANDO | t21 | E2 | Method=0
Mulgen ya está compilado.
Generando instancia con t21.par...
 no commodity capacity
 *************************************
 Writing output to file out                                     
 End of writing.
Instancia generada: 400 nodos, 1600 arcos y 10650 productos.
Ejecutando solver: solver_columnas_e2.py
Los resultados se guardarán en /Users/alfonsocid/Desktop/Repo Capstone/resultados/t21_solver_columnas_e2.txt
Filtro de conectividad: 459 productos sin camino eliminados.
Filtro de conectividad: 10650 -> 10191 productos.
Filtro de conectividad: productos eliminados (muestra): [3, 4, 81, 84, 87, 89, 100, 141, 212, 255, 259, 325, 369, 402, 420, 432, 458, 460, 494, 514] ...
Filtro de conectividad: red original preservada y verificacion final superada.
Nodos: 400
Arcos: 1600
Productos: 10650

Solver E2: partida congestion-aware + pricing C++ + gap certificado
Productos: 10191 | Arcos: 1600
ETA: 25 | Gap objetivo: 1%
Construyendo el problema maestro restringido...
Set parameter Username
Set parameter LicenseID to value 2855691
Academic license - for non-commercial use only - expires 2027-08-24
Set parameter Method to value 0
Calculando caminos iniciales congestion-aware...
Caminos iniciales listos: 10191 columnas en 0.09s.
Iteración 1: resolviendo maestro con 10191 columnas...
Iteración 1: z=1.03395400 | cota inferior=0.81489595 | gap=26.8817% | columnas=10206 | nuevas=15 | costo reducido=-2.738e-04 | maestro=0.01s | pricing=0.03s
Iteración 2: resolviendo maestro con 10206 columnas...
Iteración 2: z=0.81489595 | cota inferior=0.81489595 | gap=0.0000% | columnas=10206 | nuevas=0 | costo reducido=0.000e+00 | maestro=0.01s | pricing=0.05s

Solución óptima certificada
Congestión máxima: 0.81489595 (81.49%)
Cota superior: 0.81489595
Cota inferior: 0.81489595
Gap certificado: 0.000000%
Iteraciones: 2 | Columnas: 10206
Tiempo total: 0.24 segundos

Diez arcos más congestionados:
Arco 715: 180 -> 24 | flujo=2976.00 | capacidad=3652 | congestión=0.8149
Arco 1274: 319 -> 338 | flujo=1764.00 | capacidad=2752 | congestión=0.6410
Arco 1281: 321 -> 273 | flujo=5423.00 | capacidad=8944 | congestión=0.6063
Arco 1497: 376 -> 379 | flujo=4310.00 | capacidad=7330 | congestión=0.5880
Arco 979: 245 -> 336 | flujo=5262.00 | capacidad=9261 | congestión=0.5682
Arco 1468: 368 -> 147 | flujo=4790.00 | capacidad=8600 | congestión=0.5570
Arco 1498: 377 -> 85 | flujo=2067.00 | capacidad=3758 | congestión=0.5500
Arco 994: 249 -> 388 | flujo=4793.00 | capacidad=8758 | congestión=0.5473
Arco 1127: 281 -> 340 | flujo=6341.00 | capacidad=11616 | congestión=0.5459
Arco 1017: 257 -> 139 | flujo=5185.00 | capacidad=9605 | congestión=0.5398

==========================================================
RESUMEN DE EJECUCION — KPI
==========================================================
Instancia: t21 (400 nodos, 1600 arcos, 10650 productos)
Solver: solver_columnas_e2.py
Estado: completado
Tiempo de pared del proceso: 0.51 s
Tiempo de CPU acumulado: 0.53 s
Uso medio aproximado de CPU: 103.4%
Memoria residente maxima observada: 97.28 MB
Tiempo interno del algoritmo: 0.24 s
Objetivo/congestion: 0.81489595
Cota superior: 0.81489595
Cota inferior: 0.81489595
Gap certificado: 0.0%
Iteraciones: 2
Columnas finales: 10206
Resultado guardado en: /Users/alfonsocid/Desktop/Repo Capstone/resultados/t21_solver_columnas_e2.txt
==========================================================
GUARDADO | resultados E2/E2_Method0_T1-T100/t21_solver_columnas_e2_method0.txt

EJECUTANDO | t22 | E2 | Method=0
Mulgen ya está compilado.
Generando instancia con t22.par...
 no commodity capacity
 *************************************
 Writing output to file out                                     
 End of writing.
Instancia generada: 400 nodos, 1600 arcos y 10650 productos.
Ejecutando solver: solver_columnas_e2.py
Los resultados se guardarán en /Users/alfonsocid/Desktop/Repo Capstone/resultados/t22_solver_columnas_e2.txt
Filtro de conectividad: 406 productos sin camino eliminados.
Filtro de conectividad: 10650 -> 10244 productos.
Filtro de conectividad: productos eliminados (muestra): [28, 29, 59, 89, 103, 166, 181, 225, 239, 248, 250, 295, 341, 384, 435, 441, 452, 576, 601, 609] ...
Filtro de conectividad: red original preservada y verificacion final superada.
Nodos: 400
Arcos: 1600
Productos: 10650

Solver E2: partida congestion-aware + pricing C++ + gap certificado
Productos: 10244 | Arcos: 1600
ETA: 25 | Gap objetivo: 1%
Construyendo el problema maestro restringido...
Set parameter Username
Set parameter LicenseID to value 2855691
Academic license - for non-commercial use only - expires 2027-08-24
Set parameter Method to value 0
Calculando caminos iniciales congestion-aware...
Caminos iniciales listos: 10244 columnas en 0.12s.
Iteración 1: resolviendo maestro con 10244 columnas...
Iteración 1: z=0.70939548 | cota inferior=0.00000000 | gap=infinito | columnas=10383 | nuevas=139 | costo reducido=-1.214e-04 | maestro=0.01s | pricing=0.04s
Iteración 2: resolviendo maestro con 10383 columnas...
Iteración 2: z=0.65189072 | cota inferior=0.00000000 | gap=infinito | columnas=10463 | nuevas=80 | costo reducido=-1.809e-04 | maestro=0.01s | pricing=0.05s
Iteración 3: resolviendo maestro con 10463 columnas...
Iteración 3: z=0.64349776 | cota inferior=0.00000000 | gap=infinito | columnas=10586 | nuevas=123 | costo reducido=-1.246e-04 | maestro=0.01s | pricing=0.04s
Iteración 4: resolviendo maestro con 10586 columnas...
Iteración 4: z=0.59320826 | cota inferior=0.00000000 | gap=infinito | columnas=10699 | nuevas=113 | costo reducido=-1.187e-04 | maestro=0.04s | pricing=0.04s
Iteración 5: resolviendo maestro con 10699 columnas...
Iteración 5: z=0.56095832 | cota inferior=0.16997448 | gap=230.0250% | columnas=10763 | nuevas=64 | costo reducido=-1.418e-04 | maestro=0.01s | pricing=0.04s
Iteración 6: resolviendo maestro con 10763 columnas...
Iteración 6: z=0.55907514 | cota inferior=0.16997448 | gap=228.9171% | columnas=10921 | nuevas=158 | costo reducido=-7.707e-05 | maestro=0.01s | pricing=0.05s
Iteración 7: resolviendo maestro con 10921 columnas...
Iteración 7: z=0.55357830 | cota inferior=0.16997448 | gap=225.6832% | columnas=11051 | nuevas=130 | costo reducido=-9.619e-05 | maestro=0.01s | pricing=0.03s
Iteración 8: resolviendo maestro con 11051 columnas...
Iteración 8: z=0.54371217 | cota inferior=0.37962340 | gap=43.2241% | columnas=11061 | nuevas=10 | costo reducido=-3.362e-04 | maestro=0.01s | pricing=0.07s
Iteración 9: resolviendo maestro con 11061 columnas...
Iteración 9: z=0.53318335 | cota inferior=0.37962340 | gap=40.4506% | columnas=11164 | nuevas=103 | costo reducido=-1.250e-04 | maestro=0.01s | pricing=0.05s
Iteración 10: resolviendo maestro con 11164 columnas...
Iteración 10: z=0.52322370 | cota inferior=0.37962340 | gap=37.8270% | columnas=11309 | nuevas=145 | costo reducido=-8.369e-05 | maestro=0.01s | pricing=0.08s
Iteración 11: resolviendo maestro con 11309 columnas...
Iteración 11: z=0.52190281 | cota inferior=0.48186174 | gap=8.3097% | columnas=11312 | nuevas=3 | costo reducido=-3.422e-04 | maestro=0.01s | pricing=0.04s
Iteración 12: resolviendo maestro con 11312 columnas...
Iteración 12: z=0.51075992 | cota inferior=0.48186174 | gap=5.9972% | columnas=11343 | nuevas=31 | costo reducido=-3.362e-04 | maestro=0.01s | pricing=0.04s
Iteración 13: resolviendo maestro con 11343 columnas...
Iteración 13: z=0.51018998 | cota inferior=0.48186174 | gap=5.8789% | columnas=11414 | nuevas=71 | costo reducido=-1.727e-04 | maestro=0.01s | pricing=0.04s
Iteración 14: resolviendo maestro con 11414 columnas...
Iteración 14: z=0.50163253 | cota inferior=0.50163253 | gap=0.0000% | columnas=11414 | nuevas=0 | costo reducido=0.000e+00 | maestro=0.01s | pricing=0.04s

Solución óptima certificada
Congestión máxima: 0.50163253 (50.16%)
Cota superior: 0.50163253
Cota inferior: 0.50163253
Gap certificado: 0.000000%
Iteraciones: 14 | Columnas: 11414
Tiempo total: 1.02 segundos

Diez arcos más congestionados:
Arco 137: 37 -> 79 | flujo=2310.52 | capacidad=4606 | congestión=0.5016
Arco 212: 57 -> 70 | flujo=4224.75 | capacidad=8422 | congestión=0.5016
Arco 285: 73 -> 74 | flujo=3076.51 | capacidad=6133 | congestión=0.5016
Arco 290: 74 -> 146 | flujo=3960.89 | capacidad=7896 | congestión=0.5016
Arco 418: 105 -> 98 | flujo=6033.64 | capacidad=12028 | congestión=0.5016
Arco 558: 142 -> 60 | flujo=4013.56 | capacidad=8001 | congestión=0.5016
Arco 1070: 266 -> 276 | flujo=2904.45 | capacidad=5790 | congestión=0.5016
Arco 1132: 279 -> 242 | flujo=4224.75 | capacidad=8422 | congestión=0.5016
Arco 1143: 282 -> 255 | flujo=5994.01 | capacidad=11949 | congestión=0.5016
Arco 1230: 306 -> 172 | flujo=3538.52 | capacidad=7054 | congestión=0.5016

==========================================================
RESUMEN DE EJECUCION — KPI
==========================================================
Instancia: t22 (400 nodos, 1600 arcos, 10650 productos)
Solver: solver_columnas_e2.py
Estado: completado
Tiempo de pared del proceso: 1.33 s
Tiempo de CPU acumulado: 1.20 s
Uso medio aproximado de CPU: 90.3%
Memoria residente maxima observada: 107.23 MB
Tiempo interno del algoritmo: 1.02 s
Objetivo/congestion: 0.50163253
Cota superior: 0.50163253
Cota inferior: 0.50163253
Gap certificado: 0.0%
Iteraciones: 14
Columnas finales: 11414
Resultado guardado en: /Users/alfonsocid/Desktop/Repo Capstone/resultados/t22_solver_columnas_e2.txt
==========================================================
GUARDADO | resultados E2/E2_Method0_T1-T100/t22_solver_columnas_e2_method0.txt

EJECUTANDO | t23 | E2 | Method=0
Mulgen ya está compilado.
Generando instancia con t23.par...
 no commodity capacity
 *************************************
 Writing output to file out                                     
 End of writing.
Instancia generada: 400 nodos, 1600 arcos y 10650 productos.
Ejecutando solver: solver_columnas_e2.py
Los resultados se guardarán en /Users/alfonsocid/Desktop/Repo Capstone/resultados/t23_solver_columnas_e2.txt
Filtro de conectividad: 388 productos sin camino eliminados.
Filtro de conectividad: 10650 -> 10262 productos.
Filtro de conectividad: productos eliminados (muestra): [77, 101, 134, 150, 206, 210, 220, 232, 237, 268, 361, 417, 431, 432, 437, 457, 495, 521, 559, 589] ...
Filtro de conectividad: red original preservada y verificacion final superada.
Nodos: 400
Arcos: 1600
Productos: 10650

Solver E2: partida congestion-aware + pricing C++ + gap certificado
Productos: 10262 | Arcos: 1600
ETA: 25 | Gap objetivo: 1%
Construyendo el problema maestro restringido...
Set parameter Username
Set parameter LicenseID to value 2855691
Academic license - for non-commercial use only - expires 2027-08-24
Set parameter Method to value 0
Calculando caminos iniciales congestion-aware...
Caminos iniciales listos: 10262 columnas en 0.10s.
Iteración 1: resolviendo maestro con 10262 columnas...
Iteración 1: z=0.98618696 | cota inferior=0.85512367 | gap=15.3268% | columnas=10272 | nuevas=10 | costo reducido=-3.212e-04 | maestro=0.01s | pricing=0.07s
Iteración 2: resolviendo maestro con 10272 columnas...
Iteración 2: z=0.85512367 | cota inferior=0.85512367 | gap=0.0000% | columnas=10272 | nuevas=0 | costo reducido=0.000e+00 | maestro=0.01s | pricing=0.06s

Solución óptima certificada
Congestión máxima: 0.85512367 (85.51%)
Cota superior: 0.85512367
Cota inferior: 0.85512367
Gap certificado: 0.000000%
Iteraciones: 2 | Columnas: 10272
Tiempo total: 0.30 segundos

Diez arcos más congestionados:
Arco 710: 177 -> 323 | flujo=2662.00 | capacidad=3113 | congestión=0.8551
Arco 1024: 256 -> 203 | flujo=2446.00 | capacidad=3060 | congestión=0.7993
Arco 177: 44 -> 318 | flujo=2320.00 | capacidad=3060 | congestión=0.7582
Arco 87: 22 -> 296 | flujo=7429.00 | capacidad=10084 | congestión=0.7367
Arco 301: 76 -> 286 | flujo=2084.00 | capacidad=2980 | congestión=0.6993
Arco 1300: 321 -> 234 | flujo=8421.00 | capacidad=12931 | congestión=0.6512
Arco 387: 97 -> 90 | flujo=6465.00 | capacidad=10217 | congestión=0.6328
Arco 1503: 374 -> 113 | flujo=1754.00 | capacidad=2927 | congestión=0.5992
Arco 1573: 393 -> 389 | flujo=6865.00 | capacidad=11494 | congestión=0.5973
Arco 1314: 325 -> 328 | flujo=7252.00 | capacidad=12532 | congestión=0.5787

==========================================================
RESUMEN DE EJECUCION — KPI
==========================================================
Instancia: t23 (400 nodos, 1600 arcos, 10650 productos)
Solver: solver_columnas_e2.py
Estado: completado
Tiempo de pared del proceso: 0.63 s
Tiempo de CPU acumulado: 0.56 s
Uso medio aproximado de CPU: 88.6%
Memoria residente maxima observada: 100.30 MB
Tiempo interno del algoritmo: 0.3 s
Objetivo/congestion: 0.85512367
Cota superior: 0.85512367
Cota inferior: 0.85512367
Gap certificado: 0.0%
Iteraciones: 2
Columnas finales: 10272
Resultado guardado en: /Users/alfonsocid/Desktop/Repo Capstone/resultados/t23_solver_columnas_e2.txt
==========================================================
GUARDADO | resultados E2/E2_Method0_T1-T100/t23_solver_columnas_e2_method0.txt

EJECUTANDO | t24 | E2 | Method=0
Mulgen ya está compilado.
Generando instancia con t24.par...
 no commodity capacity
 *************************************
 Writing output to file out                                     
 End of writing.
Instancia generada: 400 nodos, 1600 arcos y 10650 productos.
Ejecutando solver: solver_columnas_e2.py
Los resultados se guardarán en /Users/alfonsocid/Desktop/Repo Capstone/resultados/t24_solver_columnas_e2.txt
Filtro de conectividad: 370 productos sin camino eliminados.
Filtro de conectividad: 10650 -> 10280 productos.
Filtro de conectividad: productos eliminados (muestra): [33, 54, 88, 89, 99, 103, 117, 134, 159, 184, 191, 218, 248, 267, 291, 302, 357, 379, 395, 405] ...
Filtro de conectividad: red original preservada y verificacion final superada.
Nodos: 400
Arcos: 1600
Productos: 10650

Solver E2: partida congestion-aware + pricing C++ + gap certificado
Productos: 10280 | Arcos: 1600
ETA: 25 | Gap objetivo: 1%
Construyendo el problema maestro restringido...
Set parameter Username
Set parameter LicenseID to value 2855691
Academic license - for non-commercial use only - expires 2027-08-24
Set parameter Method to value 0
Calculando caminos iniciales congestion-aware...
Caminos iniciales listos: 10280 columnas en 0.13s.
Iteración 1: resolviendo maestro con 10280 columnas...
Iteración 1: z=1.00605602 | cota inferior=0.99571032 | gap=1.0390% | columnas=10281 | nuevas=1 | costo reducido=-2.523e-04 | maestro=0.01s | pricing=0.03s
Iteración 2: resolviendo maestro con 10281 columnas...
Iteración 2: z=0.99571032 | cota inferior=0.99571032 | gap=0.0000% | columnas=10281 | nuevas=0 | costo reducido=0.000e+00 | maestro=0.01s | pricing=0.09s

Solución óptima certificada
Congestión máxima: 0.99571032 (99.57%)
Cota superior: 0.99571032
Cota inferior: 0.99571032
Gap certificado: 0.000000%
Iteraciones: 2 | Columnas: 10281
Tiempo total: 0.32 segundos

Diez arcos más congestionados:
Arco 332: 92 -> 396 | flujo=3946.00 | capacidad=3963 | congestión=0.9957
Arco 21: 6 -> 269 | flujo=2625.00 | capacidad=3520 | congestión=0.7457
Arco 631: 167 -> 195 | flujo=6767.00 | capacidad=9203 | congestión=0.7353
Arco 1372: 346 -> 201 | flujo=7423.00 | capacidad=11133 | congestión=0.6668
Arco 1538: 385 -> 215 | flujo=7472.00 | capacidad=12149 | congestión=0.6150
Arco 1481: 372 -> 280 | flujo=6088.00 | capacidad=10064 | congestión=0.6049
Arco 813: 213 -> 333 | flujo=5264.00 | capacidad=8734 | congestión=0.6027
Arco 809: 213 -> 69 | flujo=6872.00 | capacidad=11889 | congestión=0.5780
Arco 738: 195 -> 296 | flujo=2638.00 | capacidad=4693 | congestión=0.5621
Arco 990: 256 -> 64 | flujo=3417.00 | capacidad=6127 | congestión=0.5577

==========================================================
RESUMEN DE EJECUCION — KPI
==========================================================
Instancia: t24 (400 nodos, 1600 arcos, 10650 productos)
Solver: solver_columnas_e2.py
Estado: completado
Tiempo de pared del proceso: 0.64 s
Tiempo de CPU acumulado: 0.58 s
Uso medio aproximado de CPU: 90.0%
Memoria residente maxima observada: 97.28 MB
Tiempo interno del algoritmo: 0.32 s
Objetivo/congestion: 0.99571032
Cota superior: 0.99571032
Cota inferior: 0.99571032
Gap certificado: 0.0%
Iteraciones: 2
Columnas finales: 10281
Resultado guardado en: /Users/alfonsocid/Desktop/Repo Capstone/resultados/t24_solver_columnas_e2.txt
==========================================================
GUARDADO | resultados E2/E2_Method0_T1-T100/t24_solver_columnas_e2_method0.txt

EJECUTANDO | t25 | E2 | Method=0
Mulgen ya está compilado.
Generando instancia con t25.par...
 no commodity capacity
 *************************************
 Writing output to file out                                     
 End of writing.
Instancia generada: 400 nodos, 1600 arcos y 10650 productos.
Ejecutando solver: solver_columnas_e2.py
Los resultados se guardarán en /Users/alfonsocid/Desktop/Repo Capstone/resultados/t25_solver_columnas_e2.txt
Filtro de conectividad: 406 productos sin camino eliminados.
Filtro de conectividad: 10650 -> 10244 productos.
Filtro de conectividad: productos eliminados (muestra): [13, 84, 113, 127, 133, 162, 196, 214, 216, 228, 266, 272, 281, 335, 342, 351, 361, 381, 392, 413] ...
Filtro de conectividad: red original preservada y verificacion final superada.
Nodos: 400
Arcos: 1600
Productos: 10650

Solver E2: partida congestion-aware + pricing C++ + gap certificado
Productos: 10244 | Arcos: 1600
ETA: 25 | Gap objetivo: 1%
Construyendo el problema maestro restringido...
Set parameter Username
Set parameter LicenseID to value 2855691
Academic license - for non-commercial use only - expires 2027-08-24
Set parameter Method to value 0
Calculando caminos iniciales congestion-aware...
Caminos iniciales listos: 10244 columnas en 0.10s.
Iteración 1: resolviendo maestro con 10244 columnas...
Iteración 1: z=0.69001867 | cota inferior=0.00000000 | gap=infinito | columnas=10390 | nuevas=146 | costo reducido=-1.098e-04 | maestro=0.01s | pricing=0.03s
Iteración 2: resolviendo maestro con 10390 columnas...
Iteración 2: z=0.58933464 | cota inferior=0.00000000 | gap=infinito | columnas=10532 | nuevas=142 | costo reducido=-9.785e-05 | maestro=0.03s | pricing=0.05s
Iteración 3: resolviendo maestro con 10532 columnas...
Iteración 3: z=0.55412414 | cota inferior=0.00000000 | gap=infinito | columnas=10609 | nuevas=77 | costo reducido=-1.673e-04 | maestro=0.01s | pricing=0.05s
Iteración 4: resolviendo maestro con 10609 columnas...
Iteración 4: z=0.54336368 | cota inferior=0.17505191 | gap=210.4015% | columnas=10658 | nuevas=49 | costo reducido=-1.597e-04 | maestro=0.01s | pricing=0.08s
Iteración 5: resolviendo maestro con 10658 columnas...
Iteración 5: z=0.54221963 | cota inferior=0.18360799 | gap=195.3137% | columnas=10710 | nuevas=52 | costo reducido=-1.458e-04 | maestro=0.01s | pricing=0.04s
Iteración 6: resolviendo maestro con 10710 columnas...
Iteración 6: z=0.53107345 | cota inferior=0.18360799 | gap=189.2431% | columnas=10799 | nuevas=89 | costo reducido=-1.284e-04 | maestro=0.01s | pricing=0.04s
Iteración 7: resolviendo maestro con 10799 columnas...
Iteración 7: z=0.50435493 | cota inferior=0.18360799 | gap=174.6912% | columnas=10882 | nuevas=83 | costo reducido=-1.361e-04 | maestro=0.01s | pricing=0.04s
Iteración 8: resolviendo maestro con 10882 columnas...
Iteración 8: z=0.50064201 | cota inferior=0.18360799 | gap=172.6690% | columnas=10945 | nuevas=63 | costo reducido=-1.284e-04 | maestro=0.01s | pricing=0.04s
Iteración 9: resolviendo maestro con 10945 columnas...
Iteración 9: z=0.50014531 | cota inferior=0.31153734 | gap=60.5410% | columnas=10958 | nuevas=13 | costo reducido=-2.906e-04 | maestro=0.01s | pricing=0.09s
Iteración 10: resolviendo maestro con 10958 columnas...
Iteración 10: z=0.49103835 | cota inferior=0.31153734 | gap=57.6178% | columnas=11011 | nuevas=53 | costo reducido=-1.001e-04 | maestro=0.01s | pricing=0.05s
Iteración 11: resolviendo maestro con 11011 columnas...
Iteración 11: z=0.48749198 | cota inferior=0.31153734 | gap=56.4795% | columnas=11077 | nuevas=66 | costo reducido=-1.604e-04 | maestro=0.01s | pricing=0.04s
Iteración 12: resolviendo maestro con 11077 columnas...
Iteración 12: z=0.48187332 | cota inferior=0.31153734 | gap=54.6759% | columnas=11155 | nuevas=78 | costo reducido=-1.411e-04 | maestro=0.01s | pricing=0.04s
Iteración 13: resolviendo maestro con 11155 columnas...
Iteración 13: z=0.48172133 | cota inferior=0.31153734 | gap=54.6272% | columnas=11210 | nuevas=55 | costo reducido=-2.089e-04 | maestro=0.01s | pricing=0.03s
Iteración 14: resolviendo maestro con 11210 columnas...
Iteración 14: z=0.48129779 | cota inferior=0.44988634 | gap=6.9821% | columnas=11214 | nuevas=4 | costo reducido=-2.067e-04 | maestro=0.01s | pricing=0.04s
Iteración 15: resolviendo maestro con 11214 columnas...
Iteración 15: z=0.46955095 | cota inferior=0.44988634 | gap=4.3710% | columnas=11315 | nuevas=101 | costo reducido=-1.025e-04 | maestro=0.02s | pricing=0.04s
Iteración 16: resolviendo maestro con 11315 columnas...
Iteración 16: z=0.45827327 | cota inferior=0.44988634 | gap=1.8642% | columnas=12884 | nuevas=1569 | costo reducido=-2.371e-05 | maestro=0.07s | pricing=0.07s
Iteración 17: resolviendo maestro con 12884 columnas...
Iteración 17: z=0.45397048 | cota inferior=0.44988634 | gap=0.9078% | columnas=12884 | nuevas=0 | costo reducido=-1.757e-04 | maestro=0.01s | pricing=0.06s

Solución con error relativo certificado de a lo sumo 1%
Congestión máxima: 0.45397048 (45.40%)
Cota superior: 0.45397048
Cota inferior: 0.44988634
Gap certificado: 0.907817%
Iteraciones: 17 | Columnas: 12884
Tiempo total: 1.25 segundos

Diez arcos más congestionados:
Arco 1009: 255 -> 110 | flujo=4533.80 | capacidad=9987 | congestión=0.4540
Arco 1494: 376 -> 303 | flujo=2971.69 | capacidad=6546 | congestión=0.4540
Arco 9: 3 -> 119 | flujo=3206.85 | capacidad=7064 | congestión=0.4540
Arco 239: 62 -> 92 | flujo=2161.35 | capacidad=4761 | congestión=0.4540
Arco 294: 74 -> 2 | flujo=3535.52 | capacidad=7788 | congestión=0.4540
Arco 332: 82 -> 84 | flujo=1303.80 | capacidad=2872 | congestión=0.4540
Arco 372: 93 -> 104 | flujo=5767.24 | capacidad=12704 | congestión=0.4540
Arco 424: 108 -> 377 | flujo=4428.03 | capacidad=9754 | congestión=0.4540
Arco 425: 108 -> 187 | flujo=3335.78 | capacidad=7348 | congestión=0.4540
Arco 431: 110 -> 157 | flujo=4428.03 | capacidad=9754 | congestión=0.4540

==========================================================
RESUMEN DE EJECUCION — KPI
==========================================================
Instancia: t25 (400 nodos, 1600 arcos, 10650 productos)
Solver: solver_columnas_e2.py
Estado: completado
Tiempo de pared del proceso: 1.63 s
Tiempo de CPU acumulado: 1.45 s
Uso medio aproximado de CPU: 89.1%
Memoria residente maxima observada: 125.53 MB
Tiempo interno del algoritmo: 1.25 s
Objetivo/congestion: 0.45397048
Cota superior: 0.45397048
Cota inferior: 0.44988634
Gap certificado: 0.907817%
Iteraciones: 17
Columnas finales: 12884
Resultado guardado en: /Users/alfonsocid/Desktop/Repo Capstone/resultados/t25_solver_columnas_e2.txt
==========================================================
GUARDADO | resultados E2/E2_Method0_T1-T100/t25_solver_columnas_e2_method0.txt

EJECUTANDO | t26 | E2 | Method=0
Mulgen ya está compilado.
Generando instancia con t26.par...
 no commodity capacity
 *************************************
 Writing output to file out                                     
 End of writing.
Instancia generada: 400 nodos, 1600 arcos y 10650 productos.
Ejecutando solver: solver_columnas_e2.py
Los resultados se guardarán en /Users/alfonsocid/Desktop/Repo Capstone/resultados/t26_solver_columnas_e2.txt
Filtro de conectividad: 347 productos sin camino eliminados.
Filtro de conectividad: 10650 -> 10303 productos.
Filtro de conectividad: productos eliminados (muestra): [41, 115, 174, 196, 202, 203, 244, 249, 260, 310, 316, 358, 379, 395, 398, 458, 481, 497, 520, 560] ...
Filtro de conectividad: red original preservada y verificacion final superada.
Nodos: 400
Arcos: 1600
Productos: 10650

Solver E2: partida congestion-aware + pricing C++ + gap certificado
Productos: 10303 | Arcos: 1600
ETA: 25 | Gap objetivo: 1%
Construyendo el problema maestro restringido...
Set parameter Username
Set parameter LicenseID to value 2855691
Academic license - for non-commercial use only - expires 2027-08-24
Set parameter Method to value 0
Calculando caminos iniciales congestion-aware...
Caminos iniciales listos: 10303 columnas en 0.13s.
Iteración 1: resolviendo maestro con 10303 columnas...
Iteración 1: z=0.75923483 | cota inferior=0.75923483 | gap=0.0000% | columnas=10303 | nuevas=0 | costo reducido=0.000e+00 | maestro=0.01s | pricing=0.04s

Solución óptima certificada
Congestión máxima: 0.75923483 (75.92%)
Cota superior: 0.75923483
Cota inferior: 0.75923483
Gap certificado: 0.000000%
Iteraciones: 1 | Columnas: 10303
Tiempo total: 0.23 segundos

Diez arcos más congestionados:
Arco 113: 34 -> 272 | flujo=2302.00 | capacidad=3032 | congestión=0.7592
Arco 1576: 395 -> 96 | flujo=2751.00 | capacidad=3837 | congestión=0.7170
Arco 908: 231 -> 63 | flujo=4130.00 | capacidad=6063 | congestión=0.6812
Arco 1578: 396 -> 346 | flujo=4081.00 | capacidad=6600 | congestión=0.6183
Arco 1335: 340 -> 350 | flujo=5809.00 | capacidad=10329 | congestión=0.5624
Arco 1520: 383 -> 303 | flujo=5235.00 | capacidad=9417 | congestión=0.5559
Arco 554: 146 -> 47 | flujo=7248.00 | capacidad=13306 | congestión=0.5447
Arco 216: 59 -> 74 | flujo=6064.00 | capacidad=11160 | congestión=0.5434
Arco 1577: 395 -> 279 | flujo=1471.00 | capacidad=2790 | congestión=0.5272
Arco 1497: 379 -> 319 | flujo=4888.00 | capacidad=9309 | congestión=0.5251

==========================================================
RESUMEN DE EJECUCION — KPI
==========================================================
Instancia: t26 (400 nodos, 1600 arcos, 10650 productos)
Solver: solver_columnas_e2.py
Estado: completado
Tiempo de pared del proceso: 0.63 s
Tiempo de CPU acumulado: 0.53 s
Uso medio aproximado de CPU: 84.2%
Memoria residente maxima observada: 90.39 MB
Tiempo interno del algoritmo: 0.23 s
Objetivo/congestion: 0.75923483
Cota superior: 0.75923483
Cota inferior: 0.75923483
Gap certificado: 0.0%
Iteraciones: 1
Columnas finales: 10303
Resultado guardado en: /Users/alfonsocid/Desktop/Repo Capstone/resultados/t26_solver_columnas_e2.txt
==========================================================
GUARDADO | resultados E2/E2_Method0_T1-T100/t26_solver_columnas_e2_method0.txt

EJECUTANDO | t27 | E2 | Method=0
Mulgen ya está compilado.
Generando instancia con t27.par...
 no commodity capacity
 *************************************
 Writing output to file out                                     
 End of writing.
Instancia generada: 400 nodos, 1600 arcos y 10650 productos.
Ejecutando solver: solver_columnas_e2.py
Los resultados se guardarán en /Users/alfonsocid/Desktop/Repo Capstone/resultados/t27_solver_columnas_e2.txt
Filtro de conectividad: 497 productos sin camino eliminados.
Filtro de conectividad: 10650 -> 10153 productos.
Filtro de conectividad: productos eliminados (muestra): [5, 11, 17, 46, 54, 56, 104, 109, 130, 218, 220, 243, 321, 325, 346, 351, 357, 374, 394, 397] ...
Filtro de conectividad: red original preservada y verificacion final superada.
Nodos: 400
Arcos: 1600
Productos: 10650

Solver E2: partida congestion-aware + pricing C++ + gap certificado
Productos: 10153 | Arcos: 1600
ETA: 25 | Gap objetivo: 1%
Construyendo el problema maestro restringido...
Set parameter Username
Set parameter LicenseID to value 2855691
Academic license - for non-commercial use only - expires 2027-08-24
Set parameter Method to value 0
Calculando caminos iniciales congestion-aware...
Caminos iniciales listos: 10153 columnas en 0.13s.
Iteración 1: resolviendo maestro con 10153 columnas...
Iteración 1: z=0.72496172 | cota inferior=0.72496172 | gap=0.0000% | columnas=10153 | nuevas=0 | costo reducido=0.000e+00 | maestro=0.01s | pricing=0.04s

Solución óptima certificada
Congestión máxima: 0.72496172 (72.50%)
Cota superior: 0.72496172
Cota inferior: 0.72496172
Gap certificado: 0.000000%
Iteraciones: 1 | Columnas: 10153
Tiempo total: 0.23 segundos

Diez arcos más congestionados:
Arco 1001: 257 -> 38 | flujo=2367.00 | capacidad=3265 | congestión=0.7250
Arco 172: 46 -> 120 | flujo=6919.00 | capacidad=10803 | congestión=0.6405
Arco 1340: 342 -> 124 | flujo=4706.00 | capacidad=7643 | congestión=0.6157
Arco 1313: 336 -> 260 | flujo=4128.00 | capacidad=6814 | congestión=0.6058
Arco 708: 180 -> 104 | flujo=6267.00 | capacidad=10726 | congestión=0.5843
Arco 709: 180 -> 305 | flujo=5335.00 | capacidad=9145 | congestión=0.5834
Arco 986: 254 -> 260 | flujo=4988.00 | capacidad=8938 | congestión=0.5581
Arco 671: 170 -> 115 | flujo=2920.00 | capacidad=5259 | congestión=0.5552
Arco 1137: 294 -> 159 | flujo=6599.00 | capacidad=12047 | congestión=0.5478
Arco 35: 10 -> 278 | flujo=1813.00 | capacidad=3368 | congestión=0.5383

==========================================================
RESUMEN DE EJECUCION — KPI
==========================================================
Instancia: t27 (400 nodos, 1600 arcos, 10650 productos)
Solver: solver_columnas_e2.py
Estado: completado
Tiempo de pared del proceso: 0.58 s
Tiempo de CPU acumulado: 0.51 s
Uso medio aproximado de CPU: 88.5%
Memoria residente maxima observada: 89.45 MB
Tiempo interno del algoritmo: 0.23 s
Objetivo/congestion: 0.72496172
Cota superior: 0.72496172
Cota inferior: 0.72496172
Gap certificado: 0.0%
Iteraciones: 1
Columnas finales: 10153
Resultado guardado en: /Users/alfonsocid/Desktop/Repo Capstone/resultados/t27_solver_columnas_e2.txt
==========================================================
GUARDADO | resultados E2/E2_Method0_T1-T100/t27_solver_columnas_e2_method0.txt

EJECUTANDO | t28 | E2 | Method=0
Mulgen ya está compilado.
Generando instancia con t28.par...
 no commodity capacity
 *************************************
 Writing output to file out                                     
 End of writing.
Instancia generada: 400 nodos, 1600 arcos y 10650 productos.
Ejecutando solver: solver_columnas_e2.py
Los resultados se guardarán en /Users/alfonsocid/Desktop/Repo Capstone/resultados/t28_solver_columnas_e2.txt
Filtro de conectividad: 459 productos sin camino eliminados.
Filtro de conectividad: 10650 -> 10191 productos.
Filtro de conectividad: productos eliminados (muestra): [4, 45, 55, 62, 64, 103, 110, 120, 128, 140, 156, 189, 192, 214, 242, 274, 287, 288, 300, 311] ...
Filtro de conectividad: red original preservada y verificacion final superada.
Nodos: 400
Arcos: 1600
Productos: 10650

Solver E2: partida congestion-aware + pricing C++ + gap certificado
Productos: 10191 | Arcos: 1600
ETA: 25 | Gap objetivo: 1%
Construyendo el problema maestro restringido...
Set parameter Username
Set parameter LicenseID to value 2855691
Academic license - for non-commercial use only - expires 2027-08-24
Set parameter Method to value 0
Calculando caminos iniciales congestion-aware...
Caminos iniciales listos: 10191 columnas en 0.12s.
Iteración 1: resolviendo maestro con 10191 columnas...
Iteración 1: z=0.64839220 | cota inferior=0.29546653 | gap=119.4469% | columnas=10223 | nuevas=32 | costo reducido=-2.636e-04 | maestro=0.01s | pricing=0.04s
Iteración 2: resolviendo maestro con 10223 columnas...
Iteración 2: z=0.64595661 | cota inferior=0.35478304 | gap=82.0709% | columnas=10249 | nuevas=26 | costo reducido=-2.465e-04 | maestro=0.01s | pricing=0.12s
Iteración 3: resolviendo maestro con 10249 columnas...
Iteración 3: z=0.62513089 | cota inferior=0.35478304 | gap=76.2009% | columnas=10409 | nuevas=160 | costo reducido=-8.726e-05 | maestro=0.01s | pricing=0.04s
Iteración 4: resolviendo maestro con 10409 columnas...
Iteración 4: z=0.59545885 | cota inferior=0.35478304 | gap=67.8375% | columnas=10453 | nuevas=44 | costo reducido=-1.892e-04 | maestro=0.01s | pricing=0.04s
Iteración 5: resolviendo maestro con 10453 columnas...
Iteración 5: z=0.58946032 | cota inferior=0.35478304 | gap=66.1467% | columnas=10555 | nuevas=102 | costo reducido=-1.270e-04 | maestro=0.01s | pricing=0.08s
Iteración 6: resolviendo maestro con 10555 columnas...
Iteración 6: z=0.57155556 | cota inferior=0.36918519 | gap=54.8154% | columnas=10570 | nuevas=15 | costo reducido=-2.963e-04 | maestro=0.01s | pricing=0.05s
Iteración 7: resolviendo maestro con 10570 columnas...
Iteración 7: z=0.56562994 | cota inferior=0.36918519 | gap=53.2104% | columnas=10670 | nuevas=100 | costo reducido=-1.318e-04 | maestro=0.01s | pricing=0.04s
Iteración 8: resolviendo maestro con 10670 columnas...
Iteración 8: z=0.53352933 | cota inferior=0.36918519 | gap=44.5154% | columnas=10722 | nuevas=52 | costo reducido=-1.400e-04 | maestro=0.01s | pricing=0.13s
Iteración 9: resolviendo maestro con 10722 columnas...
Iteración 9: z=0.52333701 | cota inferior=0.36918519 | gap=41.7546% | columnas=10789 | nuevas=67 | costo reducido=-1.838e-04 | maestro=0.01s | pricing=0.04s
Iteración 10: resolviendo maestro con 10789 columnas...
Iteración 10: z=0.51983268 | cota inferior=0.36918519 | gap=40.8054% | columnas=10814 | nuevas=25 | costo reducido=-1.442e-04 | maestro=0.01s | pricing=0.03s
Iteración 11: resolviendo maestro con 10814 columnas...
Iteración 11: z=0.51389854 | cota inferior=0.36918519 | gap=39.1980% | columnas=10878 | nuevas=64 | costo reducido=-1.737e-04 | maestro=0.01s | pricing=0.04s
Iteración 12: resolviendo maestro con 10878 columnas...
Iteración 12: z=0.51285047 | cota inferior=0.36918519 | gap=38.9142% | columnas=10922 | nuevas=44 | costo reducido=-1.669e-04 | maestro=0.01s | pricing=0.04s
Iteración 13: resolviendo maestro con 10922 columnas...
Iteración 13: z=0.50553914 | cota inferior=0.42023634 | gap=20.2988% | columnas=10931 | nuevas=9 | costo reducido=-1.846e-04 | maestro=0.01s | pricing=0.08s
Iteración 14: resolviendo maestro con 10931 columnas...
Iteración 14: z=0.49283379 | cota inferior=0.42023634 | gap=17.2754% | columnas=11016 | nuevas=85 | costo reducido=-1.257e-04 | maestro=0.02s | pricing=0.04s
Iteración 15: resolviendo maestro con 11016 columnas...
Iteración 15: z=0.48391985 | cota inferior=0.42023634 | gap=15.1542% | columnas=11047 | nuevas=31 | costo reducido=-1.684e-04 | maestro=0.01s | pricing=0.04s
Iteración 16: resolviendo maestro con 11047 columnas...
Iteración 16: z=0.47302554 | cota inferior=0.42023634 | gap=12.5618% | columnas=11110 | nuevas=63 | costo reducido=-1.691e-04 | maestro=0.02s | pricing=0.06s
Iteración 17: resolviendo maestro con 11110 columnas...
Iteración 17: z=0.46400760 | cota inferior=0.42023634 | gap=10.4159% | columnas=12331 | nuevas=1221 | costo reducido=-1.638e-05 | maestro=0.04s | pricing=0.06s
Iteración 18: resolviendo maestro con 12331 columnas...
Iteración 18: z=0.45344252 | cota inferior=0.42023634 | gap=7.9018% | columnas=12335 | nuevas=4 | costo reducido=-3.033e-04 | maestro=0.02s | pricing=0.03s
Iteración 19: resolviendo maestro con 12335 columnas...
Iteración 19: z=0.44336749 | cota inferior=0.42023634 | gap=5.5043% | columnas=12347 | nuevas=12 | costo reducido=-2.769e-04 | maestro=0.04s | pricing=0.03s
Iteración 20: resolviendo maestro con 12347 columnas...
Iteración 20: z=0.43979505 | cota inferior=0.42023634 | gap=4.6542% | columnas=12397 | nuevas=50 | costo reducido=-2.135e-04 | maestro=0.02s | pricing=0.07s
Iteración 21: resolviendo maestro con 12397 columnas...
Iteración 21: z=0.43940493 | cota inferior=0.42023634 | gap=4.5614% | columnas=12476 | nuevas=79 | costo reducido=-1.209e-04 | maestro=0.01s | pricing=0.04s
Iteración 22: resolviendo maestro con 12476 columnas...
Iteración 22: z=0.43665959 | cota inferior=0.42023634 | gap=3.9081% | columnas=12507 | nuevas=31 | costo reducido=-3.539e-04 | maestro=0.02s | pricing=0.03s
Iteración 23: resolviendo maestro con 12507 columnas...
Iteración 23: z=0.43543544 | cota inferior=0.42023634 | gap=3.6168% | columnas=12542 | nuevas=35 | costo reducido=-2.730e-04 | maestro=0.02s | pricing=0.04s
Iteración 24: resolviendo maestro con 12542 columnas...
Iteración 24: z=0.43410184 | cota inferior=0.42023634 | gap=3.2995% | columnas=12618 | nuevas=76 | costo reducido=-1.233e-04 | maestro=0.02s | pricing=0.04s
Iteración 25: resolviendo maestro con 12618 columnas...
Iteración 25: z=0.42956036 | cota inferior=0.42023634 | gap=2.2188% | columnas=15534 | nuevas=2916 | costo reducido=-1.214e-05 | maestro=0.14s | pricing=0.07s
Iteración 26: resolviendo maestro con 15534 columnas...
Iteración 26: z=0.42023634 | cota inferior=0.42023634 | gap=0.0000% | columnas=15534 | nuevas=0 | costo reducido=0.000e+00 | maestro=0.08s | pricing=0.05s

Solución óptima certificada
Congestión máxima: 0.42023634 (42.02%)
Cota superior: 0.42023634
Cota inferior: 0.42023634
Gap certificado: 0.000000%
Iteraciones: 26 | Columnas: 15534
Tiempo total: 2.14 segundos

Diez arcos más congestionados:
Arco 106: 25 -> 43 | flujo=2067.14 | capacidad=4919 | congestión=0.4202
Arco 437: 107 -> 120 | flujo=5145.37 | capacidad=12244 | congestión=0.4202
Arco 444: 108 -> 154 | flujo=3122.78 | capacidad=7431 | congestión=0.4202
Arco 29: 8 -> 339 | flujo=2924.84 | capacidad=6960 | congestión=0.4202
Arco 92: 22 -> 20 | flujo=1308.62 | capacidad=3114 | congestión=0.4202
Arco 111: 28 -> 18 | flujo=1550.25 | capacidad=3689 | congestión=0.4202
Arco 134: 32 -> 137 | flujo=3342.56 | capacidad=7954 | congestión=0.4202
Arco 151: 35 -> 243 | flujo=1891.06 | capacidad=4500 | congestión=0.4202
Arco 180: 42 -> 56 | flujo=3298.44 | capacidad=7849 | congestión=0.4202
Arco 190: 45 -> 70 | flujo=1473.35 | capacidad=3506 | congestión=0.4202

==========================================================
RESUMEN DE EJECUCION — KPI
==========================================================
Instancia: t28 (400 nodos, 1600 arcos, 10650 productos)
Solver: solver_columnas_e2.py
Estado: completado
Tiempo de pared del proceso: 2.46 s
Tiempo de CPU acumulado: 2.16 s
Uso medio aproximado de CPU: 87.9%
Memoria residente maxima observada: 119.59 MB
Tiempo interno del algoritmo: 2.14 s
Objetivo/congestion: 0.42023634
Cota superior: 0.42023634
Cota inferior: 0.42023634
Gap certificado: 0.0%
Iteraciones: 26
Columnas finales: 15534
Resultado guardado en: /Users/alfonsocid/Desktop/Repo Capstone/resultados/t28_solver_columnas_e2.txt
==========================================================
GUARDADO | resultados E2/E2_Method0_T1-T100/t28_solver_columnas_e2_method0.txt

EJECUTANDO | t29 | E2 | Method=0
Mulgen ya está compilado.
Generando instancia con t29.par...
 no commodity capacity
 *************************************
 Writing output to file out                                     
 End of writing.
Instancia generada: 400 nodos, 1600 arcos y 10650 productos.
Ejecutando solver: solver_columnas_e2.py
Los resultados se guardarán en /Users/alfonsocid/Desktop/Repo Capstone/resultados/t29_solver_columnas_e2.txt
Filtro de conectividad: 488 productos sin camino eliminados.
Filtro de conectividad: 10650 -> 10162 productos.
Filtro de conectividad: productos eliminados (muestra): [12, 42, 46, 88, 94, 95, 97, 98, 99, 145, 201, 230, 258, 277, 279, 285, 320, 326, 382, 395] ...
Filtro de conectividad: red original preservada y verificacion final superada.
Nodos: 400
Arcos: 1600
Productos: 10650

Solver E2: partida congestion-aware + pricing C++ + gap certificado
Productos: 10162 | Arcos: 1600
ETA: 25 | Gap objetivo: 1%
Construyendo el problema maestro restringido...
Set parameter Username
Set parameter LicenseID to value 2855691
Academic license - for non-commercial use only - expires 2027-08-24
Set parameter Method to value 0
Calculando caminos iniciales congestion-aware...
Caminos iniciales listos: 10162 columnas en 0.09s.
Iteración 1: resolviendo maestro con 10162 columnas...
Iteración 1: z=0.76262793 | cota inferior=0.67448003 | gap=13.0690% | columnas=10167 | nuevas=5 | costo reducido=-3.301e-04 | maestro=0.01s | pricing=0.03s
Iteración 2: resolviendo maestro con 10167 columnas...
Iteración 2: z=0.67448003 | cota inferior=0.67448003 | gap=0.0000% | columnas=10167 | nuevas=0 | costo reducido=0.000e+00 | maestro=0.01s | pricing=0.05s

Solución óptima certificada
Congestión máxima: 0.67448003 (67.45%)
Cota superior: 0.67448003
Cota inferior: 0.67448003
Gap certificado: 0.000000%
Iteraciones: 2 | Columnas: 10167
Tiempo total: 0.25 segundos

Diez arcos más congestionados:
Arco 1213: 307 -> 119 | flujo=2043.00 | capacidad=3029 | congestión=0.6745
Arco 1349: 340 -> 241 | flujo=2595.00 | capacidad=4557 | congestión=0.5695
Arco 1067: 267 -> 238 | flujo=5423.00 | capacidad=9560 | congestión=0.5673
Arco 675: 177 -> 395 | flujo=6392.00 | capacidad=11325 | congestión=0.5644
Arco 626: 163 -> 205 | flujo=6368.00 | capacidad=11298 | congestión=0.5636
Arco 1323: 334 -> 31 | flujo=3826.00 | capacidad=6848 | congestión=0.5587
Arco 704: 182 -> 227 | flujo=1525.00 | capacidad=2818 | congestión=0.5412
Arco 72: 17 -> 177 | flujo=6644.00 | capacidad=12404 | congestión=0.5356
Arco 141: 33 -> 227 | flujo=2151.00 | capacidad=4056 | congestión=0.5303
Arco 393: 101 -> 194 | flujo=2331.00 | capacidad=4451 | congestión=0.5237

==========================================================
RESUMEN DE EJECUCION — KPI
==========================================================
Instancia: t29 (400 nodos, 1600 arcos, 10650 productos)
Solver: solver_columnas_e2.py
Estado: completado
Tiempo de pared del proceso: 0.65 s
Tiempo de CPU acumulado: 0.55 s
Uso medio aproximado de CPU: 84.0%
Memoria residente maxima observada: 97.27 MB
Tiempo interno del algoritmo: 0.25 s
Objetivo/congestion: 0.67448003
Cota superior: 0.67448003
Cota inferior: 0.67448003
Gap certificado: 0.0%
Iteraciones: 2
Columnas finales: 10167
Resultado guardado en: /Users/alfonsocid/Desktop/Repo Capstone/resultados/t29_solver_columnas_e2.txt
==========================================================
GUARDADO | resultados E2/E2_Method0_T1-T100/t29_solver_columnas_e2_method0.txt

EJECUTANDO | t30 | E2 | Method=0
Mulgen ya está compilado.
Generando instancia con t30.par...
 no commodity capacity
 *************************************
 Writing output to file out                                     
 End of writing.
Instancia generada: 400 nodos, 1600 arcos y 10650 productos.
Ejecutando solver: solver_columnas_e2.py
Los resultados se guardarán en /Users/alfonsocid/Desktop/Repo Capstone/resultados/t30_solver_columnas_e2.txt
Filtro de conectividad: 231 productos sin camino eliminados.
Filtro de conectividad: 10650 -> 10419 productos.
Filtro de conectividad: productos eliminados (muestra): [60, 66, 125, 129, 224, 282, 291, 309, 332, 336, 360, 374, 464, 480, 485, 490, 562, 626, 788, 793] ...
Filtro de conectividad: red original preservada y verificacion final superada.
Nodos: 400
Arcos: 1600
Productos: 10650

Solver E2: partida congestion-aware + pricing C++ + gap certificado
Productos: 10419 | Arcos: 1600
ETA: 25 | Gap objetivo: 1%
Construyendo el problema maestro restringido...
Set parameter Username
Set parameter LicenseID to value 2855691
Academic license - for non-commercial use only - expires 2027-08-24
Set parameter Method to value 0
Calculando caminos iniciales congestion-aware...
Caminos iniciales listos: 10419 columnas en 0.10s.
Iteración 1: resolviendo maestro con 10419 columnas...
Iteración 1: z=0.77686436 | cota inferior=0.68790370 | gap=12.9321% | columnas=10428 | nuevas=9 | costo reducido=-2.936e-04 | maestro=0.01s | pricing=0.05s
Iteración 2: resolviendo maestro con 10428 columnas...
Iteración 2: z=0.68790370 | cota inferior=0.68790370 | gap=0.0000% | columnas=10428 | nuevas=0 | costo reducido=0.000e+00 | maestro=0.01s | pricing=0.05s

Solución óptima certificada
Congestión máxima: 0.68790370 (68.79%)
Cota superior: 0.68790370
Cota inferior: 0.68790370
Gap certificado: 0.000000%
Iteraciones: 2 | Columnas: 10428
Tiempo total: 0.28 segundos

Diez arcos más congestionados:
Arco 686: 168 -> 162 | flujo=2343.00 | capacidad=3406 | congestión=0.6879
Arco 534: 136 -> 267 | flujo=3053.00 | capacidad=4938 | congestión=0.6183
Arco 103: 27 -> 230 | flujo=6636.00 | capacidad=11512 | congestión=0.5764
Arco 101: 26 -> 215 | flujo=3234.00 | capacidad=5651 | congestión=0.5723
Arco 1312: 325 -> 363 | flujo=4813.00 | capacidad=8449 | congestión=0.5697
Arco 426: 106 -> 203 | flujo=4586.00 | capacidad=8212 | congestión=0.5585
Arco 255: 65 -> 9 | flujo=3427.00 | capacidad=6337 | congestión=0.5408
Arco 742: 183 -> 264 | flujo=1753.00 | capacidad=3248 | congestión=0.5397
Arco 326: 82 -> 55 | flujo=6118.00 | capacidad=11406 | congestión=0.5364
Arco 752: 187 -> 98 | flujo=2060.00 | capacidad=4014 | congestión=0.5132

==========================================================
RESUMEN DE EJECUCION — KPI
==========================================================
Instancia: t30 (400 nodos, 1600 arcos, 10650 productos)
Solver: solver_columnas_e2.py
Estado: completado
Tiempo de pared del proceso: 0.60 s
Tiempo de CPU acumulado: 0.56 s
Uso medio aproximado de CPU: 93.3%
Memoria residente maxima observada: 97.02 MB
Tiempo interno del algoritmo: 0.28 s
Objetivo/congestion: 0.6879037
Cota superior: 0.6879037
Cota inferior: 0.6879037
Gap certificado: 0.0%
Iteraciones: 2
Columnas finales: 10428
Resultado guardado en: /Users/alfonsocid/Desktop/Repo Capstone/resultados/t30_solver_columnas_e2.txt
==========================================================
GUARDADO | resultados E2/E2_Method0_T1-T100/t30_solver_columnas_e2_method0.txt

EJECUTANDO | t31 | E2 | Method=0
Mulgen ya está compilado.
Generando instancia con t31.par...
 no commodity capacity
 *************************************
 Writing output to file out                                     
 End of writing.
Instancia generada: 400 nodos, 1600 arcos y 10650 productos.
Ejecutando solver: solver_columnas_e2.py
Los resultados se guardarán en /Users/alfonsocid/Desktop/Repo Capstone/resultados/t31_solver_columnas_e2.txt
Filtro de conectividad: 469 productos sin camino eliminados.
Filtro de conectividad: 10650 -> 10181 productos.
Filtro de conectividad: productos eliminados (muestra): [5, 105, 166, 186, 195, 201, 205, 262, 296, 298, 346, 425, 434, 454, 505, 523, 569, 582, 621, 632] ...
Filtro de conectividad: red original preservada y verificacion final superada.
Nodos: 400
Arcos: 1600
Productos: 10650

Solver E2: partida congestion-aware + pricing C++ + gap certificado
Productos: 10181 | Arcos: 1600
ETA: 25 | Gap objetivo: 1%
Construyendo el problema maestro restringido...
Set parameter Username
Set parameter LicenseID to value 2855691
Academic license - for non-commercial use only - expires 2027-08-24
Set parameter Method to value 0
Calculando caminos iniciales congestion-aware...
Caminos iniciales listos: 10181 columnas en 0.14s.
Iteración 1: resolviendo maestro con 10181 columnas...
Iteración 1: z=0.71708185 | cota inferior=0.55409253 | gap=29.4155% | columnas=10191 | nuevas=10 | costo reducido=-3.559e-04 | maestro=0.01s | pricing=0.04s
Iteración 2: resolviendo maestro con 10191 columnas...
Iteración 2: z=0.66316162 | cota inferior=0.55409253 | gap=19.6843% | columnas=10364 | nuevas=173 | costo reducido=-8.836e-05 | maestro=0.01s | pricing=0.10s
Iteración 3: resolviendo maestro con 10364 columnas...
Iteración 3: z=0.56866507 | cota inferior=0.55409253 | gap=2.6300% | columnas=10378 | nuevas=14 | costo reducido=-1.599e-04 | maestro=0.01s | pricing=0.04s
Iteración 4: resolviendo maestro con 10378 columnas...
Iteración 4: z=0.55409253 | cota inferior=0.55409253 | gap=0.0000% | columnas=10378 | nuevas=0 | costo reducido=0.000e+00 | maestro=0.01s | pricing=0.04s

Solución óptima certificada
Congestión máxima: 0.55409253 (55.41%)
Cota superior: 0.55409253
Cota inferior: 0.55409253
Gap certificado: 0.000000%
Iteraciones: 4 | Columnas: 10378
Tiempo total: 0.45 segundos

Diez arcos más congestionados:
Arco 1279: 323 -> 12 | flujo=5095.99 | capacidad=9197 | congestión=0.5541
Arco 667: 153 -> 305 | flujo=3465.85 | capacidad=6255 | congestión=0.5541
Arco 905: 225 -> 259 | flujo=1557.00 | capacidad=2810 | congestión=0.5541
Arco 1236: 310 -> 112 | flujo=6270.67 | capacidad=11317 | congestión=0.5541
Arco 1383: 348 -> 60 | flujo=4317.00 | capacidad=7898 | congestión=0.5466
Arco 942: 235 -> 327 | flujo=4105.00 | capacidad=7527 | congestión=0.5454
Arco 1330: 334 -> 88 | flujo=1645.00 | capacidad=3022 | congestión=0.5443
Arco 901: 223 -> 367 | flujo=5432.00 | capacidad=10045 | congestión=0.5408
Arco 1474: 369 -> 107 | flujo=6188.00 | capacidad=11608 | congestión=0.5331
Arco 1068: 265 -> 186 | flujo=4368.00 | capacidad=8243 | congestión=0.5299

==========================================================
RESUMEN DE EJECUCION — KPI
==========================================================
Instancia: t31 (400 nodos, 1600 arcos, 10650 productos)
Solver: solver_columnas_e2.py
Estado: completado
Tiempo de pared del proceso: 0.71 s
Tiempo de CPU acumulado: 0.65 s
Uso medio aproximado de CPU: 91.0%
Memoria residente maxima observada: 103.50 MB
Tiempo interno del algoritmo: 0.45 s
Objetivo/congestion: 0.55409253
Cota superior: 0.55409253
Cota inferior: 0.55409253
Gap certificado: 0.0%
Iteraciones: 4
Columnas finales: 10378
Resultado guardado en: /Users/alfonsocid/Desktop/Repo Capstone/resultados/t31_solver_columnas_e2.txt
==========================================================
GUARDADO | resultados E2/E2_Method0_T1-T100/t31_solver_columnas_e2_method0.txt

EJECUTANDO | t32 | E2 | Method=0
Mulgen ya está compilado.
Generando instancia con t32.par...
 no commodity capacity
 *************************************
 Writing output to file out                                     
 End of writing.
Instancia generada: 400 nodos, 1600 arcos y 10650 productos.
Ejecutando solver: solver_columnas_e2.py
Los resultados se guardarán en /Users/alfonsocid/Desktop/Repo Capstone/resultados/t32_solver_columnas_e2.txt
Filtro de conectividad: 409 productos sin camino eliminados.
Filtro de conectividad: 10650 -> 10241 productos.
Filtro de conectividad: productos eliminados (muestra): [24, 36, 42, 63, 67, 73, 85, 122, 134, 138, 141, 142, 175, 212, 234, 281, 293, 332, 337, 345] ...
Filtro de conectividad: red original preservada y verificacion final superada.
Nodos: 400
Arcos: 1600
Productos: 10650

Solver E2: partida congestion-aware + pricing C++ + gap certificado
Productos: 10241 | Arcos: 1600
ETA: 25 | Gap objetivo: 1%
Construyendo el problema maestro restringido...
Set parameter Username
Set parameter LicenseID to value 2855691
Academic license - for non-commercial use only - expires 2027-08-24
Set parameter Method to value 0
Calculando caminos iniciales congestion-aware...
Caminos iniciales listos: 10241 columnas en 0.10s.
Iteración 1: resolviendo maestro con 10241 columnas...
Iteración 1: z=0.66422168 | cota inferior=0.63406683 | gap=4.7558% | columnas=10243 | nuevas=2 | costo reducido=-2.717e-04 | maestro=0.01s | pricing=0.03s
Iteración 2: resolviendo maestro con 10243 columnas...
Iteración 2: z=0.63406683 | cota inferior=0.63406683 | gap=0.0000% | columnas=10243 | nuevas=0 | costo reducido=0.000e+00 | maestro=0.01s | pricing=0.04s

Solución óptima certificada
Congestión máxima: 0.63406683 (63.41%)
Cota superior: 0.63406683
Cota inferior: 0.63406683
Gap certificado: 0.000000%
Iteraciones: 2 | Columnas: 10243
Tiempo total: 0.28 segundos

Diez arcos más congestionados:
Arco 1347: 340 -> 127 | flujo=2334.00 | capacidad=3681 | congestión=0.6341
Arco 1245: 311 -> 317 | flujo=4740.00 | capacidad=7519 | congestión=0.6304
Arco 1516: 381 -> 372 | flujo=6323.00 | capacidad=10227 | congestión=0.6183
Arco 368: 100 -> 97 | flujo=3659.00 | capacidad=5994 | congestión=0.6104
Arco 1414: 357 -> 218 | flujo=5543.00 | capacidad=9386 | congestión=0.5906
Arco 1576: 396 -> 1 | flujo=5646.00 | capacidad=9806 | congestión=0.5758
Arco 661: 170 -> 286 | flujo=3695.00 | capacidad=6809 | congestión=0.5427
Arco 891: 229 -> 15 | flujo=2279.00 | capacidad=4259 | congestión=0.5351
Arco 1246: 312 -> 169 | flujo=3756.00 | capacidad=7125 | congestión=0.5272
Arco 373: 102 -> 242 | flujo=2894.00 | capacidad=5574 | congestión=0.5192

==========================================================
RESUMEN DE EJECUCION — KPI
==========================================================
Instancia: t32 (400 nodos, 1600 arcos, 10650 productos)
Solver: solver_columnas_e2.py
Estado: completado
Tiempo de pared del proceso: 0.63 s
Tiempo de CPU acumulado: 0.57 s
Uso medio aproximado de CPU: 89.9%
Memoria residente maxima observada: 96.20 MB
Tiempo interno del algoritmo: 0.28 s
Objetivo/congestion: 0.63406683
Cota superior: 0.63406683
Cota inferior: 0.63406683
Gap certificado: 0.0%
Iteraciones: 2
Columnas finales: 10243
Resultado guardado en: /Users/alfonsocid/Desktop/Repo Capstone/resultados/t32_solver_columnas_e2.txt
==========================================================
GUARDADO | resultados E2/E2_Method0_T1-T100/t32_solver_columnas_e2_method0.txt

EJECUTANDO | t33 | E2 | Method=0
Mulgen ya está compilado.
Generando instancia con t33.par...
 no commodity capacity
 *************************************
 Writing output to file out                                     
 End of writing.
Instancia generada: 400 nodos, 1600 arcos y 10650 productos.
Ejecutando solver: solver_columnas_e2.py
Los resultados se guardarán en /Users/alfonsocid/Desktop/Repo Capstone/resultados/t33_solver_columnas_e2.txt
Filtro de conectividad: 457 productos sin camino eliminados.
Filtro de conectividad: 10650 -> 10193 productos.
Filtro de conectividad: productos eliminados (muestra): [9, 28, 53, 65, 107, 111, 112, 197, 219, 254, 284, 301, 311, 359, 363, 391, 400, 411, 473, 478] ...
Filtro de conectividad: red original preservada y verificacion final superada.
Nodos: 400
Arcos: 1600
Productos: 10650

Solver E2: partida congestion-aware + pricing C++ + gap certificado
Productos: 10193 | Arcos: 1600
ETA: 25 | Gap objetivo: 1%
Construyendo el problema maestro restringido...
Set parameter Username
Set parameter LicenseID to value 2855691
Academic license - for non-commercial use only - expires 2027-08-24
Set parameter Method to value 0
Calculando caminos iniciales congestion-aware...
Caminos iniciales listos: 10193 columnas en 0.10s.
Iteración 1: resolviendo maestro con 10193 columnas...
Iteración 1: z=0.55632071 | cota inferior=0.46581407 | gap=19.4298% | columnas=10202 | nuevas=9 | costo reducido=-2.459e-04 | maestro=0.01s | pricing=0.03s
Iteración 2: resolviendo maestro con 10202 columnas...
Iteración 2: z=0.55344555 | cota inferior=0.46581407 | gap=18.8125% | columnas=10287 | nuevas=85 | costo reducido=-1.439e-04 | maestro=0.01s | pricing=0.07s
Iteración 3: resolviendo maestro con 10287 columnas...
Iteración 3: z=0.54875110 | cota inferior=0.46581407 | gap=17.8047% | columnas=10399 | nuevas=112 | costo reducido=-1.096e-04 | maestro=0.01s | pricing=0.04s
Iteración 4: resolviendo maestro con 10399 columnas...
Iteración 4: z=0.53681710 | cota inferior=0.46581407 | gap=15.2428% | columnas=10473 | nuevas=74 | costo reducido=-1.188e-04 | maestro=0.01s | pricing=0.04s
Iteración 5: resolviendo maestro con 10473 columnas...
Iteración 5: z=0.53492623 | cota inferior=0.46581407 | gap=14.8369% | columnas=10563 | nuevas=90 | costo reducido=-1.306e-04 | maestro=0.01s | pricing=0.04s
Iteración 6: resolviendo maestro con 10563 columnas...
Iteración 6: z=0.52187683 | cota inferior=0.46581407 | gap=12.0354% | columnas=10664 | nuevas=101 | costo reducido=-1.173e-04 | maestro=0.01s | pricing=0.04s
Iteración 7: resolviendo maestro con 10664 columnas...
Iteración 7: z=0.50506831 | cota inferior=0.46581407 | gap=8.4270% | columnas=10693 | nuevas=29 | costo reducido=-2.204e-04 | maestro=0.01s | pricing=0.03s
Iteración 8: resolviendo maestro con 10693 columnas...
Iteración 8: z=0.50315773 | cota inferior=0.46581407 | gap=8.0169% | columnas=10837 | nuevas=144 | costo reducido=-7.702e-05 | maestro=0.01s | pricing=0.04s
Iteración 9: resolviendo maestro con 10837 columnas...
Iteración 9: z=0.50196672 | cota inferior=0.46581407 | gap=7.7612% | columnas=10948 | nuevas=111 | costo reducido=-1.009e-04 | maestro=0.01s | pricing=0.04s
Iteración 10: resolviendo maestro con 10948 columnas...
Iteración 10: z=0.49380906 | cota inferior=0.46581407 | gap=6.0099% | columnas=10975 | nuevas=27 | costo reducido=-1.629e-04 | maestro=0.01s | pricing=0.04s
Iteración 11: resolviendo maestro con 10975 columnas...
Iteración 11: z=0.48684743 | cota inferior=0.46581407 | gap=4.5154% | columnas=11103 | nuevas=128 | costo reducido=-8.094e-05 | maestro=0.01s | pricing=0.04s
Iteración 12: resolviendo maestro con 11103 columnas...
Iteración 12: z=0.47469814 | cota inferior=0.46581407 | gap=1.9072% | columnas=11187 | nuevas=84 | costo reducido=-1.357e-04 | maestro=0.01s | pricing=0.04s
Iteración 13: resolviendo maestro con 11187 columnas...
Iteración 13: z=0.47388291 | cota inferior=0.46581407 | gap=1.7322% | columnas=11318 | nuevas=131 | costo reducido=-6.189e-05 | maestro=0.02s | pricing=0.06s
Iteración 14: resolviendo maestro con 11318 columnas...
Iteración 14: z=0.47359324 | cota inferior=0.46581407 | gap=1.6700% | columnas=11426 | nuevas=108 | costo reducido=-9.602e-05 | maestro=0.01s | pricing=0.04s
Iteración 15: resolviendo maestro con 11426 columnas...
Iteración 15: z=0.46745187 | cota inferior=0.46581407 | gap=0.3516% | columnas=11426 | nuevas=0 | costo reducido=-1.266e-04 | maestro=0.01s | pricing=0.05s

Solución con error relativo certificado de a lo sumo 1%
Congestión máxima: 0.46745187 (46.75%)
Cota superior: 0.46745187
Cota inferior: 0.46581407
Gap certificado: 0.351601%
Iteraciones: 15 | Columnas: 11426
Tiempo total: 0.98 segundos

Diez arcos más congestionados:
Arco 1086: 267 -> 7 | flujo=5272.39 | capacidad=11279 | congestión=0.4675
Arco 25: 7 -> 310 | flujo=4868.04 | capacidad=10414 | congestión=0.4675
Arco 49: 13 -> 133 | flujo=4671.71 | capacidad=9994 | congestión=0.4675
Arco 1265: 312 -> 52 | flujo=1900.66 | capacidad=4066 | congestión=0.4675
Arco 1310: 324 -> 45 | flujo=3752.24 | capacidad=8027 | congestión=0.4675
Arco 1386: 343 -> 215 | flujo=5223.31 | capacidad=11174 | congestión=0.4675
Arco 1437: 356 -> 19 | flujo=5027.44 | capacidad=10755 | congestión=0.4675
Arco 0: 1 -> 99 | flujo=3985.03 | capacidad=8525 | congestión=0.4675
Arco 14: 4 -> 34 | flujo=1508.47 | capacidad=3227 | congestión=0.4675
Arco 152: 36 -> 184 | flujo=6069.40 | capacidad=12984 | congestión=0.4675

==========================================================
RESUMEN DE EJECUCION — KPI
==========================================================
Instancia: t33 (400 nodos, 1600 arcos, 10650 productos)
Solver: solver_columnas_e2.py
Estado: completado
Tiempo de pared del proceso: 1.32 s
Tiempo de CPU acumulado: 1.24 s
Uso medio aproximado de CPU: 94.0%
Memoria residente maxima observada: 119.19 MB
Tiempo interno del algoritmo: 0.98 s
Objetivo/congestion: 0.46745187
Cota superior: 0.46745187
Cota inferior: 0.46581407
Gap certificado: 0.351601%
Iteraciones: 15
Columnas finales: 11426
Resultado guardado en: /Users/alfonsocid/Desktop/Repo Capstone/resultados/t33_solver_columnas_e2.txt
==========================================================
GUARDADO | resultados E2/E2_Method0_T1-T100/t33_solver_columnas_e2_method0.txt

EJECUTANDO | t34 | E2 | Method=0
Mulgen ya está compilado.
Generando instancia con t34.par...
 no commodity capacity
 *************************************
 Writing output to file out                                     
 End of writing.
Instancia generada: 400 nodos, 1600 arcos y 10650 productos.
Ejecutando solver: solver_columnas_e2.py
Los resultados se guardarán en /Users/alfonsocid/Desktop/Repo Capstone/resultados/t34_solver_columnas_e2.txt
Filtro de conectividad: 357 productos sin camino eliminados.
Filtro de conectividad: 10650 -> 10293 productos.
Filtro de conectividad: productos eliminados (muestra): [5, 7, 55, 89, 94, 99, 126, 145, 147, 164, 205, 231, 232, 272, 295, 352, 356, 384, 425, 441] ...
Filtro de conectividad: red original preservada y verificacion final superada.
Nodos: 400
Arcos: 1600
Productos: 10650

Solver E2: partida congestion-aware + pricing C++ + gap certificado
Productos: 10293 | Arcos: 1600
ETA: 25 | Gap objetivo: 1%
Construyendo el problema maestro restringido...
Set parameter Username
Set parameter LicenseID to value 2855691
Academic license - for non-commercial use only - expires 2027-08-24
Set parameter Method to value 0
Calculando caminos iniciales congestion-aware...
Caminos iniciales listos: 10293 columnas en 0.10s.
Iteración 1: resolviendo maestro con 10293 columnas...
Iteración 1: z=0.64467285 | cota inferior=0.11911535 | gap=441.2173% | columnas=10419 | nuevas=126 | costo reducido=-9.177e-05 | maestro=0.01s | pricing=0.04s
Iteración 2: resolviendo maestro con 10419 columnas...
Iteración 2: z=0.59281031 | cota inferior=0.24960434 | gap=137.5000% | columnas=10452 | nuevas=33 | costo reducido=-2.261e-04 | maestro=0.01s | pricing=0.06s
Iteración 3: resolviendo maestro con 10452 columnas...
Iteración 3: z=0.57302685 | cota inferior=0.24960434 | gap=129.5741% | columnas=10551 | nuevas=99 | costo reducido=-1.017e-04 | maestro=0.01s | pricing=0.04s
Iteración 4: resolviendo maestro con 10551 columnas...
Iteración 4: z=0.55855585 | cota inferior=0.24960434 | gap=123.7765% | columnas=10720 | nuevas=169 | costo reducido=-7.522e-05 | maestro=0.01s | pricing=0.04s
Iteración 5: resolviendo maestro con 10720 columnas...
Iteración 5: z=0.55660377 | cota inferior=0.47108285 | gap=18.1541% | columnas=10731 | nuevas=11 | costo reducido=-2.051e-04 | maestro=0.01s | pricing=0.08s
Iteración 6: resolviendo maestro con 10731 columnas...
Iteración 6: z=0.55457931 | cota inferior=0.47108285 | gap=17.7244% | columnas=10850 | nuevas=119 | costo reducido=-9.550e-05 | maestro=0.01s | pricing=0.05s
Iteración 7: resolviendo maestro con 10850 columnas...
Iteración 7: z=0.55419380 | cota inferior=0.47108285 | gap=17.6425% | columnas=10942 | nuevas=92 | costo reducido=-1.277e-04 | maestro=0.01s | pricing=0.03s
Iteración 8: resolviendo maestro con 10942 columnas...
Iteración 8: z=0.54564460 | cota inferior=0.47108285 | gap=15.8277% | columnas=11040 | nuevas=98 | costo reducido=-9.955e-05 | maestro=0.01s | pricing=0.12s
Iteración 9: resolviendo maestro con 11040 columnas...
Iteración 9: z=0.53815261 | cota inferior=0.47108285 | gap=14.2374% | columnas=11072 | nuevas=32 | costo reducido=-1.385e-04 | maestro=0.01s | pricing=0.07s
Iteración 10: resolviendo maestro con 11072 columnas...
Iteración 10: z=0.53373928 | cota inferior=0.47108285 | gap=13.3005% | columnas=11167 | nuevas=95 | costo reducido=-1.243e-04 | maestro=0.01s | pricing=0.05s
Iteración 11: resolviendo maestro con 11167 columnas...
Iteración 11: z=0.52650031 | cota inferior=0.47108285 | gap=11.7638% | columnas=11200 | nuevas=33 | costo reducido=-2.062e-04 | maestro=0.02s | pricing=0.06s
Iteración 12: resolviendo maestro con 11200 columnas...
Iteración 12: z=0.52498160 | cota inferior=0.47108285 | gap=11.4415% | columnas=11325 | nuevas=125 | costo reducido=-8.177e-05 | maestro=0.01s | pricing=0.04s
Iteración 13: resolviendo maestro con 11325 columnas...
Iteración 13: z=0.51610619 | cota inferior=0.49982301 | gap=3.2578% | columnas=11326 | nuevas=1 | costo reducido=-3.540e-04 | maestro=0.01s | pricing=0.03s
Iteración 14: resolviendo maestro con 11326 columnas...
Iteración 14: z=0.50976266 | cota inferior=0.49982301 | gap=1.9886% | columnas=11423 | nuevas=97 | costo reducido=-1.169e-04 | maestro=0.01s | pricing=0.03s
Iteración 15: resolviendo maestro con 11423 columnas...
Iteración 15: z=0.49982301 | cota inferior=0.49982301 | gap=0.0000% | columnas=11423 | nuevas=0 | costo reducido=0.000e+00 | maestro=0.01s | pricing=0.04s

Solución óptima certificada
Congestión máxima: 0.49982301 (49.98%)
Cota superior: 0.49982301
Cota inferior: 0.49982301
Gap certificado: 0.000000%
Iteraciones: 15 | Columnas: 11423
Tiempo total: 1.14 segundos

Diez arcos más congestionados:
Arco 217: 59 -> 57 | flujo=2410.65 | capacidad=4823 | congestión=0.4998
Arco 267: 72 -> 108 | flujo=1931.32 | capacidad=3864 | congestión=0.4998
Arco 39: 9 -> 334 | flujo=5233.65 | capacidad=10471 | congestión=0.4998
Arco 122: 32 -> 109 | flujo=2796.51 | capacidad=5595 | congestión=0.4998
Arco 559: 145 -> 254 | flujo=4274.99 | capacidad=8553 | congestión=0.4998
Arco 599: 155 -> 205 | flujo=4914.26 | capacidad=9832 | congestión=0.4998
Arco 870: 217 -> 127 | flujo=4022.08 | capacidad=8047 | congestión=0.4998
Arco 990: 251 -> 112 | flujo=2437.14 | capacidad=4876 | congestión=0.4998
Arco 1113: 280 -> 294 | flujo=4341.46 | capacidad=8686 | congestión=0.4998
Arco 1245: 309 -> 354 | flujo=5446.57 | capacidad=10897 | congestión=0.4998

==========================================================
RESUMEN DE EJECUCION — KPI
==========================================================
Instancia: t34 (400 nodos, 1600 arcos, 10650 productos)
Solver: solver_columnas_e2.py
Estado: completado
Tiempo de pared del proceso: 1.45 s
Tiempo de CPU acumulado: 1.26 s
Uso medio aproximado de CPU: 86.8%
Memoria residente maxima observada: 109.67 MB
Tiempo interno del algoritmo: 1.14 s
Objetivo/congestion: 0.49982301
Cota superior: 0.49982301
Cota inferior: 0.49982301
Gap certificado: 0.0%
Iteraciones: 15
Columnas finales: 11423
Resultado guardado en: /Users/alfonsocid/Desktop/Repo Capstone/resultados/t34_solver_columnas_e2.txt
==========================================================
GUARDADO | resultados E2/E2_Method0_T1-T100/t34_solver_columnas_e2_method0.txt

EJECUTANDO | t35 | E2 | Method=0
Mulgen ya está compilado.
Generando instancia con t35.par...
 no commodity capacity
 *************************************
 Writing output to file out                                     
 End of writing.
Instancia generada: 400 nodos, 1600 arcos y 10650 productos.
Ejecutando solver: solver_columnas_e2.py
Los resultados se guardarán en /Users/alfonsocid/Desktop/Repo Capstone/resultados/t35_solver_columnas_e2.txt
Filtro de conectividad: 467 productos sin camino eliminados.
Filtro de conectividad: 10650 -> 10183 productos.
Filtro de conectividad: productos eliminados (muestra): [112, 124, 129, 183, 184, 195, 230, 321, 331, 385, 393, 394, 408, 415, 433, 434, 448, 461, 471, 475] ...
Filtro de conectividad: red original preservada y verificacion final superada.
Nodos: 400
Arcos: 1600
Productos: 10650

Solver E2: partida congestion-aware + pricing C++ + gap certificado
Productos: 10183 | Arcos: 1600
ETA: 25 | Gap objetivo: 1%
Construyendo el problema maestro restringido...
Set parameter Username
Set parameter LicenseID to value 2855691
Academic license - for non-commercial use only - expires 2027-08-24
Set parameter Method to value 0
Calculando caminos iniciales congestion-aware...
Caminos iniciales listos: 10183 columnas en 0.10s.
Iteración 1: resolviendo maestro con 10183 columnas...
Iteración 1: z=0.65080957 | cota inferior=0.51397048 | gap=26.6239% | columnas=10207 | nuevas=24 | costo reducido=-1.433e-04 | maestro=0.01s | pricing=0.04s
Iteración 2: resolviendo maestro con 10207 columnas...
Iteración 2: z=0.64062687 | cota inferior=0.51397048 | gap=24.6427% | columnas=10322 | nuevas=115 | costo reducido=-1.196e-04 | maestro=0.01s | pricing=0.05s
Iteración 3: resolviendo maestro con 10322 columnas...
Iteración 3: z=0.56322436 | cota inferior=0.51397048 | gap=9.5830% | columnas=10468 | nuevas=146 | costo reducido=-8.649e-05 | maestro=0.01s | pricing=0.04s
Iteración 4: resolviendo maestro con 10468 columnas...
Iteración 4: z=0.51397048 | cota inferior=0.51397048 | gap=0.0000% | columnas=10468 | nuevas=0 | costo reducido=0.000e+00 | maestro=0.01s | pricing=0.04s

Solución óptima certificada
Congestión máxima: 0.51397048 (51.40%)
Cota superior: 0.51397048
Cota inferior: 0.51397048
Gap certificado: 0.000000%
Iteraciones: 4 | Columnas: 10468
Tiempo total: 0.36 segundos

Diez arcos más congestionados:
Arco 370: 97 -> 65 | flujo=5862.35 | capacidad=11406 | congestión=0.5140
Arco 457: 117 -> 147 | flujo=3587.00 | capacidad=6979 | congestión=0.5140
Arco 702: 172 -> 193 | flujo=5942.53 | capacidad=11562 | congestión=0.5140
Arco 1345: 338 -> 231 | flujo=4296.28 | capacidad=8359 | congestión=0.5140
Arco 399: 103 -> 238 | flujo=3701.00 | capacidad=7292 | congestión=0.5075
Arco 319: 85 -> 153 | flujo=3868.72 | capacidad=7656 | congestión=0.5053
Arco 1435: 360 -> 273 | flujo=6419.00 | capacidad=12917 | congestión=0.4969
Arco 26: 8 -> 34 | flujo=6162.72 | capacidad=12526 | congestión=0.4920
Arco 84: 23 -> 118 | flujo=2791.00 | capacidad=5834 | congestión=0.4784
Arco 815: 207 -> 317 | flujo=1365.00 | capacidad=2891 | congestión=0.4722

==========================================================
RESUMEN DE EJECUCION — KPI
==========================================================
Instancia: t35 (400 nodos, 1600 arcos, 10650 productos)
Solver: solver_columnas_e2.py
Estado: completado
Tiempo de pared del proceso: 0.70 s
Tiempo de CPU acumulado: 0.64 s
Uso medio aproximado de CPU: 91.4%
Memoria residente maxima observada: 101.38 MB
Tiempo interno del algoritmo: 0.36 s
Objetivo/congestion: 0.51397048
Cota superior: 0.51397048
Cota inferior: 0.51397048
Gap certificado: 0.0%
Iteraciones: 4
Columnas finales: 10468
Resultado guardado en: /Users/alfonsocid/Desktop/Repo Capstone/resultados/t35_solver_columnas_e2.txt
==========================================================
GUARDADO | resultados E2/E2_Method0_T1-T100/t35_solver_columnas_e2_method0.txt

EJECUTANDO | t36 | E2 | Method=0
Mulgen ya está compilado.
Generando instancia con t36.par...
 no commodity capacity
 *************************************
 Writing output to file out                                     
 End of writing.
Instancia generada: 400 nodos, 1600 arcos y 10650 productos.
Ejecutando solver: solver_columnas_e2.py
Los resultados se guardarán en /Users/alfonsocid/Desktop/Repo Capstone/resultados/t36_solver_columnas_e2.txt
Filtro de conectividad: 354 productos sin camino eliminados.
Filtro de conectividad: 10650 -> 10296 productos.
Filtro de conectividad: productos eliminados (muestra): [107, 200, 216, 233, 421, 425, 426, 436, 493, 516, 558, 631, 651, 663, 685, 731, 743, 834, 853, 920] ...
Filtro de conectividad: red original preservada y verificacion final superada.
Nodos: 400
Arcos: 1600
Productos: 10650

Solver E2: partida congestion-aware + pricing C++ + gap certificado
Productos: 10296 | Arcos: 1600
ETA: 25 | Gap objetivo: 1%
Construyendo el problema maestro restringido...
Set parameter Username
Set parameter LicenseID to value 2855691
Academic license - for non-commercial use only - expires 2027-08-24
Set parameter Method to value 0
Calculando caminos iniciales congestion-aware...
Caminos iniciales listos: 10296 columnas en 0.11s.
Iteración 1: resolviendo maestro con 10296 columnas...
Iteración 1: z=0.68804851 | cota inferior=0.00000000 | gap=infinito | columnas=10391 | nuevas=95 | costo reducido=-1.596e-04 | maestro=0.01s | pricing=0.05s
Iteración 2: resolviendo maestro con 10391 columnas...
Iteración 2: z=0.68443680 | cota inferior=0.18429349 | gap=271.3841% | columnas=10476 | nuevas=85 | costo reducido=-1.433e-04 | maestro=0.01s | pricing=0.06s
Iteración 3: resolviendo maestro con 10476 columnas...
Iteración 3: z=0.56000487 | cota inferior=0.18429349 | gap=203.8658% | columnas=10580 | nuevas=104 | costo reducido=-1.217e-04 | maestro=0.01s | pricing=0.04s
Iteración 4: resolviendo maestro con 10580 columnas...
Iteración 4: z=0.55423441 | cota inferior=0.18429349 | gap=200.7347% | columnas=10679 | nuevas=99 | costo reducido=-1.213e-04 | maestro=0.01s | pricing=0.04s
Iteración 5: resolviendo maestro con 10679 columnas...
Iteración 5: z=0.55394379 | cota inferior=0.18429349 | gap=200.5770% | columnas=10796 | nuevas=117 | costo reducido=-1.007e-04 | maestro=0.01s | pricing=0.04s
Iteración 6: resolviendo maestro con 10796 columnas...
Iteración 6: z=0.54735467 | cota inferior=0.18429349 | gap=197.0016% | columnas=10927 | nuevas=131 | costo reducido=-9.331e-05 | maestro=0.01s | pricing=0.05s
Iteración 7: resolviendo maestro con 10927 columnas...
Iteración 7: z=0.53294385 | cota inferior=0.18429349 | gap=189.1821% | columnas=10999 | nuevas=72 | costo reducido=-1.623e-04 | maestro=0.01s | pricing=0.04s
Iteración 8: resolviendo maestro con 10999 columnas...
Iteración 8: z=0.52501800 | cota inferior=0.18429349 | gap=184.8815% | columnas=11064 | nuevas=65 | costo reducido=-1.800e-04 | maestro=0.01s | pricing=0.04s
Iteración 9: resolviendo maestro con 11064 columnas...
Iteración 9: z=0.50355048 | cota inferior=0.40197592 | gap=25.2688% | columnas=11071 | nuevas=7 | costo reducido=-3.087e-04 | maestro=0.04s | pricing=0.06s
Iteración 10: resolviendo maestro con 11071 columnas...
Iteración 10: z=0.50235791 | cota inferior=0.40903450 | gap=22.8155% | columnas=11079 | nuevas=8 | costo reducido=-2.482e-04 | maestro=0.01s | pricing=0.04s
Iteración 11: resolviendo maestro con 11079 columnas...
Iteración 11: z=0.50099502 | cota inferior=0.40903450 | gap=22.4823% | columnas=11149 | nuevas=70 | costo reducido=-1.658e-04 | maestro=0.01s | pricing=0.04s
Iteración 12: resolviendo maestro con 11149 columnas...
Iteración 12: z=0.49229958 | cota inferior=0.40903450 | gap=20.3565% | columnas=11250 | nuevas=101 | costo reducido=-1.055e-04 | maestro=0.01s | pricing=0.05s
Iteración 13: resolviendo maestro con 11250 columnas...
Iteración 13: z=0.49044079 | cota inferior=0.40903450 | gap=19.9021% | columnas=11267 | nuevas=17 | costo reducido=-2.655e-04 | maestro=0.01s | pricing=0.08s
Iteración 14: resolviendo maestro con 11267 columnas...
Iteración 14: z=0.48991218 | cota inferior=0.40903450 | gap=19.7728% | columnas=11308 | nuevas=41 | costo reducido=-2.374e-04 | maestro=0.01s | pricing=0.05s
Iteración 15: resolviendo maestro con 11308 columnas...
Iteración 15: z=0.48731306 | cota inferior=0.40903450 | gap=19.1374% | columnas=11347 | nuevas=39 | costo reducido=-1.680e-04 | maestro=0.01s | pricing=0.04s
Iteración 16: resolviendo maestro con 11347 columnas...
Iteración 16: z=0.47330859 | cota inferior=0.40903450 | gap=15.7136% | columnas=11384 | nuevas=37 | costo reducido=-2.855e-04 | maestro=0.03s | pricing=0.04s
Iteración 17: resolviendo maestro con 11384 columnas...
Iteración 17: z=0.47246813 | cota inferior=0.40903450 | gap=15.5081% | columnas=11507 | nuevas=123 | costo reducido=-8.853e-05 | maestro=0.01s | pricing=0.04s
Iteración 18: resolviendo maestro con 11507 columnas...
Iteración 18: z=0.47211769 | cota inferior=0.40903450 | gap=15.4225% | columnas=11569 | nuevas=62 | costo reducido=-1.711e-04 | maestro=0.01s | pricing=0.04s
Iteración 19: resolviendo maestro con 11569 columnas...
Iteración 19: z=0.47142073 | cota inferior=0.40903450 | gap=15.2521% | columnas=12686 | nuevas=1117 | costo reducido=-2.286e-05 | maestro=0.01s | pricing=0.06s
Iteración 20: resolviendo maestro con 12686 columnas...
Iteración 20: z=0.45411392 | cota inferior=0.40903450 | gap=11.0209% | columnas=12752 | nuevas=66 | costo reducido=-1.582e-04 | maestro=0.07s | pricing=0.05s
Iteración 21: resolviendo maestro con 12752 columnas...
Iteración 21: z=0.45386467 | cota inferior=0.40903450 | gap=10.9600% | columnas=12763 | nuevas=11 | costo reducido=-2.675e-04 | maestro=0.01s | pricing=0.04s
Iteración 22: resolviendo maestro con 12763 columnas...
Iteración 22: z=0.44584284 | cota inferior=0.40903450 | gap=8.9988% | columnas=15624 | nuevas=2861 | costo reducido=-1.520e-05 | maestro=0.11s | pricing=0.07s
Iteración 23: resolviendo maestro con 15624 columnas...
Iteración 23: z=0.41903964 | cota inferior=0.40903450 | gap=2.4460% | columnas=15634 | nuevas=10 | costo reducido=-2.792e-04 | maestro=0.61s | pricing=0.05s
Iteración 24: resolviendo maestro con 15634 columnas...
Iteración 24: z=0.41884818 | cota inferior=0.40903450 | gap=2.3992% | columnas=20055 | nuevas=4421 | costo reducido=-7.318e-06 | maestro=0.11s | pricing=0.09s
Iteración 25: resolviendo maestro con 20055 columnas...
Iteración 25: z=0.40903450 | cota inferior=0.40903450 | gap=0.0000% | columnas=20055 | nuevas=0 | costo reducido=0.000e+00 | maestro=0.20s | pricing=0.08s

Solución óptima certificada
Congestión máxima: 0.40903450 (40.90%)
Cota superior: 0.40903450
Cota inferior: 0.40903450
Gap certificado: 0.000000%
Iteraciones: 25 | Columnas: 20055
Tiempo total: 2.76 segundos

Diez arcos más congestionados:
Arco 98: 26 -> 115 | flujo=4631.50 | capacidad=11323 | congestión=0.4090
Arco 283: 75 -> 238 | flujo=2035.76 | capacidad=4977 | congestión=0.4090
Arco 305: 82 -> 38 | flujo=4685.08 | capacidad=11454 | congestión=0.4090
Arco 351: 94 -> 129 | flujo=1195.61 | capacidad=2923 | congestión=0.4090
Arco 416: 110 -> 307 | flujo=1077.40 | capacidad=2634 | congestión=0.4090
Arco 667: 175 -> 128 | flujo=3274.32 | capacidad=8005 | congestión=0.4090
Arco 771: 201 -> 9 | flujo=1324.86 | capacidad=3239 | congestión=0.4090
Arco 834: 219 -> 127 | flujo=1324.86 | capacidad=3239 | congestión=0.4090
Arco 1127: 290 -> 55 | flujo=4491.20 | capacidad=10980 | congestión=0.4090
Arco 1293: 331 -> 141 | flujo=1723.26 | capacidad=4213 | congestión=0.4090

==========================================================
RESUMEN DE EJECUCION — KPI
==========================================================
Instancia: t36 (400 nodos, 1600 arcos, 10650 productos)
Solver: solver_columnas_e2.py
Estado: completado
Tiempo de pared del proceso: 3.09 s
Tiempo de CPU acumulado: 2.93 s
Uso medio aproximado de CPU: 94.8%
Memoria residente maxima observada: 138.81 MB
Tiempo interno del algoritmo: 2.76 s
Objetivo/congestion: 0.4090345
Cota superior: 0.4090345
Cota inferior: 0.4090345
Gap certificado: 0.0%
Iteraciones: 25
Columnas finales: 20055
Resultado guardado en: /Users/alfonsocid/Desktop/Repo Capstone/resultados/t36_solver_columnas_e2.txt
==========================================================
GUARDADO | resultados E2/E2_Method0_T1-T100/t36_solver_columnas_e2_method0.txt

EJECUTANDO | t37 | E2 | Method=0
Mulgen ya está compilado.
Generando instancia con t37.par...
 no commodity capacity
 *************************************
 Writing output to file out                                     
 End of writing.
Instancia generada: 400 nodos, 1600 arcos y 10650 productos.
Ejecutando solver: solver_columnas_e2.py
Los resultados se guardarán en /Users/alfonsocid/Desktop/Repo Capstone/resultados/t37_solver_columnas_e2.txt
Filtro de conectividad: 375 productos sin camino eliminados.
Filtro de conectividad: 10650 -> 10275 productos.
Filtro de conectividad: productos eliminados (muestra): [27, 35, 50, 51, 74, 100, 132, 146, 227, 286, 329, 357, 380, 390, 398, 417, 432, 433, 439, 464] ...
Filtro de conectividad: red original preservada y verificacion final superada.
Nodos: 400
Arcos: 1600
Productos: 10650

Solver E2: partida congestion-aware + pricing C++ + gap certificado
Productos: 10275 | Arcos: 1600
ETA: 25 | Gap objetivo: 1%
Construyendo el problema maestro restringido...
Set parameter Username
Set parameter LicenseID to value 2855691
Academic license - for non-commercial use only - expires 2027-08-24
Set parameter Method to value 0
Calculando caminos iniciales congestion-aware...
Caminos iniciales listos: 10275 columnas en 0.11s.
Iteración 1: resolviendo maestro con 10275 columnas...
Iteración 1: z=0.68612046 | cota inferior=0.68612046 | gap=0.0000% | columnas=10275 | nuevas=0 | costo reducido=0.000e+00 | maestro=0.01s | pricing=0.04s

Solución óptima certificada
Congestión máxima: 0.68612046 (68.61%)
Cota superior: 0.68612046
Cota inferior: 0.68612046
Gap certificado: 0.000000%
Iteraciones: 1 | Columnas: 10275
Tiempo total: 0.21 segundos

Diez arcos más congestionados:
Arco 1127: 289 -> 42 | flujo=1834.00 | capacidad=2673 | congestión=0.6861
Arco 491: 123 -> 96 | flujo=1936.00 | capacidad=2858 | congestión=0.6774
Arco 834: 211 -> 280 | flujo=5365.00 | capacidad=8097 | congestión=0.6626
Arco 1547: 385 -> 208 | flujo=2886.00 | capacidad=4393 | congestión=0.6570
Arco 824: 208 -> 380 | flujo=2980.00 | capacidad=4551 | congestión=0.6548
Arco 1271: 324 -> 17 | flujo=5891.00 | capacidad=9605 | congestión=0.6133
Arco 721: 182 -> 74 | flujo=1665.00 | capacidad=2805 | congestión=0.5936
Arco 988: 254 -> 101 | flujo=3389.00 | capacidad=5742 | congestión=0.5902
Arco 826: 209 -> 349 | flujo=4915.00 | capacidad=8441 | congestión=0.5823
Arco 853: 216 -> 326 | flujo=7469.00 | capacidad=12939 | congestión=0.5772

==========================================================
RESUMEN DE EJECUCION — KPI
==========================================================
Instancia: t37 (400 nodos, 1600 arcos, 10650 productos)
Solver: solver_columnas_e2.py
Estado: completado
Tiempo de pared del proceso: 0.56 s
Tiempo de CPU acumulado: 0.52 s
Uso medio aproximado de CPU: 93.3%
Memoria residente maxima observada: 91.30 MB
Tiempo interno del algoritmo: 0.21 s
Objetivo/congestion: 0.68612046
Cota superior: 0.68612046
Cota inferior: 0.68612046
Gap certificado: 0.0%
Iteraciones: 1
Columnas finales: 10275
Resultado guardado en: /Users/alfonsocid/Desktop/Repo Capstone/resultados/t37_solver_columnas_e2.txt
==========================================================
GUARDADO | resultados E2/E2_Method0_T1-T100/t37_solver_columnas_e2_method0.txt

EJECUTANDO | t38 | E2 | Method=0
Mulgen ya está compilado.
Generando instancia con t38.par...
 no commodity capacity
 *************************************
 Writing output to file out                                     
 End of writing.
Instancia generada: 400 nodos, 1600 arcos y 10650 productos.
Ejecutando solver: solver_columnas_e2.py
Los resultados se guardarán en /Users/alfonsocid/Desktop/Repo Capstone/resultados/t38_solver_columnas_e2.txt
Filtro de conectividad: 385 productos sin camino eliminados.
Filtro de conectividad: 10650 -> 10265 productos.
Filtro de conectividad: productos eliminados (muestra): [3, 13, 22, 91, 102, 106, 114, 153, 177, 192, 200, 235, 327, 353, 401, 409, 426, 435, 465, 503] ...
Filtro de conectividad: red original preservada y verificacion final superada.
Nodos: 400
Arcos: 1600
Productos: 10650

Solver E2: partida congestion-aware + pricing C++ + gap certificado
Productos: 10265 | Arcos: 1600
ETA: 25 | Gap objetivo: 1%
Construyendo el problema maestro restringido...
Set parameter Username
Set parameter LicenseID to value 2855691
Academic license - for non-commercial use only - expires 2027-08-24
Set parameter Method to value 0
Calculando caminos iniciales congestion-aware...
Caminos iniciales listos: 10265 columnas en 0.10s.
Iteración 1: resolviendo maestro con 10265 columnas...
Iteración 1: z=0.96409113 | cota inferior=0.96409113 | gap=0.0000% | columnas=10265 | nuevas=0 | costo reducido=0.000e+00 | maestro=0.02s | pricing=0.05s

Solución óptima certificada
Congestión máxima: 0.96409113 (96.41%)
Cota superior: 0.96409113
Cota inferior: 0.96409113
Gap certificado: 0.000000%
Iteraciones: 1 | Columnas: 10265
Tiempo total: 0.22 segundos

Diez arcos más congestionados:
Arco 40: 11 -> 125 | flujo=3893.00 | capacidad=4038 | congestión=0.9641
Arco 1416: 357 -> 351 | flujo=7668.00 | capacidad=9897 | congestión=0.7748
Arco 725: 181 -> 104 | flujo=6057.00 | capacidad=10873 | congestión=0.5571
Arco 1252: 317 -> 48 | flujo=6185.00 | capacidad=11401 | congestión=0.5425
Arco 1585: 396 -> 382 | flujo=2326.00 | capacidad=4328 | congestión=0.5374
Arco 939: 239 -> 111 | flujo=2832.00 | capacidad=5410 | congestión=0.5235
Arco 1417: 358 -> 33 | flujo=1583.00 | capacidad=3035 | congestión=0.5216
Arco 513: 130 -> 359 | flujo=5154.00 | capacidad=9949 | congestión=0.5180
Arco 809: 204 -> 240 | flujo=3810.00 | capacidad=7390 | congestión=0.5156
Arco 1295: 326 -> 286 | flujo=3672.00 | capacidad=7284 | congestión=0.5041

==========================================================
RESUMEN DE EJECUCION — KPI
==========================================================
Instancia: t38 (400 nodos, 1600 arcos, 10650 productos)
Solver: solver_columnas_e2.py
Estado: completado
Tiempo de pared del proceso: 0.54 s
Tiempo de CPU acumulado: 0.51 s
Uso medio aproximado de CPU: 94.1%
Memoria residente maxima observada: 90.50 MB
Tiempo interno del algoritmo: 0.22 s
Objetivo/congestion: 0.96409113
Cota superior: 0.96409113
Cota inferior: 0.96409113
Gap certificado: 0.0%
Iteraciones: 1
Columnas finales: 10265
Resultado guardado en: /Users/alfonsocid/Desktop/Repo Capstone/resultados/t38_solver_columnas_e2.txt
==========================================================
GUARDADO | resultados E2/E2_Method0_T1-T100/t38_solver_columnas_e2_method0.txt

EJECUTANDO | t39 | E2 | Method=0
Mulgen ya está compilado.
Generando instancia con t39.par...
 no commodity capacity
 *************************************
 Writing output to file out                                     
 End of writing.
Instancia generada: 400 nodos, 1600 arcos y 10650 productos.
Ejecutando solver: solver_columnas_e2.py
Los resultados se guardarán en /Users/alfonsocid/Desktop/Repo Capstone/resultados/t39_solver_columnas_e2.txt
Filtro de conectividad: 455 productos sin camino eliminados.
Filtro de conectividad: 10650 -> 10195 productos.
Filtro de conectividad: productos eliminados (muestra): [15, 25, 52, 96, 125, 131, 139, 171, 224, 252, 268, 274, 401, 432, 439, 447, 452, 508, 532, 537] ...
Filtro de conectividad: red original preservada y verificacion final superada.
Nodos: 400
Arcos: 1600
Productos: 10650

Solver E2: partida congestion-aware + pricing C++ + gap certificado
Productos: 10195 | Arcos: 1600
ETA: 25 | Gap objetivo: 1%
Construyendo el problema maestro restringido...
Set parameter Username
Set parameter LicenseID to value 2855691
Academic license - for non-commercial use only - expires 2027-08-24
Set parameter Method to value 0
Calculando caminos iniciales congestion-aware...
Caminos iniciales listos: 10195 columnas en 0.12s.
Iteración 1: resolviendo maestro con 10195 columnas...
Iteración 1: z=0.94438073 | cota inferior=0.94438073 | gap=0.0000% | columnas=10195 | nuevas=0 | costo reducido=0.000e+00 | maestro=0.01s | pricing=0.03s

Solución óptima certificada
Congestión máxima: 0.94438073 (94.44%)
Cota superior: 0.94438073
Cota inferior: 0.94438073
Gap certificado: 0.000000%
Iteraciones: 1 | Columnas: 10195
Tiempo total: 0.23 segundos

Diez arcos más congestionados:
Arco 68: 17 -> 355 | flujo=3294.00 | capacidad=3488 | congestión=0.9444
Arco 1209: 300 -> 247 | flujo=4098.00 | capacidad=7187 | congestión=0.5702
Arco 1007: 251 -> 359 | flujo=6966.00 | capacidad=12498 | congestión=0.5574
Arco 1055: 263 -> 137 | flujo=3444.00 | capacidad=6315 | congestión=0.5454
Arco 970: 241 -> 105 | flujo=2933.00 | capacidad=5390 | congestión=0.5442
Arco 987: 245 -> 152 | flujo=6075.00 | capacidad=11256 | congestión=0.5397
Arco 1434: 355 -> 158 | flujo=3683.00 | capacidad=6844 | congestión=0.5381
Arco 1349: 332 -> 378 | flujo=6109.00 | capacidad=11362 | congestión=0.5377
Arco 585: 143 -> 1 | flujo=3721.00 | capacidad=7108 | congestión=0.5235
Arco 1447: 358 -> 3 | flujo=5474.00 | capacidad=10516 | congestión=0.5205

==========================================================
RESUMEN DE EJECUCION — KPI
==========================================================
Instancia: t39 (400 nodos, 1600 arcos, 10650 productos)
Solver: solver_columnas_e2.py
Estado: completado
Tiempo de pared del proceso: 0.55 s
Tiempo de CPU acumulado: 0.52 s
Uso medio aproximado de CPU: 94.0%
Memoria residente maxima observada: 91.17 MB
Tiempo interno del algoritmo: 0.23 s
Objetivo/congestion: 0.94438073
Cota superior: 0.94438073
Cota inferior: 0.94438073
Gap certificado: 0.0%
Iteraciones: 1
Columnas finales: 10195
Resultado guardado en: /Users/alfonsocid/Desktop/Repo Capstone/resultados/t39_solver_columnas_e2.txt
==========================================================
GUARDADO | resultados E2/E2_Method0_T1-T100/t39_solver_columnas_e2_method0.txt

EJECUTANDO | t40 | E2 | Method=0
Mulgen ya está compilado.
Generando instancia con t40.par...
 no commodity capacity
 *************************************
 Writing output to file out                                     
 End of writing.
Instancia generada: 400 nodos, 1600 arcos y 10650 productos.
Ejecutando solver: solver_columnas_e2.py
Los resultados se guardarán en /Users/alfonsocid/Desktop/Repo Capstone/resultados/t40_solver_columnas_e2.txt
Filtro de conectividad: 300 productos sin camino eliminados.
Filtro de conectividad: 10650 -> 10350 productos.
Filtro de conectividad: productos eliminados (muestra): [27, 53, 76, 127, 140, 255, 311, 340, 345, 422, 434, 442, 463, 494, 528, 555, 619, 641, 649, 707] ...
Filtro de conectividad: red original preservada y verificacion final superada.
Nodos: 400
Arcos: 1600
Productos: 10650

Solver E2: partida congestion-aware + pricing C++ + gap certificado
Productos: 10350 | Arcos: 1600
ETA: 25 | Gap objetivo: 1%
Construyendo el problema maestro restringido...
Set parameter Username
Set parameter LicenseID to value 2855691
Academic license - for non-commercial use only - expires 2027-08-24
Set parameter Method to value 0
Calculando caminos iniciales congestion-aware...
Caminos iniciales listos: 10350 columnas en 0.10s.
Iteración 1: resolviendo maestro con 10350 columnas...
Iteración 1: z=1.00982091 | cota inferior=1.00982091 | gap=0.0000% | columnas=10350 | nuevas=0 | costo reducido=0.000e+00 | maestro=0.01s | pricing=0.04s

Solución óptima certificada
Congestión máxima: 1.00982091 (100.98%)
Cota superior: 1.00982091
Cota inferior: 1.00982091
Gap certificado: 0.000000%
Iteraciones: 1 | Columnas: 10350
Tiempo total: 0.20 segundos

Diez arcos más congestionados:
Arco 1122: 283 -> 225 | flujo=3496.00 | capacidad=3462 | congestión=1.0098
Arco 865: 213 -> 79 | flujo=3804.00 | capacidad=4711 | congestión=0.8075
Arco 1550: 391 -> 133 | flujo=2412.00 | capacidad=3618 | congestión=0.6667
Arco 1475: 369 -> 68 | flujo=3115.00 | capacidad=4685 | congestión=0.6649
Arco 1147: 291 -> 298 | flujo=7041.00 | capacidad=11347 | congestión=0.6205
Arco 905: 225 -> 144 | flujo=2221.00 | capacidad=3774 | congestión=0.5885
Arco 1322: 334 -> 232 | flujo=5644.00 | capacidad=9864 | congestión=0.5722
Arco 1136: 288 -> 158 | flujo=5260.00 | capacidad=9317 | congestión=0.5646
Arco 727: 179 -> 231 | flujo=2256.00 | capacidad=4034 | congestión=0.5592
Arco 144: 38 -> 364 | flujo=4400.00 | capacidad=7886 | congestión=0.5580

==========================================================
RESUMEN DE EJECUCION — KPI
==========================================================
Instancia: t40 (400 nodos, 1600 arcos, 10650 productos)
Solver: solver_columnas_e2.py
Estado: completado
Tiempo de pared del proceso: 0.53 s
Tiempo de CPU acumulado: 0.49 s
Uso medio aproximado de CPU: 91.9%
Memoria residente maxima observada: 90.31 MB
Tiempo interno del algoritmo: 0.2 s
Objetivo/congestion: 1.00982091
Cota superior: 1.00982091
Cota inferior: 1.00982091
Gap certificado: 0.0%
Iteraciones: 1
Columnas finales: 10350
Resultado guardado en: /Users/alfonsocid/Desktop/Repo Capstone/resultados/t40_solver_columnas_e2.txt
==========================================================
GUARDADO | resultados E2/E2_Method0_T1-T100/t40_solver_columnas_e2_method0.txt

EJECUTANDO | t41 | E2 | Method=0
Mulgen ya está compilado.
Generando instancia con t41.par...
 no commodity capacity
 *************************************
 Writing output to file out                                     
 End of writing.
Instancia generada: 400 nodos, 1600 arcos y 10650 productos.
Ejecutando solver: solver_columnas_e2.py
Los resultados se guardarán en /Users/alfonsocid/Desktop/Repo Capstone/resultados/t41_solver_columnas_e2.txt
Filtro de conectividad: 328 productos sin camino eliminados.
Filtro de conectividad: 10650 -> 10322 productos.
Filtro de conectividad: productos eliminados (muestra): [6, 86, 105, 145, 289, 316, 319, 325, 359, 366, 412, 414, 447, 515, 566, 595, 612, 624, 636, 772] ...
Filtro de conectividad: red original preservada y verificacion final superada.
Nodos: 400
Arcos: 1600
Productos: 10650

Solver E2: partida congestion-aware + pricing C++ + gap certificado
Productos: 10322 | Arcos: 1600
ETA: 25 | Gap objetivo: 1%
Construyendo el problema maestro restringido...
Set parameter Username
Set parameter LicenseID to value 2855691
Academic license - for non-commercial use only - expires 2027-08-24
Set parameter Method to value 0
Calculando caminos iniciales congestion-aware...
Caminos iniciales listos: 10322 columnas en 0.10s.
Iteración 1: resolviendo maestro con 10322 columnas...
Iteración 1: z=0.78730007 | cota inferior=0.00000000 | gap=infinito | columnas=10401 | nuevas=79 | costo reducido=-2.387e-04 | maestro=0.02s | pricing=0.06s
Iteración 2: resolviendo maestro con 10401 columnas...
Iteración 2: z=0.71523609 | cota inferior=0.24825572 | gap=188.1046% | columnas=10465 | nuevas=64 | costo reducido=-1.623e-04 | maestro=0.01s | pricing=0.05s
Iteración 3: resolviendo maestro con 10465 columnas...
Iteración 3: z=0.66052715 | cota inferior=0.41378215 | gap=59.6316% | columnas=10482 | nuevas=17 | costo reducido=-3.176e-04 | maestro=0.01s | pricing=0.04s
Iteración 4: resolviendo maestro con 10482 columnas...
Iteración 4: z=0.65459088 | cota inferior=0.50999375 | gap=28.3527% | columnas=10492 | nuevas=10 | costo reducido=-3.123e-04 | maestro=0.01s | pricing=0.04s
Iteración 5: resolviendo maestro con 10492 columnas...
Iteración 5: z=0.64200750 | cota inferior=0.50999375 | gap=25.8854% | columnas=10582 | nuevas=90 | costo reducido=-1.629e-04 | maestro=0.01s | pricing=0.04s
Iteración 6: resolviendo maestro con 10582 columnas...
Iteración 6: z=0.63666778 | cota inferior=0.50999375 | gap=24.8383% | columnas=10627 | nuevas=45 | costo reducido=-3.346e-04 | maestro=0.01s | pricing=0.04s
Iteración 7: resolviendo maestro con 10627 columnas...
Iteración 7: z=0.62066346 | cota inferior=0.50999375 | gap=21.7002% | columnas=10650 | nuevas=23 | costo reducido=-2.532e-04 | maestro=0.01s | pricing=0.04s
Iteración 8: resolviendo maestro con 10650 columnas...
Iteración 8: z=0.61333333 | cota inferior=0.50999375 | gap=20.2629% | columnas=10658 | nuevas=8 | costo reducido=-3.604e-04 | maestro=0.01s | pricing=0.11s
Iteración 9: resolviendo maestro con 10658 columnas...
Iteración 9: z=0.60414899 | cota inferior=0.50999375 | gap=18.4620% | columnas=10692 | nuevas=34 | costo reducido=-7.712e-05 | maestro=0.01s | pricing=0.04s
Iteración 10: resolviendo maestro con 10692 columnas...
Iteración 10: z=0.59761848 | cota inferior=0.50999375 | gap=17.1815% | columnas=10862 | nuevas=170 | costo reducido=-7.992e-05 | maestro=0.01s | pricing=0.04s
Iteración 11: resolviendo maestro con 10862 columnas...
Iteración 11: z=0.58808791 | cota inferior=0.50999375 | gap=15.3128% | columnas=10946 | nuevas=84 | costo reducido=-5.220e-05 | maestro=0.01s | pricing=0.05s
Iteración 12: resolviendo maestro con 10946 columnas...
Iteración 12: z=0.56008078 | cota inferior=0.50999375 | gap=9.8211% | columnas=10989 | nuevas=43 | costo reducido=-1.122e-04 | maestro=0.02s | pricing=0.04s
Iteración 13: resolviendo maestro con 10989 columnas...
Iteración 13: z=0.55907006 | cota inferior=0.50999375 | gap=9.6229% | columnas=11067 | nuevas=78 | costo reducido=-1.582e-04 | maestro=0.01s | pricing=0.04s
Iteración 14: resolviendo maestro con 11067 columnas...
Iteración 14: z=0.54806313 | cota inferior=0.50999375 | gap=7.4647% | columnas=11204 | nuevas=137 | costo reducido=-8.967e-05 | maestro=0.01s | pricing=0.04s
Iteración 15: resolviendo maestro con 11204 columnas...
Iteración 15: z=0.54083981 | cota inferior=0.50999375 | gap=6.0483% | columnas=11297 | nuevas=93 | costo reducido=-2.278e-05 | maestro=0.02s | pricing=0.04s
Iteración 16: resolviendo maestro con 11297 columnas...
Iteración 16: z=0.53968254 | cota inferior=0.53968254 | gap=0.0000% | columnas=11297 | nuevas=0 | costo reducido=0.000e+00 | maestro=0.01s | pricing=0.04s

Solución óptima certificada
Congestión máxima: 0.53968254 (53.97%)
Cota superior: 0.53968254
Cota inferior: 0.53968254
Gap certificado: 0.000000%
Iteraciones: 16 | Columnas: 11297
Tiempo total: 1.12 segundos

Diez arcos más congestionados:
Arco 520: 140 -> 63 | flujo=2620.70 | capacidad=4856 | congestión=0.5397
Arco 135: 35 -> 160 | flujo=2217.56 | capacidad=4109 | congestión=0.5397
Arco 191: 51 -> 280 | flujo=2116.63 | capacidad=3922 | congestión=0.5397
Arco 281: 81 -> 368 | flujo=6018.54 | capacidad=11152 | congestión=0.5397
Arco 324: 93 -> 123 | flujo=3312.03 | capacidad=6137 | congestión=0.5397
Arco 429: 118 -> 92 | flujo=2519.78 | capacidad=4669 | congestión=0.5397
Arco 476: 130 -> 140 | flujo=2577.52 | capacidad=4776 | congestión=0.5397
Arco 499: 135 -> 25 | flujo=1526.22 | capacidad=2828 | congestión=0.5397
Arco 500: 135 -> 110 | flujo=6781.65 | capacidad=12566 | congestión=0.5397
Arco 604: 161 -> 74 | flujo=1469.02 | capacidad=2722 | congestión=0.5397

==========================================================
RESUMEN DE EJECUCION — KPI
==========================================================
Instancia: t41 (400 nodos, 1600 arcos, 10650 productos)
Solver: solver_columnas_e2.py
Estado: completado
Tiempo de pared del proceso: 1.41 s
Tiempo de CPU acumulado: 1.33 s
Uso medio aproximado de CPU: 94.1%
Memoria residente maxima observada: 120.77 MB
Tiempo interno del algoritmo: 1.12 s
Objetivo/congestion: 0.53968254
Cota superior: 0.53968254
Cota inferior: 0.53968254
Gap certificado: 0.0%
Iteraciones: 16
Columnas finales: 11297
Resultado guardado en: /Users/alfonsocid/Desktop/Repo Capstone/resultados/t41_solver_columnas_e2.txt
==========================================================
GUARDADO | resultados E2/E2_Method0_T1-T100/t41_solver_columnas_e2_method0.txt

EJECUTANDO | t42 | E2 | Method=0
Mulgen ya está compilado.
Generando instancia con t42.par...
 no commodity capacity
 *************************************
 Writing output to file out                                     
 End of writing.
Instancia generada: 400 nodos, 1600 arcos y 10650 productos.
Ejecutando solver: solver_columnas_e2.py
Los resultados se guardarán en /Users/alfonsocid/Desktop/Repo Capstone/resultados/t42_solver_columnas_e2.txt
Filtro de conectividad: 311 productos sin camino eliminados.
Filtro de conectividad: 10650 -> 10339 productos.
Filtro de conectividad: productos eliminados (muestra): [18, 67, 155, 296, 429, 448, 451, 460, 483, 495, 513, 523, 627, 702, 747, 768, 777, 806, 835, 838] ...
Filtro de conectividad: red original preservada y verificacion final superada.
Nodos: 400
Arcos: 1600
Productos: 10650

Solver E2: partida congestion-aware + pricing C++ + gap certificado
Productos: 10339 | Arcos: 1600
ETA: 25 | Gap objetivo: 1%
Construyendo el problema maestro restringido...
Set parameter Username
Set parameter LicenseID to value 2855691
Academic license - for non-commercial use only - expires 2027-08-24
Set parameter Method to value 0
Calculando caminos iniciales congestion-aware...
Caminos iniciales listos: 10339 columnas en 0.14s.
Iteración 1: resolviendo maestro con 10339 columnas...
Iteración 1: z=0.66147800 | cota inferior=0.00000000 | gap=infinito | columnas=10535 | nuevas=196 | costo reducido=-7.706e-05 | maestro=0.01s | pricing=0.04s
Iteración 2: resolviendo maestro con 10535 columnas...
Iteración 2: z=0.66051023 | cota inferior=0.00000000 | gap=infinito | columnas=10652 | nuevas=117 | costo reducido=-1.329e-04 | maestro=0.01s | pricing=0.05s
Iteración 3: resolviendo maestro con 10652 columnas...
Iteración 3: z=0.62921604 | cota inferior=0.00000000 | gap=infinito | columnas=10782 | nuevas=130 | costo reducido=-1.139e-04 | maestro=0.01s | pricing=0.04s
Iteración 4: resolviendo maestro con 10782 columnas...
Iteración 4: z=0.55404808 | cota inferior=0.00000000 | gap=infinito | columnas=10868 | nuevas=86 | costo reducido=-1.475e-04 | maestro=0.01s | pricing=0.05s
Iteración 5: resolviendo maestro con 10868 columnas...
Iteración 5: z=0.55350687 | cota inferior=0.55350687 | gap=0.0000% | columnas=10868 | nuevas=0 | costo reducido=0.000e+00 | maestro=0.01s | pricing=0.04s

Solución óptima certificada
Congestión máxima: 0.55350687 (55.35%)
Cota superior: 0.55350687
Cota inferior: 0.55350687
Gap certificado: 0.000000%
Iteraciones: 5 | Columnas: 10868
Tiempo total: 0.45 segundos

Diez arcos más congestionados:
Arco 61: 13 -> 146 | flujo=1531.00 | capacidad=2766 | congestión=0.5535
Arco 344: 81 -> 150 | flujo=4386.54 | capacidad=7925 | congestión=0.5535
Arco 600: 143 -> 110 | flujo=7182.86 | capacidad=12977 | congestión=0.5535
Arco 834: 207 -> 40 | flujo=3753.33 | capacidad=6781 | congestión=0.5535
Arco 1095: 270 -> 57 | flujo=4621.78 | capacidad=8350 | congestión=0.5535
Arco 1382: 347 -> 274 | flujo=4857.58 | capacidad=8776 | congestión=0.5535
Arco 448: 107 -> 362 | flujo=4165.69 | capacidad=7526 | congestión=0.5535
Arco 1250: 310 -> 293 | flujo=3393.67 | capacidad=6436 | congestión=0.5273
Arco 1149: 283 -> 250 | flujo=3438.00 | capacidad=6542 | congestión=0.5255
Arco 1481: 374 -> 389 | flujo=1949.00 | capacidad=3723 | congestión=0.5235

==========================================================
RESUMEN DE EJECUCION — KPI
==========================================================
Instancia: t42 (400 nodos, 1600 arcos, 10650 productos)
Solver: solver_columnas_e2.py
Estado: completado
Tiempo de pared del proceso: 0.78 s
Tiempo de CPU acumulado: 0.72 s
Uso medio aproximado de CPU: 92.4%
Memoria residente maxima observada: 103.97 MB
Tiempo interno del algoritmo: 0.45 s
Objetivo/congestion: 0.55350687
Cota superior: 0.55350687
Cota inferior: 0.55350687
Gap certificado: 0.0%
Iteraciones: 5
Columnas finales: 10868
Resultado guardado en: /Users/alfonsocid/Desktop/Repo Capstone/resultados/t42_solver_columnas_e2.txt
==========================================================
GUARDADO | resultados E2/E2_Method0_T1-T100/t42_solver_columnas_e2_method0.txt

EJECUTANDO | t43 | E2 | Method=0
Mulgen ya está compilado.
Generando instancia con t43.par...
 no commodity capacity
 *************************************
 Writing output to file out                                     
 End of writing.
Instancia generada: 400 nodos, 1600 arcos y 10650 productos.
Ejecutando solver: solver_columnas_e2.py
Los resultados se guardarán en /Users/alfonsocid/Desktop/Repo Capstone/resultados/t43_solver_columnas_e2.txt
Filtro de conectividad: 261 productos sin camino eliminados.
Filtro de conectividad: 10650 -> 10389 productos.
Filtro de conectividad: productos eliminados (muestra): [38, 45, 249, 257, 276, 359, 432, 454, 480, 489, 521, 562, 623, 650, 653, 674, 680, 699, 809, 852] ...
Filtro de conectividad: red original preservada y verificacion final superada.
Nodos: 400
Arcos: 1600
Productos: 10650

Solver E2: partida congestion-aware + pricing C++ + gap certificado
Productos: 10389 | Arcos: 1600
ETA: 25 | Gap objetivo: 1%
Construyendo el problema maestro restringido...
Set parameter Username
Set parameter LicenseID to value 2855691
Academic license - for non-commercial use only - expires 2027-08-24
Set parameter Method to value 0
Calculando caminos iniciales congestion-aware...
Caminos iniciales listos: 10389 columnas en 0.11s.
Iteración 1: resolviendo maestro con 10389 columnas...
Iteración 1: z=0.63263852 | cota inferior=0.21182968 | gap=198.6543% | columnas=10441 | nuevas=52 | costo reducido=-1.782e-04 | maestro=0.01s | pricing=0.04s
Iteración 2: resolviendo maestro con 10441 columnas...
Iteración 2: z=0.61733983 | cota inferior=0.21182968 | gap=191.4322% | columnas=10528 | nuevas=87 | costo reducido=-1.741e-04 | maestro=0.01s | pricing=0.04s
Iteración 3: resolviendo maestro con 10528 columnas...
Iteración 3: z=0.58974582 | cota inferior=0.21182968 | gap=178.4057% | columnas=10640 | nuevas=112 | costo reducido=-8.705e-05 | maestro=0.01s | pricing=0.05s
Iteración 4: resolviendo maestro con 10640 columnas...
Iteración 4: z=0.57953488 | cota inferior=0.21182968 | gap=173.5853% | columnas=10784 | nuevas=144 | costo reducido=-9.302e-05 | maestro=0.01s | pricing=0.04s
Iteración 5: resolviendo maestro con 10784 columnas...
Iteración 5: z=0.57270941 | cota inferior=0.21182968 | gap=170.3632% | columnas=10887 | nuevas=103 | costo reducido=-1.228e-04 | maestro=0.01s | pricing=0.04s
Iteración 6: resolviendo maestro con 10887 columnas...
Iteración 6: z=0.53532503 | cota inferior=0.21182968 | gap=152.7148% | columnas=11004 | nuevas=117 | costo reducido=-9.731e-05 | maestro=0.01s | pricing=0.05s
Iteración 7: resolviendo maestro con 11004 columnas...
Iteración 7: z=0.53017078 | cota inferior=0.21182968 | gap=150.2816% | columnas=11163 | nuevas=159 | costo reducido=-6.325e-05 | maestro=0.01s | pricing=0.04s
Iteración 8: resolviendo maestro con 11163 columnas...
Iteración 8: z=0.52271453 | cota inferior=0.21182968 | gap=146.7617% | columnas=11278 | nuevas=115 | costo reducido=-9.348e-05 | maestro=0.01s | pricing=0.05s
Iteración 9: resolviendo maestro con 11278 columnas...
Iteración 9: z=0.50308914 | cota inferior=0.45719329 | gap=10.0386% | columnas=11285 | nuevas=7 | costo reducido=-2.207e-04 | maestro=0.01s | pricing=0.03s
Iteración 10: resolviendo maestro con 11285 columnas...
Iteración 10: z=0.50158133 | cota inferior=0.45719329 | gap=9.7088% | columnas=11415 | nuevas=130 | costo reducido=-8.548e-05 | maestro=0.01s | pricing=0.04s
Iteración 11: resolviendo maestro con 11415 columnas...
Iteración 11: z=0.49846376 | cota inferior=0.45719329 | gap=9.0269% | columnas=11545 | nuevas=130 | costo reducido=-9.037e-05 | maestro=0.01s | pricing=0.10s
Iteración 12: resolviendo maestro con 11545 columnas...
Iteración 12: z=0.49711400 | cota inferior=0.45719329 | gap=8.7317% | columnas=11616 | nuevas=71 | costo reducido=-1.443e-04 | maestro=0.01s | pricing=0.05s
Iteración 13: resolviendo maestro con 11616 columnas...
Iteración 13: z=0.48674180 | cota inferior=0.45719329 | gap=6.4630% | columnas=11645 | nuevas=29 | costo reducido=-1.657e-04 | maestro=0.01s | pricing=0.04s
Iteración 14: resolviendo maestro con 11645 columnas...
Iteración 14: z=0.48617632 | cota inferior=0.45719329 | gap=6.3393% | columnas=11729 | nuevas=84 | costo reducido=-1.304e-04 | maestro=0.01s | pricing=0.04s
Iteración 15: resolviendo maestro con 11729 columnas...
Iteración 15: z=0.48085470 | cota inferior=0.45719329 | gap=5.1754% | columnas=11793 | nuevas=64 | costo reducido=-1.709e-04 | maestro=0.01s | pricing=0.05s
Iteración 16: resolviendo maestro con 11793 columnas...
Iteración 16: z=0.47989401 | cota inferior=0.45719329 | gap=4.9652% | columnas=11929 | nuevas=136 | costo reducido=-7.793e-05 | maestro=0.01s | pricing=0.04s
Iteración 17: resolviendo maestro con 11929 columnas...
Iteración 17: z=0.47904437 | cota inferior=0.45719329 | gap=4.7794% | columnas=11988 | nuevas=59 | costo reducido=-1.365e-04 | maestro=0.01s | pricing=0.04s
Iteración 18: resolviendo maestro con 11988 columnas...
Iteración 18: z=0.47339725 | cota inferior=0.45719329 | gap=3.5442% | columnas=13234 | nuevas=1246 | costo reducido=-1.947e-05 | maestro=0.02s | pricing=0.09s
Iteración 19: resolviendo maestro con 13234 columnas...
Iteración 19: z=0.46627566 | cota inferior=0.45719329 | gap=1.9865% | columnas=13261 | nuevas=27 | costo reducido=-1.725e-04 | maestro=0.02s | pricing=0.04s
Iteración 20: resolviendo maestro con 13261 columnas...
Iteración 20: z=0.45719329 | cota inferior=0.45719329 | gap=0.0000% | columnas=13261 | nuevas=0 | costo reducido=0.000e+00 | maestro=0.03s | pricing=0.05s

Solución óptima certificada
Congestión máxima: 0.45719329 (45.72%)
Cota superior: 0.45719329
Cota inferior: 0.45719329
Gap certificado: 0.000000%
Iteraciones: 20 | Columnas: 13261
Tiempo total: 1.38 segundos

Diez arcos más congestionados:
Arco 104: 25 -> 152 | flujo=3360.83 | capacidad=7351 | congestión=0.4572
Arco 501: 129 -> 122 | flujo=2734.47 | capacidad=5981 | congestión=0.4572
Arco 2: 1 -> 11 | flujo=1289.29 | capacidad=2820 | congestión=0.4572
Arco 34: 9 -> 232 | flujo=1313.06 | capacidad=2872 | congestión=0.4572
Arco 73: 18 -> 235 | flujo=2072.00 | capacidad=4532 | congestión=0.4572
Arco 132: 31 -> 146 | flujo=4698.12 | capacidad=10276 | congestión=0.4572
Arco 133: 31 -> 8 | flujo=1421.87 | capacidad=3110 | congestión=0.4572
Arco 152: 36 -> 340 | flujo=2650.35 | capacidad=5797 | congestión=0.4572
Arco 153: 37 -> 113 | flujo=2108.12 | capacidad=4611 | congestión=0.4572
Arco 180: 45 -> 117 | flujo=3517.65 | capacidad=7694 | congestión=0.4572

==========================================================
RESUMEN DE EJECUCION — KPI
==========================================================
Instancia: t43 (400 nodos, 1600 arcos, 10650 productos)
Solver: solver_columnas_e2.py
Estado: completado
Tiempo de pared del proceso: 1.68 s
Tiempo de CPU acumulado: 1.59 s
Uso medio aproximado de CPU: 94.8%
Memoria residente maxima observada: 126.88 MB
Tiempo interno del algoritmo: 1.38 s
Objetivo/congestion: 0.45719329
Cota superior: 0.45719329
Cota inferior: 0.45719329
Gap certificado: 0.0%
Iteraciones: 20
Columnas finales: 13261
Resultado guardado en: /Users/alfonsocid/Desktop/Repo Capstone/resultados/t43_solver_columnas_e2.txt
==========================================================
GUARDADO | resultados E2/E2_Method0_T1-T100/t43_solver_columnas_e2_method0.txt

EJECUTANDO | t44 | E2 | Method=0
Mulgen ya está compilado.
Generando instancia con t44.par...
 no commodity capacity
 *************************************
 Writing output to file out                                     
 End of writing.
Instancia generada: 400 nodos, 1600 arcos y 10650 productos.
Ejecutando solver: solver_columnas_e2.py
Los resultados se guardarán en /Users/alfonsocid/Desktop/Repo Capstone/resultados/t44_solver_columnas_e2.txt
Filtro de conectividad: 340 productos sin camino eliminados.
Filtro de conectividad: 10650 -> 10310 productos.
Filtro de conectividad: productos eliminados (muestra): [5, 18, 76, 147, 229, 323, 404, 411, 429, 449, 465, 496, 583, 681, 771, 795, 811, 815, 956, 965] ...
Filtro de conectividad: red original preservada y verificacion final superada.
Nodos: 400
Arcos: 1600
Productos: 10650

Solver E2: partida congestion-aware + pricing C++ + gap certificado
Productos: 10310 | Arcos: 1600
ETA: 25 | Gap objetivo: 1%
Construyendo el problema maestro restringido...
Set parameter Username
Set parameter LicenseID to value 2855691
Academic license - for non-commercial use only - expires 2027-08-24
Set parameter Method to value 0
Calculando caminos iniciales congestion-aware...
Caminos iniciales listos: 10310 columnas en 0.10s.
Iteración 1: resolviendo maestro con 10310 columnas...
Iteración 1: z=0.59324413 | cota inferior=0.00000000 | gap=infinito | columnas=10457 | nuevas=147 | costo reducido=-9.357e-05 | maestro=0.01s | pricing=0.03s
Iteración 2: resolviendo maestro con 10457 columnas...
Iteración 2: z=0.58117124 | cota inferior=0.58117124 | gap=0.0000% | columnas=10457 | nuevas=0 | costo reducido=0.000e+00 | maestro=0.01s | pricing=0.05s

Solución óptima certificada
Congestión máxima: 0.58117124 (58.12%)
Cota superior: 0.58117124
Cota inferior: 0.58117124
Gap certificado: 0.000000%
Iteraciones: 2 | Columnas: 10457
Tiempo total: 0.27 segundos

Diez arcos más congestionados:
Arco 47: 12 -> 175 | flujo=1568.00 | capacidad=2698 | congestión=0.5812
Arco 86: 23 -> 53 | flujo=6210.98 | capacidad=10687 | congestión=0.5812
Arco 624: 153 -> 37 | flujo=3270.00 | capacidad=5899 | congestión=0.5543
Arco 815: 199 -> 351 | flujo=4834.00 | capacidad=8941 | congestión=0.5407
Arco 1559: 388 -> 6 | flujo=2493.00 | capacidad=4656 | congestión=0.5354
Arco 1535: 382 -> 345 | flujo=3709.00 | capacidad=7010 | congestión=0.5291
Arco 833: 205 -> 66 | flujo=3113.00 | capacidad=5899 | congestión=0.5277
Arco 1158: 289 -> 345 | flujo=6930.00 | capacidad=13173 | congestión=0.5261
Arco 1566: 391 -> 325 | flujo=2192.00 | capacidad=4285 | congestión=0.5116
Arco 488: 120 -> 199 | flujo=4635.00 | capacidad=9152 | congestión=0.5064

==========================================================
RESUMEN DE EJECUCION — KPI
==========================================================
Instancia: t44 (400 nodos, 1600 arcos, 10650 productos)
Solver: solver_columnas_e2.py
Estado: completado
Tiempo de pared del proceso: 0.58 s
Tiempo de CPU acumulado: 0.57 s
Uso medio aproximado de CPU: 98.0%
Memoria residente maxima observada: 96.95 MB
Tiempo interno del algoritmo: 0.27 s
Objetivo/congestion: 0.58117124
Cota superior: 0.58117124
Cota inferior: 0.58117124
Gap certificado: 0.0%
Iteraciones: 2
Columnas finales: 10457
Resultado guardado en: /Users/alfonsocid/Desktop/Repo Capstone/resultados/t44_solver_columnas_e2.txt
==========================================================
GUARDADO | resultados E2/E2_Method0_T1-T100/t44_solver_columnas_e2_method0.txt

EJECUTANDO | t45 | E2 | Method=0
Mulgen ya está compilado.
Generando instancia con t45.par...
 no commodity capacity
 *************************************
 Writing output to file out                                     
 End of writing.
Instancia generada: 400 nodos, 1600 arcos y 10650 productos.
Ejecutando solver: solver_columnas_e2.py
Los resultados se guardarán en /Users/alfonsocid/Desktop/Repo Capstone/resultados/t45_solver_columnas_e2.txt
Filtro de conectividad: 330 productos sin camino eliminados.
Filtro de conectividad: 10650 -> 10320 productos.
Filtro de conectividad: productos eliminados (muestra): [42, 59, 99, 116, 123, 173, 221, 254, 256, 327, 362, 388, 406, 425, 449, 504, 516, 544, 562, 594] ...
Filtro de conectividad: red original preservada y verificacion final superada.
Nodos: 400
Arcos: 1600
Productos: 10650

Solver E2: partida congestion-aware + pricing C++ + gap certificado
Productos: 10320 | Arcos: 1600
ETA: 25 | Gap objetivo: 1%
Construyendo el problema maestro restringido...
Set parameter Username
Set parameter LicenseID to value 2855691
Academic license - for non-commercial use only - expires 2027-08-24
Set parameter Method to value 0
Calculando caminos iniciales congestion-aware...
Caminos iniciales listos: 10320 columnas en 0.11s.
Iteración 1: resolviendo maestro con 10320 columnas...
Iteración 1: z=0.75958598 | cota inferior=0.00000000 | gap=infinito | columnas=10467 | nuevas=147 | costo reducido=-1.176e-04 | maestro=0.01s | pricing=0.04s
Iteración 2: resolviendo maestro con 10467 columnas...
Iteración 2: z=0.72151496 | cota inferior=0.69605347 | gap=3.6580% | columnas=10469 | nuevas=2 | costo reducido=-3.183e-04 | maestro=0.01s | pricing=0.05s
Iteración 3: resolviendo maestro con 10469 columnas...
Iteración 3: z=0.69605347 | cota inferior=0.69605347 | gap=0.0000% | columnas=10469 | nuevas=0 | costo reducido=0.000e+00 | maestro=0.01s | pricing=0.04s

Solución óptima certificada
Congestión máxima: 0.69605347 (69.61%)
Cota superior: 0.69605347
Cota inferior: 0.69605347
Gap certificado: 0.000000%
Iteraciones: 3 | Columnas: 10469
Tiempo total: 0.32 segundos

Diez arcos más congestionados:
Arco 360: 92 -> 118 | flujo=5917.85 | capacidad=8502 | congestión=0.6961
Arco 1278: 324 -> 56 | flujo=2187.00 | capacidad=3142 | congestión=0.6961
Arco 926: 234 -> 294 | flujo=6181.00 | capacidad=10060 | congestión=0.6144
Arco 641: 161 -> 286 | flujo=4848.00 | capacidad=7948 | congestión=0.6100
Arco 772: 200 -> 232 | flujo=3571.00 | capacidad=5888 | congestión=0.6065
Arco 934: 236 -> 116 | flujo=5763.00 | capacidad=9638 | congestión=0.5979
Arco 361: 92 -> 74 | flujo=1578.15 | capacidad=2641 | congestión=0.5976
Arco 550: 138 -> 149 | flujo=3899.00 | capacidad=6548 | congestión=0.5954
Arco 671: 169 -> 239 | flujo=3767.00 | capacidad=6733 | congestión=0.5595
Arco 111: 30 -> 235 | flujo=1655.00 | capacidad=3037 | congestión=0.5449

==========================================================
RESUMEN DE EJECUCION — KPI
==========================================================
Instancia: t45 (400 nodos, 1600 arcos, 10650 productos)
Solver: solver_columnas_e2.py
Estado: completado
Tiempo de pared del proceso: 0.69 s
Tiempo de CPU acumulado: 0.63 s
Uso medio aproximado de CPU: 91.8%
Memoria residente maxima observada: 100.77 MB
Tiempo interno del algoritmo: 0.32 s
Objetivo/congestion: 0.69605347
Cota superior: 0.69605347
Cota inferior: 0.69605347
Gap certificado: 0.0%
Iteraciones: 3
Columnas finales: 10469
Resultado guardado en: /Users/alfonsocid/Desktop/Repo Capstone/resultados/t45_solver_columnas_e2.txt
==========================================================
GUARDADO | resultados E2/E2_Method0_T1-T100/t45_solver_columnas_e2_method0.txt

EJECUTANDO | t46 | E2 | Method=0
Mulgen ya está compilado.
Generando instancia con t46.par...
 no commodity capacity
 *************************************
 Writing output to file out                                     
 End of writing.
Instancia generada: 400 nodos, 1600 arcos y 10650 productos.
Ejecutando solver: solver_columnas_e2.py
Los resultados se guardarán en /Users/alfonsocid/Desktop/Repo Capstone/resultados/t46_solver_columnas_e2.txt
Filtro de conectividad: 369 productos sin camino eliminados.
Filtro de conectividad: 10650 -> 10281 productos.
Filtro de conectividad: productos eliminados (muestra): [4, 22, 51, 77, 89, 103, 110, 113, 128, 130, 147, 164, 238, 275, 325, 331, 378, 385, 398, 408] ...
Filtro de conectividad: red original preservada y verificacion final superada.
Nodos: 400
Arcos: 1600
Productos: 10650

Solver E2: partida congestion-aware + pricing C++ + gap certificado
Productos: 10281 | Arcos: 1600
ETA: 25 | Gap objetivo: 1%
Construyendo el problema maestro restringido...
Set parameter Username
Set parameter LicenseID to value 2855691
Academic license - for non-commercial use only - expires 2027-08-24
Set parameter Method to value 0
Calculando caminos iniciales congestion-aware...
Caminos iniciales listos: 10281 columnas en 0.12s.
Iteración 1: resolviendo maestro con 10281 columnas...
Iteración 1: z=1.02138275 | cota inferior=0.00000000 | gap=infinito | columnas=10341 | nuevas=60 | costo reducido=-3.564e-04 | maestro=0.01s | pricing=0.03s
Iteración 2: resolviendo maestro con 10341 columnas...
Iteración 2: z=0.77594937 | cota inferior=0.77594937 | gap=0.0000% | columnas=10341 | nuevas=0 | costo reducido=0.000e+00 | maestro=0.01s | pricing=0.04s

Solución óptima certificada
Congestión máxima: 0.77594937 (77.59%)
Cota superior: 0.77594937
Cota inferior: 0.77594937
Gap certificado: 0.000000%
Iteraciones: 2 | Columnas: 10341
Tiempo total: 0.30 segundos

Diez arcos más congestionados:
Arco 672: 172 -> 376 | flujo=2726.69 | capacidad=3514 | congestión=0.7759
Arco 15: 4 -> 376 | flujo=2177.31 | capacidad=2806 | congestión=0.7759
Arco 772: 196 -> 244 | flujo=3183.69 | capacidad=4432 | congestión=0.7183
Arco 716: 182 -> 325 | flujo=6565.00 | capacidad=9336 | congestión=0.7032
Arco 1384: 341 -> 263 | flujo=2327.00 | capacidad=3383 | congestión=0.6879
Arco 1597: 400 -> 77 | flujo=3287.00 | capacidad=4983 | congestión=0.6596
Arco 70: 20 -> 373 | flujo=4384.00 | capacidad=7080 | congestión=0.6192
Arco 993: 244 -> 172 | flujo=4240.69 | capacidad=7264 | congestión=0.5838
Arco 385: 98 -> 204 | flujo=5585.00 | capacidad=9572 | congestión=0.5835
Arco 1123: 277 -> 2 | flujo=6019.00 | capacidad=10332 | congestión=0.5826

==========================================================
RESUMEN DE EJECUCION — KPI
==========================================================
Instancia: t46 (400 nodos, 1600 arcos, 10650 productos)
Solver: solver_columnas_e2.py
Estado: completado
Tiempo de pared del proceso: 0.57 s
Tiempo de CPU acumulado: 0.55 s
Uso medio aproximado de CPU: 96.1%
Memoria residente maxima observada: 97.55 MB
Tiempo interno del algoritmo: 0.3 s
Objetivo/congestion: 0.77594937
Cota superior: 0.77594937
Cota inferior: 0.77594937
Gap certificado: 0.0%
Iteraciones: 2
Columnas finales: 10341
Resultado guardado en: /Users/alfonsocid/Desktop/Repo Capstone/resultados/t46_solver_columnas_e2.txt
==========================================================
GUARDADO | resultados E2/E2_Method0_T1-T100/t46_solver_columnas_e2_method0.txt

EJECUTANDO | t47 | E2 | Method=0
Mulgen ya está compilado.
Generando instancia con t47.par...
 no commodity capacity
 *************************************
 Writing output to file out                                     
 End of writing.
Instancia generada: 400 nodos, 1600 arcos y 10650 productos.
Ejecutando solver: solver_columnas_e2.py
Los resultados se guardarán en /Users/alfonsocid/Desktop/Repo Capstone/resultados/t47_solver_columnas_e2.txt
Filtro de conectividad: 332 productos sin camino eliminados.
Filtro de conectividad: 10650 -> 10318 productos.
Filtro de conectividad: productos eliminados (muestra): [78, 85, 145, 151, 208, 301, 328, 361, 413, 481, 502, 504, 514, 545, 559, 575, 586, 612, 655, 693] ...
Filtro de conectividad: red original preservada y verificacion final superada.
Nodos: 400
Arcos: 1600
Productos: 10650

Solver E2: partida congestion-aware + pricing C++ + gap certificado
Productos: 10318 | Arcos: 1600
ETA: 25 | Gap objetivo: 1%
Construyendo el problema maestro restringido...
Set parameter Username
Set parameter LicenseID to value 2855691
Academic license - for non-commercial use only - expires 2027-08-24
Set parameter Method to value 0
Calculando caminos iniciales congestion-aware...
Caminos iniciales listos: 10318 columnas en 0.11s.
Iteración 1: resolviendo maestro con 10318 columnas...
Iteración 1: z=0.84459235 | cota inferior=0.79866889 | gap=5.7500% | columnas=10321 | nuevas=3 | costo reducido=-3.328e-04 | maestro=0.01s | pricing=0.04s
Iteración 2: resolviendo maestro con 10321 columnas...
Iteración 2: z=0.83185570 | cota inferior=0.79866889 | gap=4.1553% | columnas=10326 | nuevas=5 | costo reducido=-3.057e-04 | maestro=0.01s | pricing=0.05s
Iteración 3: resolviendo maestro con 10326 columnas...
Iteración 3: z=0.79866889 | cota inferior=0.79866889 | gap=0.0000% | columnas=10326 | nuevas=0 | costo reducido=0.000e+00 | maestro=0.01s | pricing=0.04s

Solución óptima certificada
Congestión máxima: 0.79866889 (79.87%)
Cota superior: 0.79866889
Cota inferior: 0.79866889
Gap certificado: 0.000000%
Iteraciones: 3 | Columnas: 10326
Tiempo total: 0.32 segundos

Diez arcos más congestionados:
Arco 516: 134 -> 85 | flujo=2612.45 | capacidad=3271 | congestión=0.7987
Arco 1146: 294 -> 253 | flujo=2400.00 | capacidad=3005 | congestión=0.7987
Arco 1167: 300 -> 322 | flujo=4399.00 | capacidad=6461 | congestión=0.6809
Arco 1284: 329 -> 217 | flujo=6406.00 | capacidad=9572 | congestión=0.6692
Arco 531: 139 -> 173 | flujo=1815.55 | capacidad=2872 | congestión=0.6322
Arco 1148: 295 -> 251 | flujo=3959.00 | capacidad=6647 | congestión=0.5956
Arco 645: 170 -> 141 | flujo=6301.00 | capacidad=11087 | congestión=0.5683
Arco 1303: 334 -> 173 | flujo=1700.45 | capacidad=3058 | congestión=0.5561
Arco 602: 160 -> 181 | flujo=6761.00 | capacidad=12231 | congestión=0.5528
Arco 659: 173 -> 384 | flujo=2357.00 | capacidad=4281 | congestión=0.5506

==========================================================
RESUMEN DE EJECUCION — KPI
==========================================================
Instancia: t47 (400 nodos, 1600 arcos, 10650 productos)
Solver: solver_columnas_e2.py
Estado: completado
Tiempo de pared del proceso: 1.26 s
Tiempo de CPU acumulado: 0.67 s
Uso medio aproximado de CPU: 53.3%
Memoria residente maxima observada: 94.41 MB
Tiempo interno del algoritmo: 0.32 s
Objetivo/congestion: 0.79866889
Cota superior: 0.79866889
Cota inferior: 0.79866889
Gap certificado: 0.0%
Iteraciones: 3
Columnas finales: 10326
Resultado guardado en: /Users/alfonsocid/Desktop/Repo Capstone/resultados/t47_solver_columnas_e2.txt
==========================================================
GUARDADO | resultados E2/E2_Method0_T1-T100/t47_solver_columnas_e2_method0.txt

EJECUTANDO | t48 | E2 | Method=0
Mulgen ya está compilado.
Generando instancia con t48.par...
 no commodity capacity
 *************************************
 Writing output to file out                                     
 End of writing.
Instancia generada: 400 nodos, 1600 arcos y 10650 productos.
Ejecutando solver: solver_columnas_e2.py
Los resultados se guardarán en /Users/alfonsocid/Desktop/Repo Capstone/resultados/t48_solver_columnas_e2.txt
Filtro de conectividad: 562 productos sin camino eliminados.
Filtro de conectividad: 10650 -> 10088 productos.
Filtro de conectividad: productos eliminados (muestra): [46, 104, 110, 118, 122, 132, 149, 213, 216, 258, 264, 289, 311, 337, 353, 373, 401, 413, 425, 426] ...
Filtro de conectividad: red original preservada y verificacion final superada.
Nodos: 400
Arcos: 1600
Productos: 10650

Solver E2: partida congestion-aware + pricing C++ + gap certificado
Productos: 10088 | Arcos: 1600
ETA: 25 | Gap objetivo: 1%
Construyendo el problema maestro restringido...
Set parameter Username
Set parameter LicenseID to value 2855691
Academic license - for non-commercial use only - expires 2027-08-24
Set parameter Method to value 0
Calculando caminos iniciales congestion-aware...
Caminos iniciales listos: 10088 columnas en 0.14s.
Iteración 1: resolviendo maestro con 10088 columnas...
Iteración 1: z=0.77699896 | cota inferior=0.47689512 | gap=62.9287% | columnas=10118 | nuevas=30 | costo reducido=-2.596e-04 | maestro=0.01s | pricing=0.04s
Iteración 2: resolviendo maestro con 10118 columnas...
Iteración 2: z=0.73263190 | cota inferior=0.56630048 | gap=29.3716% | columnas=10142 | nuevas=24 | costo reducido=-1.547e-04 | maestro=0.01s | pricing=0.05s
Iteración 3: resolviendo maestro con 10142 columnas...
Iteración 3: z=0.64330676 | cota inferior=0.56630048 | gap=13.5981% | columnas=10179 | nuevas=37 | costo reducido=-1.399e-04 | maestro=0.01s | pricing=0.05s
Iteración 4: resolviendo maestro con 10179 columnas...
Iteración 4: z=0.60509993 | cota inferior=0.56630048 | gap=6.8514% | columnas=10191 | nuevas=12 | costo reducido=-3.446e-04 | maestro=0.01s | pricing=0.04s
Iteración 5: resolviendo maestro con 10191 columnas...
Iteración 5: z=0.59895132 | cota inferior=0.56630048 | gap=5.7656% | columnas=10303 | nuevas=112 | costo reducido=-7.086e-05 | maestro=0.01s | pricing=0.04s
Iteración 6: resolviendo maestro con 10303 columnas...
Iteración 6: z=0.59642532 | cota inferior=0.56630048 | gap=5.3196% | columnas=10421 | nuevas=118 | costo reducido=-1.138e-04 | maestro=0.01s | pricing=0.05s
Iteración 7: resolviendo maestro con 10421 columnas...
Iteración 7: z=0.57568534 | cota inferior=0.56630048 | gap=1.6572% | columnas=10476 | nuevas=55 | costo reducido=-2.384e-04 | maestro=0.01s | pricing=0.04s
Iteración 8: resolviendo maestro con 10476 columnas...
Iteración 8: z=0.56630048 | cota inferior=0.56630048 | gap=0.0000% | columnas=10476 | nuevas=0 | costo reducido=0.000e+00 | maestro=0.01s | pricing=0.04s

Solución óptima certificada
Congestión máxima: 0.56630048 (56.63%)
Cota superior: 0.56630048
Cota inferior: 0.56630048
Gap certificado: 0.000000%
Iteraciones: 8 | Columnas: 10476
Tiempo total: 0.60 segundos

Diez arcos más congestionados:
Arco 93: 25 -> 96 | flujo=4496.43 | capacidad=7940 | congestión=0.5663
Arco 620: 155 -> 18 | flujo=1673.42 | capacidad=2955 | congestión=0.5663
Arco 643: 161 -> 98 | flujo=4048.48 | capacidad=7149 | congestión=0.5663
Arco 730: 187 -> 136 | flujo=5303.40 | capacidad=9365 | congestión=0.5663
Arco 1554: 389 -> 76 | flujo=4974.38 | capacidad=8784 | congestión=0.5663
Arco 195: 46 -> 206 | flujo=4332.20 | capacidad=7650 | congestión=0.5663
Arco 240: 60 -> 277 | flujo=1643.40 | capacidad=2902 | congestión=0.5663
Arco 1486: 370 -> 270 | flujo=5049.14 | capacidad=8916 | congestión=0.5663
Arco 1543: 386 -> 327 | flujo=3660.00 | capacidad=6463 | congestión=0.5663
Arco 1594: 398 -> 350 | flujo=2375.63 | capacidad=4195 | congestión=0.5663

==========================================================
RESUMEN DE EJECUCION — KPI
==========================================================
Instancia: t48 (400 nodos, 1600 arcos, 10650 productos)
Solver: solver_columnas_e2.py
Estado: completado
Tiempo de pared del proceso: 0.93 s
Tiempo de CPU acumulado: 0.88 s
Uso medio aproximado de CPU: 94.2%
Memoria residente maxima observada: 108.78 MB
Tiempo interno del algoritmo: 0.6 s
Objetivo/congestion: 0.56630048
Cota superior: 0.56630048
Cota inferior: 0.56630048
Gap certificado: 0.0%
Iteraciones: 8
Columnas finales: 10476
Resultado guardado en: /Users/alfonsocid/Desktop/Repo Capstone/resultados/t48_solver_columnas_e2.txt
==========================================================
GUARDADO | resultados E2/E2_Method0_T1-T100/t48_solver_columnas_e2_method0.txt

EJECUTANDO | t49 | E2 | Method=0
Mulgen ya está compilado.
Generando instancia con t49.par...
 no commodity capacity
 *************************************
 Writing output to file out                                     
 End of writing.
Instancia generada: 400 nodos, 1600 arcos y 10650 productos.
Ejecutando solver: solver_columnas_e2.py
Los resultados se guardarán en /Users/alfonsocid/Desktop/Repo Capstone/resultados/t49_solver_columnas_e2.txt
Filtro de conectividad: 437 productos sin camino eliminados.
Filtro de conectividad: 10650 -> 10213 productos.
Filtro de conectividad: productos eliminados (muestra): [6, 50, 150, 166, 209, 217, 223, 230, 244, 300, 317, 326, 330, 387, 398, 410, 419, 434, 445, 447] ...
Filtro de conectividad: red original preservada y verificacion final superada.
Nodos: 400
Arcos: 1600
Productos: 10650

Solver E2: partida congestion-aware + pricing C++ + gap certificado
Productos: 10213 | Arcos: 1600
ETA: 25 | Gap objetivo: 1%
Construyendo el problema maestro restringido...
Set parameter Username
Set parameter LicenseID to value 2855691
Academic license - for non-commercial use only - expires 2027-08-24
Set parameter Method to value 0
Calculando caminos iniciales congestion-aware...
Caminos iniciales listos: 10213 columnas en 0.12s.
Iteración 1: resolviendo maestro con 10213 columnas...
Iteración 1: z=1.16834094 | cota inferior=1.16834094 | gap=0.0000% | columnas=10213 | nuevas=0 | costo reducido=0.000e+00 | maestro=0.01s | pricing=0.04s

Solución óptima certificada
Congestión máxima: 1.16834094 (116.83%)
Cota superior: 1.16834094
Cota inferior: 1.16834094
Gap certificado: 0.000000%
Iteraciones: 1 | Columnas: 10213
Tiempo total: 0.23 segundos

Diez arcos más congestionados:
Arco 1339: 338 -> 50 | flujo=3838.00 | capacidad=3285 | congestión=1.1683
Arco 1500: 375 -> 191 | flujo=5218.00 | capacidad=7931 | congestión=0.6579
Arco 954: 245 -> 346 | flujo=3977.00 | capacidad=6275 | congestión=0.6338
Arco 253: 65 -> 273 | flujo=6124.00 | capacidad=9666 | congestión=0.6336
Arco 837: 215 -> 246 | flujo=2024.00 | capacidad=3311 | congestión=0.6113
Arco 709: 181 -> 56 | flujo=6500.00 | capacidad=11402 | congestión=0.5701
Arco 1408: 353 -> 349 | flujo=5474.00 | capacidad=9613 | congestión=0.5694
Arco 739: 188 -> 99 | flujo=4677.00 | capacidad=8304 | congestión=0.5632
Arco 74: 21 -> 72 | flujo=1639.00 | capacidad=2964 | congestión=0.5530
Arco 1145: 294 -> 260 | flujo=1861.00 | capacidad=3498 | congestión=0.5320

==========================================================
RESUMEN DE EJECUCION — KPI
==========================================================
Instancia: t49 (400 nodos, 1600 arcos, 10650 productos)
Solver: solver_columnas_e2.py
Estado: completado
Tiempo de pared del proceso: 0.54 s
Tiempo de CPU acumulado: 0.51 s
Uso medio aproximado de CPU: 94.7%
Memoria residente maxima observada: 90.64 MB
Tiempo interno del algoritmo: 0.23 s
Objetivo/congestion: 1.16834094
Cota superior: 1.16834094
Cota inferior: 1.16834094
Gap certificado: 0.0%
Iteraciones: 1
Columnas finales: 10213
Resultado guardado en: /Users/alfonsocid/Desktop/Repo Capstone/resultados/t49_solver_columnas_e2.txt
==========================================================
GUARDADO | resultados E2/E2_Method0_T1-T100/t49_solver_columnas_e2_method0.txt

EJECUTANDO | t50 | E2 | Method=0
Mulgen ya está compilado.
Generando instancia con t50.par...
 no commodity capacity
 *************************************
 Writing output to file out                                     
 End of writing.
Instancia generada: 400 nodos, 1600 arcos y 10650 productos.
Ejecutando solver: solver_columnas_e2.py
Los resultados se guardarán en /Users/alfonsocid/Desktop/Repo Capstone/resultados/t50_solver_columnas_e2.txt
Filtro de conectividad: 444 productos sin camino eliminados.
Filtro de conectividad: 10650 -> 10206 productos.
Filtro de conectividad: productos eliminados (muestra): [9, 23, 41, 98, 133, 142, 160, 185, 187, 197, 220, 222, 248, 260, 289, 322, 323, 359, 362, 380] ...
Filtro de conectividad: red original preservada y verificacion final superada.
Nodos: 400
Arcos: 1600
Productos: 10650

Solver E2: partida congestion-aware + pricing C++ + gap certificado
Productos: 10206 | Arcos: 1600
ETA: 25 | Gap objetivo: 1%
Construyendo el problema maestro restringido...
Set parameter Username
Set parameter LicenseID to value 2855691
Academic license - for non-commercial use only - expires 2027-08-24
Set parameter Method to value 0
Calculando caminos iniciales congestion-aware...
Caminos iniciales listos: 10206 columnas en 0.10s.
Iteración 1: resolviendo maestro con 10206 columnas...
Iteración 1: z=0.76017954 | cota inferior=0.73645399 | gap=3.2216% | columnas=10208 | nuevas=2 | costo reducido=-3.206e-04 | maestro=0.01s | pricing=0.03s
Iteración 2: resolviendo maestro con 10208 columnas...
Iteración 2: z=0.73645399 | cota inferior=0.73645399 | gap=0.0000% | columnas=10208 | nuevas=0 | costo reducido=0.000e+00 | maestro=0.01s | pricing=0.05s

Solución óptima certificada
Congestión máxima: 0.73645399 (73.65%)
Cota superior: 0.73645399
Cota inferior: 0.73645399
Gap certificado: 0.000000%
Iteraciones: 2 | Columnas: 10208
Tiempo total: 0.31 segundos

Diez arcos más congestionados:
Arco 1409: 354 -> 279 | flujo=2297.00 | capacidad=3119 | congestión=0.7365
Arco 1255: 315 -> 216 | flujo=2673.00 | capacidad=4335 | congestión=0.6166
Arco 1277: 322 -> 16 | flujo=5544.00 | capacidad=9040 | congestión=0.6133
Arco 1573: 391 -> 172 | flujo=4915.00 | capacidad=8168 | congestión=0.6017
Arco 1507: 375 -> 236 | flujo=7584.00 | capacidad=12635 | congestión=0.6002
Arco 1312: 332 -> 100 | flujo=2040.00 | capacidad=3410 | congestión=0.5982
Arco 1304: 329 -> 119 | flujo=6333.00 | capacidad=10679 | congestión=0.5930
Arco 851: 223 -> 283 | flujo=4623.00 | capacidad=7798 | congestión=0.5928
Arco 33: 8 -> 282 | flujo=4965.00 | capacidad=9119 | congestión=0.5445
Arco 1166: 292 -> 191 | flujo=1424.00 | capacidad=2697 | congestión=0.5280

==========================================================
RESUMEN DE EJECUCION — KPI
==========================================================
Instancia: t50 (400 nodos, 1600 arcos, 10650 productos)
Solver: solver_columnas_e2.py
Estado: completado
Tiempo de pared del proceso: 0.60 s
Tiempo de CPU acumulado: 0.56 s
Uso medio aproximado de CPU: 93.6%
Memoria residente maxima observada: 95.59 MB
Tiempo interno del algoritmo: 0.31 s
Objetivo/congestion: 0.73645399
Cota superior: 0.73645399
Cota inferior: 0.73645399
Gap certificado: 0.0%
Iteraciones: 2
Columnas finales: 10208
Resultado guardado en: /Users/alfonsocid/Desktop/Repo Capstone/resultados/t50_solver_columnas_e2.txt
==========================================================
GUARDADO | resultados E2/E2_Method0_T1-T100/t50_solver_columnas_e2_method0.txt

EJECUTANDO | t51 | E2 | Method=0
Mulgen ya está compilado.
Generando instancia con t51.par...
 no commodity capacity
 *************************************
 Writing output to file out                                     
 End of writing.
Instancia generada: 400 nodos, 1600 arcos y 10650 productos.
Ejecutando solver: solver_columnas_e2.py
Los resultados se guardarán en /Users/alfonsocid/Desktop/Repo Capstone/resultados/t51_solver_columnas_e2.txt
Filtro de conectividad: 463 productos sin camino eliminados.
Filtro de conectividad: 10650 -> 10187 productos.
Filtro de conectividad: productos eliminados (muestra): [24, 28, 30, 108, 193, 206, 208, 223, 227, 241, 245, 254, 260, 279, 292, 328, 374, 378, 381, 410] ...
Filtro de conectividad: red original preservada y verificacion final superada.
Nodos: 400
Arcos: 1600
Productos: 10650

Solver E2: partida congestion-aware + pricing C++ + gap certificado
Productos: 10187 | Arcos: 1600
ETA: 25 | Gap objetivo: 1%
Construyendo el problema maestro restringido...
Set parameter Username
Set parameter LicenseID to value 2855691
Academic license - for non-commercial use only - expires 2027-08-24
Set parameter Method to value 0
Calculando caminos iniciales congestion-aware...
Caminos iniciales listos: 10187 columnas en 0.15s.
Iteración 1: resolviendo maestro con 10187 columnas...
Iteración 1: z=0.94661822 | cota inferior=0.67439911 | gap=40.3647% | columnas=10207 | nuevas=20 | costo reducido=-2.795e-04 | maestro=0.01s | pricing=0.04s
Iteración 2: resolviendo maestro con 10207 columnas...
Iteración 2: z=0.71923708 | cota inferior=0.67439911 | gap=6.6486% | columnas=10246 | nuevas=39 | costo reducido=-1.025e-04 | maestro=0.01s | pricing=0.05s
Iteración 3: resolviendo maestro con 10246 columnas...
Iteración 3: z=0.70622809 | cota inferior=0.67439911 | gap=4.7196% | columnas=10372 | nuevas=126 | costo reducido=-1.031e-04 | maestro=0.01s | pricing=0.07s
Iteración 4: resolviendo maestro con 10372 columnas...
Iteración 4: z=0.67439911 | cota inferior=0.67439911 | gap=0.0000% | columnas=10372 | nuevas=0 | costo reducido=0.000e+00 | maestro=0.01s | pricing=0.04s

Solución óptima certificada
Congestión máxima: 0.67439911 (67.44%)
Cota superior: 0.67439911
Cota inferior: 0.67439911
Gap certificado: 0.000000%
Iteraciones: 4 | Columnas: 10372
Tiempo total: 0.45 segundos

Diez arcos más congestionados:
Arco 699: 172 -> 367 | flujo=4163.74 | capacidad=6174 | congestión=0.6744
Arco 874: 215 -> 291 | flujo=2413.00 | capacidad=3578 | congestión=0.6744
Arco 1202: 305 -> 26 | flujo=6540.32 | capacidad=9698 | congestión=0.6744
Arco 175: 37 -> 186 | flujo=1955.00 | capacidad=2995 | congestión=0.6528
Arco 722: 178 -> 362 | flujo=2492.00 | capacidad=4108 | congestión=0.6066
Arco 1375: 349 -> 342 | flujo=3159.00 | capacidad=5300 | congestión=0.5960
Arco 915: 225 -> 311 | flujo=3715.00 | capacidad=6651 | congestión=0.5586
Arco 1473: 370 -> 302 | flujo=3690.00 | capacidad=6651 | congestión=0.5548
Arco 1070: 269 -> 95 | flujo=4370.00 | capacidad=7923 | congestión=0.5516
Arco 1112: 280 -> 252 | flujo=4672.00 | capacidad=8692 | congestión=0.5375

==========================================================
RESUMEN DE EJECUCION — KPI
==========================================================
Instancia: t51 (400 nodos, 1600 arcos, 10650 productos)
Solver: solver_columnas_e2.py
Estado: completado
Tiempo de pared del proceso: 0.77 s
Tiempo de CPU acumulado: 0.72 s
Uso medio aproximado de CPU: 93.9%
Memoria residente maxima observada: 102.77 MB
Tiempo interno del algoritmo: 0.45 s
Objetivo/congestion: 0.67439911
Cota superior: 0.67439911
Cota inferior: 0.67439911
Gap certificado: 0.0%
Iteraciones: 4
Columnas finales: 10372
Resultado guardado en: /Users/alfonsocid/Desktop/Repo Capstone/resultados/t51_solver_columnas_e2.txt
==========================================================
GUARDADO | resultados E2/E2_Method0_T1-T100/t51_solver_columnas_e2_method0.txt

EJECUTANDO | t52 | E2 | Method=0
Mulgen ya está compilado.
Generando instancia con t52.par...
 no commodity capacity
 *************************************
 Writing output to file out                                     
 End of writing.
Instancia generada: 400 nodos, 1600 arcos y 10650 productos.
Ejecutando solver: solver_columnas_e2.py
Los resultados se guardarán en /Users/alfonsocid/Desktop/Repo Capstone/resultados/t52_solver_columnas_e2.txt
Filtro de conectividad: 548 productos sin camino eliminados.
Filtro de conectividad: 10650 -> 10102 productos.
Filtro de conectividad: productos eliminados (muestra): [9, 15, 16, 32, 74, 99, 118, 119, 120, 161, 164, 177, 184, 217, 224, 239, 266, 278, 286, 291] ...
Filtro de conectividad: red original preservada y verificacion final superada.
Nodos: 400
Arcos: 1600
Productos: 10650

Solver E2: partida congestion-aware + pricing C++ + gap certificado
Productos: 10102 | Arcos: 1600
ETA: 25 | Gap objetivo: 1%
Construyendo el problema maestro restringido...
Set parameter Username
Set parameter LicenseID to value 2855691
Academic license - for non-commercial use only - expires 2027-08-24
Set parameter Method to value 0
Calculando caminos iniciales congestion-aware...
Caminos iniciales listos: 10102 columnas en 0.10s.
Iteración 1: resolviendo maestro con 10102 columnas...
Iteración 1: z=0.54887762 | cota inferior=0.00000000 | gap=infinito | columnas=10186 | nuevas=84 | costo reducido=-1.448e-04 | maestro=0.01s | pricing=0.04s
Iteración 2: resolviendo maestro con 10186 columnas...
Iteración 2: z=0.54514230 | cota inferior=0.00000000 | gap=infinito | columnas=10257 | nuevas=71 | costo reducido=-1.636e-04 | maestro=0.01s | pricing=0.05s
Iteración 3: resolviendo maestro con 10257 columnas...
Iteración 3: z=0.51842752 | cota inferior=0.32760033 | gap=58.2500% | columnas=10273 | nuevas=16 | costo reducido=-2.730e-04 | maestro=0.01s | pricing=0.04s
Iteración 4: resolviendo maestro con 10273 columnas...
Iteración 4: z=0.49916143 | cota inferior=0.32760033 | gap=52.3690% | columnas=10378 | nuevas=105 | costo reducido=-1.048e-04 | maestro=0.01s | pricing=0.04s
Iteración 5: resolviendo maestro con 10378 columnas...
Iteración 5: z=0.49315750 | cota inferior=0.32760033 | gap=50.5363% | columnas=10465 | nuevas=87 | costo reducido=-1.244e-04 | maestro=0.01s | pricing=0.05s
Iteración 6: resolviendo maestro con 10465 columnas...
Iteración 6: z=0.48642460 | cota inferior=0.32760033 | gap=48.4811% | columnas=10565 | nuevas=100 | costo reducido=-1.090e-04 | maestro=0.01s | pricing=0.06s
Iteración 7: resolviendo maestro con 10565 columnas...
Iteración 7: z=0.48102638 | cota inferior=0.32760033 | gap=46.8333% | columnas=10655 | nuevas=90 | costo reducido=-1.205e-04 | maestro=0.01s | pricing=0.04s
Iteración 8: resolviendo maestro con 10655 columnas...
Iteración 8: z=0.47476972 | cota inferior=0.32760033 | gap=44.9235% | columnas=10703 | nuevas=48 | costo reducido=-1.001e-04 | maestro=0.01s | pricing=0.04s
Iteración 9: resolviendo maestro con 10703 columnas...
Iteración 9: z=0.46894469 | cota inferior=0.32760033 | gap=43.1454% | columnas=10783 | nuevas=80 | costo reducido=-9.439e-05 | maestro=0.01s | pricing=0.05s
Iteración 10: resolviendo maestro con 10783 columnas...
Iteración 10: z=0.46205734 | cota inferior=0.32760033 | gap=41.0430% | columnas=10841 | nuevas=58 | costo reducido=-1.686e-04 | maestro=0.01s | pricing=0.04s
Iteración 11: resolviendo maestro con 10841 columnas...
Iteración 11: z=0.45560426 | cota inferior=0.32760033 | gap=39.0732% | columnas=10924 | nuevas=83 | costo reducido=-1.252e-04 | maestro=0.01s | pricing=0.04s
Iteración 12: resolviendo maestro con 10924 columnas...
Iteración 12: z=0.45190157 | cota inferior=0.32760033 | gap=37.9430% | columnas=11028 | nuevas=104 | costo reducido=-8.286e-05 | maestro=0.01s | pricing=0.05s
Iteración 13: resolviendo maestro con 11028 columnas...
Iteración 13: z=0.45070423 | cota inferior=0.32760033 | gap=37.5775% | columnas=11112 | nuevas=84 | costo reducido=-1.164e-04 | maestro=0.01s | pricing=0.04s
Iteración 14: resolviendo maestro con 11112 columnas...
Iteración 14: z=0.44587135 | cota inferior=0.32760033 | gap=36.1022% | columnas=11213 | nuevas=101 | costo reducido=-5.811e-05 | maestro=0.01s | pricing=0.04s
Iteración 15: resolviendo maestro con 11213 columnas...
Iteración 15: z=0.44152913 | cota inferior=0.32760033 | gap=34.7768% | columnas=11284 | nuevas=71 | costo reducido=-1.411e-04 | maestro=0.01s | pricing=0.08s
Iteración 16: resolviendo maestro con 11284 columnas...
Iteración 16: z=0.43798970 | cota inferior=0.32760033 | gap=33.6964% | columnas=11313 | nuevas=29 | costo reducido=-1.119e-04 | maestro=0.01s | pricing=0.08s
Iteración 17: resolviendo maestro con 11313 columnas...
Iteración 17: z=0.43518009 | cota inferior=0.32760033 | gap=32.8387% | columnas=11390 | nuevas=77 | costo reducido=-6.874e-05 | maestro=0.02s | pricing=0.05s
Iteración 18: resolviendo maestro con 11390 columnas...
Iteración 18: z=0.43333067 | cota inferior=0.32760033 | gap=32.2742% | columnas=11478 | nuevas=88 | costo reducido=-7.989e-05 | maestro=0.01s | pricing=0.06s
Iteración 19: resolviendo maestro con 11478 columnas...
Iteración 19: z=0.43299438 | cota inferior=0.43299438 | gap=0.0000% | columnas=11478 | nuevas=0 | costo reducido=0.000e+00 | maestro=0.01s | pricing=0.10s

Solución óptima certificada
Congestión máxima: 0.43299438 (43.30%)
Cota superior: 0.43299438
Cota inferior: 0.43299438
Gap certificado: 0.000000%
Iteraciones: 19 | Columnas: 11478
Tiempo total: 1.34 segundos

Diez arcos más congestionados:
Arco 270: 70 -> 135 | flujo=4803.64 | capacidad=11094 | congestión=0.4330
Arco 709: 182 -> 276 | flujo=5225.81 | capacidad=12069 | congestión=0.4330
Arco 1041: 263 -> 217 | flujo=3868.37 | capacidad=8934 | congestión=0.4330
Arco 39: 9 -> 25 | flujo=3970.99 | capacidad=9171 | congestión=0.4330
Arco 56: 13 -> 72 | flujo=4005.20 | capacidad=9250 | congestión=0.4330
Arco 60: 14 -> 68 | flujo=4096.56 | capacidad=9461 | congestión=0.4330
Arco 62: 15 -> 379 | flujo=1551.85 | capacidad=3584 | congestión=0.4330
Arco 132: 33 -> 198 | flujo=4324.75 | capacidad=9988 | congestión=0.4330
Arco 252: 66 -> 41 | flujo=2396.19 | capacidad=5534 | congestión=0.4330
Arco 254: 67 -> 1 | flujo=3446.20 | capacidad=7959 | congestión=0.4330

==========================================================
RESUMEN DE EJECUCION — KPI
==========================================================
Instancia: t52 (400 nodos, 1600 arcos, 10650 productos)
Solver: solver_columnas_e2.py
Estado: completado
Tiempo de pared del proceso: 1.78 s
Tiempo de CPU acumulado: 1.56 s
Uso medio aproximado de CPU: 87.7%
Memoria residente maxima observada: 117.58 MB
Tiempo interno del algoritmo: 1.34 s
Objetivo/congestion: 0.43299438
Cota superior: 0.43299438
Cota inferior: 0.43299438
Gap certificado: 0.0%
Iteraciones: 19
Columnas finales: 11478
Resultado guardado en: /Users/alfonsocid/Desktop/Repo Capstone/resultados/t52_solver_columnas_e2.txt
==========================================================
GUARDADO | resultados E2/E2_Method0_T1-T100/t52_solver_columnas_e2_method0.txt

EJECUTANDO | t53 | E2 | Method=0
Mulgen ya está compilado.
Generando instancia con t53.par...
 no commodity capacity
 *************************************
 Writing output to file out                                     
 End of writing.
Instancia generada: 400 nodos, 1600 arcos y 10650 productos.
Ejecutando solver: solver_columnas_e2.py
Los resultados se guardarán en /Users/alfonsocid/Desktop/Repo Capstone/resultados/t53_solver_columnas_e2.txt
Filtro de conectividad: 478 productos sin camino eliminados.
Filtro de conectividad: 10650 -> 10172 productos.
Filtro de conectividad: productos eliminados (muestra): [57, 74, 103, 110, 112, 138, 139, 184, 191, 205, 220, 244, 264, 285, 328, 335, 350, 351, 374, 376] ...
Filtro de conectividad: red original preservada y verificacion final superada.
Nodos: 400
Arcos: 1600
Productos: 10650

Solver E2: partida congestion-aware + pricing C++ + gap certificado
Productos: 10172 | Arcos: 1600
ETA: 25 | Gap objetivo: 1%
Construyendo el problema maestro restringido...
Set parameter Username
Set parameter LicenseID to value 2855691
Academic license - for non-commercial use only - expires 2027-08-24
Set parameter Method to value 0
Calculando caminos iniciales congestion-aware...
Caminos iniciales listos: 10172 columnas en 0.11s.
Iteración 1: resolviendo maestro con 10172 columnas...
Iteración 1: z=0.74340903 | cota inferior=0.74340903 | gap=0.0000% | columnas=10172 | nuevas=0 | costo reducido=0.000e+00 | maestro=0.01s | pricing=0.04s

Solución óptima certificada
Congestión máxima: 0.74340903 (74.34%)
Cota superior: 0.74340903
Cota inferior: 0.74340903
Gap certificado: 0.000000%
Iteraciones: 1 | Columnas: 10172
Tiempo total: 0.22 segundos

Diez arcos más congestionados:
Arco 1125: 284 -> 123 | flujo=2848.00 | capacidad=3831 | congestión=0.7434
Arco 1105: 280 -> 10 | flujo=2067.00 | capacidad=3091 | congestión=0.6687
Arco 970: 250 -> 158 | flujo=7081.00 | capacidad=11465 | congestión=0.6176
Arco 1454: 367 -> 15 | flujo=5786.00 | capacidad=9854 | congestión=0.5872
Arco 775: 200 -> 310 | flujo=5463.00 | capacidad=9352 | congestión=0.5842
Arco 150: 41 -> 235 | flujo=1527.00 | capacidad=2642 | congestión=0.5780
Arco 1242: 314 -> 83 | flujo=1520.00 | capacidad=2748 | congestión=0.5531
Arco 1592: 398 -> 10 | flujo=2391.00 | capacidad=4386 | congestión=0.5451
Arco 194: 52 -> 300 | flujo=6702.00 | capacidad=12443 | congestión=0.5386
Arco 684: 175 -> 325 | flujo=6726.00 | capacidad=12522 | congestión=0.5371

==========================================================
RESUMEN DE EJECUCION — KPI
==========================================================
Instancia: t53 (400 nodos, 1600 arcos, 10650 productos)
Solver: solver_columnas_e2.py
Estado: completado
Tiempo de pared del proceso: 0.52 s
Tiempo de CPU acumulado: 0.53 s
Uso medio aproximado de CPU: 101.5%
Memoria residente maxima observada: 90.42 MB
Tiempo interno del algoritmo: 0.22 s
Objetivo/congestion: 0.74340903
Cota superior: 0.74340903
Cota inferior: 0.74340903
Gap certificado: 0.0%
Iteraciones: 1
Columnas finales: 10172
Resultado guardado en: /Users/alfonsocid/Desktop/Repo Capstone/resultados/t53_solver_columnas_e2.txt
==========================================================
GUARDADO | resultados E2/E2_Method0_T1-T100/t53_solver_columnas_e2_method0.txt

EJECUTANDO | t54 | E2 | Method=0
Mulgen ya está compilado.
Generando instancia con t54.par...
 no commodity capacity
 *************************************
 Writing output to file out                                     
 End of writing.
Instancia generada: 400 nodos, 1600 arcos y 10650 productos.
Ejecutando solver: solver_columnas_e2.py
Los resultados se guardarán en /Users/alfonsocid/Desktop/Repo Capstone/resultados/t54_solver_columnas_e2.txt
Filtro de conectividad: 508 productos sin camino eliminados.
Filtro de conectividad: 10650 -> 10142 productos.
Filtro de conectividad: productos eliminados (muestra): [39, 58, 61, 93, 110, 159, 189, 232, 269, 327, 382, 392, 409, 410, 417, 440, 453, 460, 489, 492] ...
Filtro de conectividad: red original preservada y verificacion final superada.
Nodos: 400
Arcos: 1600
Productos: 10650

Solver E2: partida congestion-aware + pricing C++ + gap certificado
Productos: 10142 | Arcos: 1600
ETA: 25 | Gap objetivo: 1%
Construyendo el problema maestro restringido...
Set parameter Username
Set parameter LicenseID to value 2855691
Academic license - for non-commercial use only - expires 2027-08-24
Set parameter Method to value 0
Calculando caminos iniciales congestion-aware...
Caminos iniciales listos: 10142 columnas en 0.10s.
Iteración 1: resolviendo maestro con 10142 columnas...
Iteración 1: z=0.71813285 | cota inferior=0.68312388 | gap=5.1248% | columnas=10145 | nuevas=3 | costo reducido=-2.992e-04 | maestro=0.01s | pricing=0.03s
Iteración 2: resolviendo maestro con 10145 columnas...
Iteración 2: z=0.68312388 | cota inferior=0.68312388 | gap=0.0000% | columnas=10145 | nuevas=0 | costo reducido=0.000e+00 | maestro=0.01s | pricing=0.05s

Solución óptima certificada
Congestión máxima: 0.68312388 (68.31%)
Cota superior: 0.68312388
Cota inferior: 0.68312388
Gap certificado: 0.000000%
Iteraciones: 2 | Columnas: 10145
Tiempo total: 0.26 segundos

Diez arcos más congestionados:
Arco 506: 129 -> 4 | flujo=2283.00 | capacidad=3342 | congestión=0.6831
Arco 1096: 275 -> 32 | flujo=4024.00 | capacidad=6895 | congestión=0.5836
Arco 1541: 385 -> 316 | flujo=6304.00 | capacidad=10846 | congestión=0.5812
Arco 596: 151 -> 50 | flujo=4442.00 | capacidad=7823 | congestión=0.5678
Arco 879: 225 -> 234 | flujo=3874.00 | capacidad=7160 | congestión=0.5411
Arco 1382: 347 -> 363 | flujo=2980.00 | capacidad=5543 | congestión=0.5376
Arco 781: 196 -> 276 | flujo=6670.00 | capacidad=12464 | congestión=0.5351
Arco 1502: 376 -> 335 | flujo=6491.00 | capacidad=12305 | congestión=0.5275
Arco 1055: 263 -> 241 | flujo=2422.00 | capacidad=4615 | congestión=0.5248
Arco 1301: 324 -> 145 | flujo=3598.00 | capacidad=6922 | congestión=0.5198

==========================================================
RESUMEN DE EJECUCION — KPI
==========================================================
Instancia: t54 (400 nodos, 1600 arcos, 10650 productos)
Solver: solver_columnas_e2.py
Estado: completado
Tiempo de pared del proceso: 0.57 s
Tiempo de CPU acumulado: 0.56 s
Uso medio aproximado de CPU: 98.4%
Memoria residente maxima observada: 96.78 MB
Tiempo interno del algoritmo: 0.26 s
Objetivo/congestion: 0.68312388
Cota superior: 0.68312388
Cota inferior: 0.68312388
Gap certificado: 0.0%
Iteraciones: 2
Columnas finales: 10145
Resultado guardado en: /Users/alfonsocid/Desktop/Repo Capstone/resultados/t54_solver_columnas_e2.txt
==========================================================
GUARDADO | resultados E2/E2_Method0_T1-T100/t54_solver_columnas_e2_method0.txt

EJECUTANDO | t55 | E2 | Method=0
Mulgen ya está compilado.
Generando instancia con t55.par...
 no commodity capacity
 *************************************
 Writing output to file out                                     
 End of writing.
Instancia generada: 400 nodos, 1600 arcos y 10650 productos.
Ejecutando solver: solver_columnas_e2.py
Los resultados se guardarán en /Users/alfonsocid/Desktop/Repo Capstone/resultados/t55_solver_columnas_e2.txt
Filtro de conectividad: 355 productos sin camino eliminados.
Filtro de conectividad: 10650 -> 10295 productos.
Filtro de conectividad: productos eliminados (muestra): [17, 36, 80, 92, 155, 181, 192, 226, 244, 249, 255, 310, 312, 374, 410, 488, 555, 592, 603, 661] ...
Filtro de conectividad: red original preservada y verificacion final superada.
Nodos: 400
Arcos: 1600
Productos: 10650

Solver E2: partida congestion-aware + pricing C++ + gap certificado
Productos: 10295 | Arcos: 1600
ETA: 25 | Gap objetivo: 1%
Construyendo el problema maestro restringido...
Set parameter Username
Set parameter LicenseID to value 2855691
Academic license - for non-commercial use only - expires 2027-08-24
Set parameter Method to value 0
Calculando caminos iniciales congestion-aware...
Caminos iniciales listos: 10295 columnas en 0.11s.
Iteración 1: resolviendo maestro con 10295 columnas...
Iteración 1: z=0.63770053 | cota inferior=0.00000000 | gap=infinito | columnas=10435 | nuevas=140 | costo reducido=-1.028e-04 | maestro=0.01s | pricing=0.04s
Iteración 2: resolviendo maestro con 10435 columnas...
Iteración 2: z=0.60755298 | cota inferior=0.00000000 | gap=infinito | columnas=10557 | nuevas=122 | costo reducido=-1.184e-04 | maestro=0.04s | pricing=0.06s
Iteración 3: resolviendo maestro con 10557 columnas...
Iteración 3: z=0.60432116 | cota inferior=0.00000000 | gap=infinito | columnas=10712 | nuevas=155 | costo reducido=-9.155e-05 | maestro=0.01s | pricing=0.04s
Iteración 4: resolviendo maestro con 10712 columnas...
Iteración 4: z=0.58524845 | cota inferior=0.00000000 | gap=infinito | columnas=10796 | nuevas=84 | costo reducido=-1.553e-04 | maestro=0.01s | pricing=0.04s
Iteración 5: resolviendo maestro con 10796 columnas...
Iteración 5: z=0.57809612 | cota inferior=0.52125693 | gap=10.9043% | columnas=10801 | nuevas=5 | costo reducido=-2.311e-04 | maestro=0.01s | pricing=0.04s
Iteración 6: resolviendo maestro con 10801 columnas...
Iteración 6: z=0.56868926 | cota inferior=0.52125693 | gap=9.0996% | columnas=10846 | nuevas=45 | costo reducido=-2.627e-04 | maestro=0.01s | pricing=0.05s
Iteración 7: resolviendo maestro con 10846 columnas...
Iteración 7: z=0.56005501 | cota inferior=0.52125693 | gap=7.4432% | columnas=10877 | nuevas=31 | costo reducido=-1.528e-04 | maestro=0.01s | pricing=0.04s
Iteración 8: resolviendo maestro con 10877 columnas...
Iteración 8: z=0.55982862 | cota inferior=0.52125693 | gap=7.3997% | columnas=10999 | nuevas=122 | costo reducido=-1.020e-04 | maestro=0.01s | pricing=0.04s
Iteración 9: resolviendo maestro con 10999 columnas...
Iteración 9: z=0.55341039 | cota inferior=0.52125693 | gap=6.1684% | columnas=11095 | nuevas=96 | costo reducido=-1.270e-04 | maestro=0.01s | pricing=0.04s
Iteración 10: resolviendo maestro con 11095 columnas...
Iteración 10: z=0.55238378 | cota inferior=0.52125693 | gap=5.9715% | columnas=11223 | nuevas=128 | costo reducido=-9.912e-05 | maestro=0.01s | pricing=0.04s
Iteración 11: resolviendo maestro con 11223 columnas...
Iteración 11: z=0.55009025 | cota inferior=0.52125693 | gap=5.5315% | columnas=11250 | nuevas=27 | costo reducido=-2.256e-04 | maestro=0.01s | pricing=0.05s
Iteración 12: resolviendo maestro con 11250 columnas...
Iteración 12: z=0.54801621 | cota inferior=0.52125693 | gap=5.1336% | columnas=11377 | nuevas=127 | costo reducido=-9.424e-05 | maestro=0.01s | pricing=0.04s
Iteración 13: resolviendo maestro con 11377 columnas...
Iteración 13: z=0.53721928 | cota inferior=0.53721928 | gap=0.0000% | columnas=11377 | nuevas=0 | costo reducido=0.000e+00 | maestro=0.01s | pricing=0.04s

Solución óptima certificada
Congestión máxima: 0.53721928 (53.72%)
Cota superior: 0.53721928
Cota inferior: 0.53721928
Gap certificado: 0.000000%
Iteraciones: 13 | Columnas: 11377
Tiempo total: 0.90 segundos

Diez arcos más congestionados:
Arco 453: 120 -> 86 | flujo=2437.36 | capacidad=4537 | congestión=0.5372
Arco 553: 147 -> 104 | flujo=2325.09 | capacidad=4328 | congestión=0.5372
Arco 827: 218 -> 370 | flujo=2380.96 | capacidad=4432 | congestión=0.5372
Arco 1469: 373 -> 203 | flujo=5223.92 | capacidad=9724 | congestión=0.5372
Arco 129: 34 -> 302 | flujo=5868.05 | capacidad=10923 | congestión=0.5372
Arco 333: 89 -> 172 | flujo=5420.01 | capacidad=10089 | congestión=0.5372
Arco 364: 96 -> 288 | flujo=5700.43 | capacidad=10611 | congestión=0.5372
Arco 393: 103 -> 115 | flujo=2871.44 | capacidad=5345 | congestión=0.5372
Arco 717: 187 -> 172 | flujo=4537.89 | capacidad=8447 | congestión=0.5372
Arco 838: 221 -> 384 | flujo=3571.43 | capacidad=6648 | congestión=0.5372

==========================================================
RESUMEN DE EJECUCION — KPI
==========================================================
Instancia: t55 (400 nodos, 1600 arcos, 10650 productos)
Solver: solver_columnas_e2.py
Estado: completado
Tiempo de pared del proceso: 1.23 s
Tiempo de CPU acumulado: 1.18 s
Uso medio aproximado de CPU: 96.2%
Memoria residente maxima observada: 117.12 MB
Tiempo interno del algoritmo: 0.9 s
Objetivo/congestion: 0.53721928
Cota superior: 0.53721928
Cota inferior: 0.53721928
Gap certificado: 0.0%
Iteraciones: 13
Columnas finales: 11377
Resultado guardado en: /Users/alfonsocid/Desktop/Repo Capstone/resultados/t55_solver_columnas_e2.txt
==========================================================
GUARDADO | resultados E2/E2_Method0_T1-T100/t55_solver_columnas_e2_method0.txt

EJECUTANDO | t56 | E2 | Method=0
Mulgen ya está compilado.
Generando instancia con t56.par...
 no commodity capacity
 *************************************
 Writing output to file out                                     
 End of writing.
Instancia generada: 400 nodos, 1600 arcos y 10650 productos.
Ejecutando solver: solver_columnas_e2.py
Los resultados se guardarán en /Users/alfonsocid/Desktop/Repo Capstone/resultados/t56_solver_columnas_e2.txt
Filtro de conectividad: 323 productos sin camino eliminados.
Filtro de conectividad: 10650 -> 10327 productos.
Filtro de conectividad: productos eliminados (muestra): [30, 45, 121, 147, 278, 305, 329, 352, 391, 400, 463, 493, 523, 528, 578, 631, 734, 736, 741, 754] ...
Filtro de conectividad: red original preservada y verificacion final superada.
Nodos: 400
Arcos: 1600
Productos: 10650

Solver E2: partida congestion-aware + pricing C++ + gap certificado
Productos: 10327 | Arcos: 1600
ETA: 25 | Gap objetivo: 1%
Construyendo el problema maestro restringido...
Set parameter Username
Set parameter LicenseID to value 2855691
Academic license - for non-commercial use only - expires 2027-08-24
Set parameter Method to value 0
Calculando caminos iniciales congestion-aware...
Caminos iniciales listos: 10327 columnas en 0.11s.
Iteración 1: resolviendo maestro con 10327 columnas...
Iteración 1: z=0.68679063 | cota inferior=0.67858005 | gap=1.2100% | columnas=10328 | nuevas=1 | costo reducido=-2.415e-04 | maestro=0.01s | pricing=0.04s
Iteración 2: resolviendo maestro con 10328 columnas...
Iteración 2: z=0.67858005 | cota inferior=0.67858005 | gap=0.0000% | columnas=10328 | nuevas=0 | costo reducido=0.000e+00 | maestro=0.01s | pricing=0.05s

Solución óptima certificada
Congestión máxima: 0.67858005 (67.86%)
Cota superior: 0.67858005
Cota inferior: 0.67858005
Gap certificado: 0.000000%
Iteraciones: 2 | Columnas: 10328
Tiempo total: 0.28 segundos

Diez arcos más congestionados:
Arco 489: 123 -> 4 | flujo=2810.00 | capacidad=4141 | congestión=0.6786
Arco 1281: 319 -> 280 | flujo=7114.00 | capacidad=10989 | congestión=0.6474
Arco 1551: 387 -> 44 | flujo=2563.00 | capacidad=4035 | congestión=0.6352
Arco 1150: 289 -> 382 | flujo=5522.00 | capacidad=9237 | congestión=0.5978
Arco 1017: 256 -> 397 | flujo=4892.00 | capacidad=8255 | congestión=0.5926
Arco 141: 35 -> 110 | flujo=5452.00 | capacidad=9317 | congestión=0.5852
Arco 992: 247 -> 66 | flujo=2625.00 | capacidad=4619 | congestión=0.5683
Arco 1125: 282 -> 113 | flujo=7473.00 | capacidad=13166 | congestión=0.5676
Arco 571: 145 -> 260 | flujo=4199.00 | capacidad=7565 | congestión=0.5551
Arco 681: 172 -> 69 | flujo=6296.00 | capacidad=11547 | congestión=0.5452

==========================================================
RESUMEN DE EJECUCION — KPI
==========================================================
Instancia: t56 (400 nodos, 1600 arcos, 10650 productos)
Solver: solver_columnas_e2.py
Estado: completado
Tiempo de pared del proceso: 0.61 s
Tiempo de CPU acumulado: 0.58 s
Uso medio aproximado de CPU: 94.8%
Memoria residente maxima observada: 96.53 MB
Tiempo interno del algoritmo: 0.28 s
Objetivo/congestion: 0.67858005
Cota superior: 0.67858005
Cota inferior: 0.67858005
Gap certificado: 0.0%
Iteraciones: 2
Columnas finales: 10328
Resultado guardado en: /Users/alfonsocid/Desktop/Repo Capstone/resultados/t56_solver_columnas_e2.txt
==========================================================
GUARDADO | resultados E2/E2_Method0_T1-T100/t56_solver_columnas_e2_method0.txt

EJECUTANDO | t57 | E2 | Method=0
Mulgen ya está compilado.
Generando instancia con t57.par...
 no commodity capacity
 *************************************
 Writing output to file out                                     
 End of writing.
Instancia generada: 400 nodos, 1600 arcos y 10650 productos.
Ejecutando solver: solver_columnas_e2.py
Los resultados se guardarán en /Users/alfonsocid/Desktop/Repo Capstone/resultados/t57_solver_columnas_e2.txt
Filtro de conectividad: 554 productos sin camino eliminados.
Filtro de conectividad: 10650 -> 10096 productos.
Filtro de conectividad: productos eliminados (muestra): [46, 50, 90, 111, 156, 157, 160, 178, 194, 203, 214, 228, 231, 337, 368, 384, 389, 446, 456, 467] ...
Filtro de conectividad: red original preservada y verificacion final superada.
Nodos: 400
Arcos: 1600
Productos: 10650

Solver E2: partida congestion-aware + pricing C++ + gap certificado
Productos: 10096 | Arcos: 1600
ETA: 25 | Gap objetivo: 1%
Construyendo el problema maestro restringido...
Set parameter Username
Set parameter LicenseID to value 2855691
Academic license - for non-commercial use only - expires 2027-08-24
Set parameter Method to value 0
Calculando caminos iniciales congestion-aware...
Caminos iniciales listos: 10096 columnas en 0.11s.
Iteración 1: resolviendo maestro con 10096 columnas...
Iteración 1: z=0.77442702 | cota inferior=0.66435464 | gap=16.5683% | columnas=10103 | nuevas=7 | costo reducido=-3.016e-04 | maestro=0.01s | pricing=0.03s
Iteración 2: resolviendo maestro con 10103 columnas...
Iteración 2: z=0.69299483 | cota inferior=0.66435464 | gap=4.3110% | columnas=10299 | nuevas=196 | costo reducido=-7.836e-05 | maestro=0.01s | pricing=0.05s
Iteración 3: resolviendo maestro con 10299 columnas...
Iteración 3: z=0.67475311 | cota inferior=0.66435464 | gap=1.5652% | columnas=10374 | nuevas=75 | costo reducido=-2.147e-04 | maestro=0.01s | pricing=0.08s
Iteración 4: resolviendo maestro con 10374 columnas...
Iteración 4: z=0.66435464 | cota inferior=0.66435464 | gap=0.0000% | columnas=10374 | nuevas=0 | costo reducido=0.000e+00 | maestro=0.01s | pricing=0.04s

Solución óptima certificada
Congestión máxima: 0.66435464 (66.44%)
Cota superior: 0.66435464
Cota inferior: 0.66435464
Gap certificado: 0.000000%
Iteraciones: 4 | Columnas: 10374
Tiempo total: 0.43 segundos

Diez arcos más congestionados:
Arco 255: 57 -> 234 | flujo=8478.49 | capacidad=12762 | congestión=0.6644
Arco 385: 93 -> 72 | flujo=3094.56 | capacidad=4658 | congestión=0.6644
Arco 571: 144 -> 354 | flujo=2203.00 | capacidad=3316 | congestión=0.6644
Arco 456: 110 -> 292 | flujo=4629.00 | capacidad=7026 | congestión=0.6588
Arco 1586: 398 -> 51 | flujo=4214.00 | capacidad=6579 | congestión=0.6405
Arco 1543: 387 -> 163 | flujo=4100.00 | capacidad=6526 | congestión=0.6283
Arco 847: 209 -> 192 | flujo=2686.00 | capacidad=4421 | congestión=0.6076
Arco 1542: 387 -> 364 | flujo=5181.00 | capacidad=8736 | congestión=0.5931
Arco 468: 115 -> 333 | flujo=5674.00 | capacidad=9815 | congestión=0.5781
Arco 134: 31 -> 272 | flujo=4348.00 | capacidad=7631 | congestión=0.5698

==========================================================
RESUMEN DE EJECUCION — KPI
==========================================================
Instancia: t57 (400 nodos, 1600 arcos, 10650 productos)
Solver: solver_columnas_e2.py
Estado: completado
Tiempo de pared del proceso: 0.70 s
Tiempo de CPU acumulado: 0.67 s
Uso medio aproximado de CPU: 95.6%
Memoria residente maxima observada: 99.72 MB
Tiempo interno del algoritmo: 0.43 s
Objetivo/congestion: 0.66435464
Cota superior: 0.66435464
Cota inferior: 0.66435464
Gap certificado: 0.0%
Iteraciones: 4
Columnas finales: 10374
Resultado guardado en: /Users/alfonsocid/Desktop/Repo Capstone/resultados/t57_solver_columnas_e2.txt
==========================================================
GUARDADO | resultados E2/E2_Method0_T1-T100/t57_solver_columnas_e2_method0.txt

EJECUTANDO | t58 | E2 | Method=0
Mulgen ya está compilado.
Generando instancia con t58.par...
 no commodity capacity
 *************************************
 Writing output to file out                                     
 End of writing.
Instancia generada: 400 nodos, 1600 arcos y 10650 productos.
Ejecutando solver: solver_columnas_e2.py
Los resultados se guardarán en /Users/alfonsocid/Desktop/Repo Capstone/resultados/t58_solver_columnas_e2.txt
Filtro de conectividad: 570 productos sin camino eliminados.
Filtro de conectividad: 10650 -> 10080 productos.
Filtro de conectividad: productos eliminados (muestra): [22, 35, 93, 97, 101, 115, 128, 172, 191, 204, 209, 230, 232, 239, 254, 257, 297, 305, 315, 333] ...
Filtro de conectividad: red original preservada y verificacion final superada.
Nodos: 400
Arcos: 1600
Productos: 10650

Solver E2: partida congestion-aware + pricing C++ + gap certificado
Productos: 10080 | Arcos: 1600
ETA: 25 | Gap objetivo: 1%
Construyendo el problema maestro restringido...
Set parameter Username
Set parameter LicenseID to value 2855691
Academic license - for non-commercial use only - expires 2027-08-24
Set parameter Method to value 0
Calculando caminos iniciales congestion-aware...
Caminos iniciales listos: 10080 columnas en 0.11s.
Iteración 1: resolviendo maestro con 10080 columnas...
Iteración 1: z=0.75513492 | cota inferior=0.25845751 | gap=192.1698% | columnas=10185 | nuevas=105 | costo reducido=-1.007e-04 | maestro=0.01s | pricing=0.04s
Iteración 2: resolviendo maestro con 10185 columnas...
Iteración 2: z=0.64620707 | cota inferior=0.25845751 | gap=150.0245% | columnas=10298 | nuevas=113 | costo reducido=-1.281e-04 | maestro=0.01s | pricing=0.05s
Iteración 3: resolviendo maestro con 10298 columnas...
Iteración 3: z=0.64567343 | cota inferior=0.25845751 | gap=149.8180% | columnas=10429 | nuevas=131 | costo reducido=-1.051e-04 | maestro=0.01s | pricing=0.04s
Iteración 4: resolviendo maestro con 10429 columnas...
Iteración 4: z=0.62350746 | cota inferior=0.62350746 | gap=0.0000% | columnas=10429 | nuevas=0 | costo reducido=0.000e+00 | maestro=0.01s | pricing=0.04s

Solución óptima certificada
Congestión máxima: 0.62350746 (62.35%)
Cota superior: 0.62350746
Cota inferior: 0.62350746
Gap certificado: 0.000000%
Iteraciones: 4 | Columnas: 10429
Tiempo total: 0.39 segundos

Diez arcos más congestionados:
Arco 807: 203 -> 9 | flujo=4865.85 | capacidad=7804 | congestión=0.6235
Arco 1204: 303 -> 192 | flujo=1671.00 | capacidad=2680 | congestión=0.6235
Arco 1213: 305 -> 147 | flujo=6192.68 | capacidad=9932 | congestión=0.6235
Arco 1510: 376 -> 278 | flujo=5930.18 | capacidad=9511 | congestión=0.6235
Arco 225: 57 -> 269 | flujo=7646.00 | capacidad=12664 | congestión=0.6038
Arco 547: 131 -> 54 | flujo=6284.00 | capacidad=10483 | congestión=0.5994
Arco 1184: 296 -> 237 | flujo=4873.00 | capacidad=8250 | congestión=0.5907
Arco 1554: 390 -> 318 | flujo=6451.00 | capacidad=11088 | congestión=0.5818
Arco 1452: 358 -> 114 | flujo=5765.00 | capacidad=10221 | congestión=0.5640
Arco 1540: 386 -> 125 | flujo=5781.00 | capacidad=10300 | congestión=0.5613

==========================================================
RESUMEN DE EJECUCION — KPI
==========================================================
Instancia: t58 (400 nodos, 1600 arcos, 10650 productos)
Solver: solver_columnas_e2.py
Estado: completado
Tiempo de pared del proceso: 0.68 s
Tiempo de CPU acumulado: 0.66 s
Uso medio aproximado de CPU: 96.9%
Memoria residente maxima observada: 101.56 MB
Tiempo interno del algoritmo: 0.39 s
Objetivo/congestion: 0.62350746
Cota superior: 0.62350746
Cota inferior: 0.62350746
Gap certificado: 0.0%
Iteraciones: 4
Columnas finales: 10429
Resultado guardado en: /Users/alfonsocid/Desktop/Repo Capstone/resultados/t58_solver_columnas_e2.txt
==========================================================
GUARDADO | resultados E2/E2_Method0_T1-T100/t58_solver_columnas_e2_method0.txt

EJECUTANDO | t59 | E2 | Method=0
Mulgen ya está compilado.
Generando instancia con t59.par...
 no commodity capacity
 *************************************
 Writing output to file out                                     
 End of writing.
Instancia generada: 400 nodos, 1600 arcos y 10650 productos.
Ejecutando solver: solver_columnas_e2.py
Los resultados se guardarán en /Users/alfonsocid/Desktop/Repo Capstone/resultados/t59_solver_columnas_e2.txt
Filtro de conectividad: 311 productos sin camino eliminados.
Filtro de conectividad: 10650 -> 10339 productos.
Filtro de conectividad: productos eliminados (muestra): [11, 50, 52, 78, 140, 150, 180, 233, 240, 279, 313, 326, 379, 408, 413, 440, 468, 511, 574, 599] ...
Filtro de conectividad: red original preservada y verificacion final superada.
Nodos: 400
Arcos: 1600
Productos: 10650

Solver E2: partida congestion-aware + pricing C++ + gap certificado
Productos: 10339 | Arcos: 1600
ETA: 25 | Gap objetivo: 1%
Construyendo el problema maestro restringido...
Set parameter Username
Set parameter LicenseID to value 2855691
Academic license - for non-commercial use only - expires 2027-08-24
Set parameter Method to value 0
Calculando caminos iniciales congestion-aware...
Caminos iniciales listos: 10339 columnas en 0.14s.
Iteración 1: resolviendo maestro con 10339 columnas...
Iteración 1: z=0.77410541 | cota inferior=0.00000000 | gap=infinito | columnas=10536 | nuevas=197 | costo reducido=-8.814e-05 | maestro=0.01s | pricing=0.04s
Iteración 2: resolviendo maestro con 10536 columnas...
Iteración 2: z=0.74166667 | cota inferior=0.70698925 | gap=4.9049% | columnas=10539 | nuevas=3 | costo reducido=-2.688e-04 | maestro=0.01s | pricing=0.05s
Iteración 3: resolviendo maestro con 10539 columnas...
Iteración 3: z=0.72163966 | cota inferior=0.70698925 | gap=2.0722% | columnas=10684 | nuevas=145 | costo reducido=-9.533e-05 | maestro=0.01s | pricing=0.04s
Iteración 4: resolviendo maestro con 10684 columnas...
Iteración 4: z=0.70698925 | cota inferior=0.70698925 | gap=0.0000% | columnas=10684 | nuevas=0 | costo reducido=0.000e+00 | maestro=0.01s | pricing=0.06s

Solución óptima certificada
Congestión máxima: 0.70698925 (70.70%)
Cota superior: 0.70698925
Cota inferior: 0.70698925
Gap certificado: 0.000000%
Iteraciones: 4 | Columnas: 10684
Tiempo total: 0.42 segundos

Diez arcos más congestionados:
Arco 600: 145 -> 53 | flujo=2630.00 | capacidad=3720 | congestión=0.7070
Arco 1131: 289 -> 350 | flujo=7416.32 | capacidad=10490 | congestión=0.7070
Arco 1576: 394 -> 387 | flujo=8021.50 | capacidad=11346 | congestión=0.7070
Arco 1072: 269 -> 237 | flujo=7464.00 | capacidad=10811 | congestión=0.6904
Arco 356: 88 -> 145 | flujo=1859.00 | capacidad=2971 | congestión=0.6257
Arco 1404: 351 -> 365 | flujo=7078.00 | capacidad=11721 | congestión=0.6039
Arco 1121: 284 -> 210 | flujo=3129.00 | capacidad=5192 | congestión=0.6027
Arco 1531: 384 -> 216 | flujo=4259.00 | capacidad=7252 | congestión=0.5873
Arco 1122: 285 -> 166 | flujo=7161.00 | capacidad=12283 | congestión=0.5830
Arco 1280: 325 -> 28 | flujo=4030.00 | capacidad=6985 | congestión=0.5770

==========================================================
RESUMEN DE EJECUCION — KPI
==========================================================
Instancia: t59 (400 nodos, 1600 arcos, 10650 productos)
Solver: solver_columnas_e2.py
Estado: completado
Tiempo de pared del proceso: 0.70 s
Tiempo de CPU acumulado: 0.66 s
Uso medio aproximado de CPU: 94.4%
Memoria residente maxima observada: 101.77 MB
Tiempo interno del algoritmo: 0.42 s
Objetivo/congestion: 0.70698925
Cota superior: 0.70698925
Cota inferior: 0.70698925
Gap certificado: 0.0%
Iteraciones: 4
Columnas finales: 10684
Resultado guardado en: /Users/alfonsocid/Desktop/Repo Capstone/resultados/t59_solver_columnas_e2.txt
==========================================================
GUARDADO | resultados E2/E2_Method0_T1-T100/t59_solver_columnas_e2_method0.txt

EJECUTANDO | t60 | E2 | Method=0
Mulgen ya está compilado.
Generando instancia con t60.par...
 no commodity capacity
 *************************************
 Writing output to file out                                     
 End of writing.
Instancia generada: 400 nodos, 1600 arcos y 10650 productos.
Ejecutando solver: solver_columnas_e2.py
Los resultados se guardarán en /Users/alfonsocid/Desktop/Repo Capstone/resultados/t60_solver_columnas_e2.txt
Filtro de conectividad: 432 productos sin camino eliminados.
Filtro de conectividad: 10650 -> 10218 productos.
Filtro de conectividad: productos eliminados (muestra): [31, 37, 82, 86, 87, 96, 113, 130, 131, 139, 149, 206, 210, 241, 251, 257, 303, 322, 324, 372] ...
Filtro de conectividad: red original preservada y verificacion final superada.
Nodos: 400
Arcos: 1600
Productos: 10650

Solver E2: partida congestion-aware + pricing C++ + gap certificado
Productos: 10218 | Arcos: 1600
ETA: 25 | Gap objetivo: 1%
Construyendo el problema maestro restringido...
Set parameter Username
Set parameter LicenseID to value 2855691
Academic license - for non-commercial use only - expires 2027-08-24
Set parameter Method to value 0
Calculando caminos iniciales congestion-aware...
Caminos iniciales listos: 10218 columnas en 0.11s.
Iteración 1: resolviendo maestro con 10218 columnas...
Iteración 1: z=0.64821429 | cota inferior=0.44315476 | gap=46.2727% | columnas=10232 | nuevas=14 | costo reducido=-2.976e-04 | maestro=0.01s | pricing=0.04s
Iteración 2: resolviendo maestro con 10232 columnas...
Iteración 2: z=0.62266411 | cota inferior=0.48442741 | gap=28.5361% | columnas=10247 | nuevas=15 | costo reducido=-2.396e-04 | maestro=0.01s | pricing=0.05s
Iteración 3: resolviendo maestro con 10247 columnas...
Iteración 3: z=0.60690706 | cota inferior=0.48442741 | gap=25.2834% | columnas=10299 | nuevas=52 | costo reducido=-2.539e-04 | maestro=0.01s | pricing=0.04s
Iteración 4: resolviendo maestro con 10299 columnas...
Iteración 4: z=0.56814701 | cota inferior=0.48442741 | gap=17.2822% | columnas=10431 | nuevas=132 | costo reducido=-9.571e-05 | maestro=0.01s | pricing=0.05s
Iteración 5: resolviendo maestro con 10431 columnas...
Iteración 5: z=0.55769231 | cota inferior=0.48442741 | gap=15.1240% | columnas=10461 | nuevas=30 | costo reducido=-3.698e-04 | maestro=0.01s | pricing=0.04s
Iteración 6: resolviendo maestro con 10461 columnas...
Iteración 6: z=0.54429104 | cota inferior=0.48442741 | gap=12.3576% | columnas=10586 | nuevas=125 | costo reducido=-1.008e-04 | maestro=0.01s | pricing=0.04s
Iteración 7: resolviendo maestro con 10586 columnas...
Iteración 7: z=0.52482500 | cota inferior=0.48442741 | gap=8.3392% | columnas=10658 | nuevas=72 | costo reducido=-1.628e-04 | maestro=0.01s | pricing=0.04s
Iteración 8: resolviendo maestro con 10658 columnas...
Iteración 8: z=0.51863665 | cota inferior=0.48442741 | gap=7.0618% | columnas=10676 | nuevas=18 | costo reducido=-9.113e-05 | maestro=0.01s | pricing=0.04s
Iteración 9: resolviendo maestro con 10676 columnas...
Iteración 9: z=0.51568822 | cota inferior=0.48442741 | gap=6.4531% | columnas=10828 | nuevas=152 | costo reducido=-7.634e-05 | maestro=0.01s | pricing=0.05s
Iteración 10: resolviendo maestro con 10828 columnas...
Iteración 10: z=0.50000000 | cota inferior=0.48442741 | gap=3.2146% | columnas=10834 | nuevas=6 | costo reducido=-2.801e-04 | maestro=0.01s | pricing=0.08s
Iteración 11: resolviendo maestro con 10834 columnas...
Iteración 11: z=0.49165521 | cota inferior=0.48442741 | gap=1.4920% | columnas=10864 | nuevas=30 | costo reducido=-9.817e-05 | maestro=0.01s | pricing=0.04s
Iteración 12: resolviendo maestro con 10864 columnas...
Iteración 12: z=0.48784455 | cota inferior=0.48442741 | gap=0.7054% | columnas=10864 | nuevas=0 | costo reducido=-8.560e-05 | maestro=0.01s | pricing=0.05s

Solución con error relativo certificado de a lo sumo 1%
Congestión máxima: 0.48784455 (48.78%)
Cota superior: 0.48784455
Cota inferior: 0.48442741
Gap certificado: 0.705398%
Iteraciones: 12 | Columnas: 10864
Tiempo total: 0.83 segundos

Diez arcos más congestionados:
Arco 568: 141 -> 54 | flujo=1293.76 | capacidad=2652 | congestión=0.4878
Arco 412: 100 -> 51 | flujo=1677.70 | capacidad=3439 | congestión=0.4878
Arco 693: 171 -> 385 | flujo=6390.28 | capacidad=13099 | congestión=0.4878
Arco 1068: 260 -> 176 | flujo=1319.13 | capacidad=2704 | congestión=0.4878
Arco 1485: 368 -> 140 | flujo=3867.63 | capacidad=7928 | congestión=0.4878
Arco 1495: 372 -> 336 | flujo=1921.13 | capacidad=3938 | congestión=0.4878
Arco 192: 47 -> 245 | flujo=5097.00 | capacidad=10448 | congestión=0.4878
Arco 502: 122 -> 20 | flujo=2151.39 | capacidad=4410 | congestión=0.4878
Arco 567: 141 -> 140 | flujo=4840.88 | capacidad=9923 | congestión=0.4878
Arco 629: 158 -> 14 | flujo=1741.61 | capacidad=3570 | congestión=0.4878

==========================================================
RESUMEN DE EJECUCION — KPI
==========================================================
Instancia: t60 (400 nodos, 1600 arcos, 10650 productos)
Solver: solver_columnas_e2.py
Estado: completado
Tiempo de pared del proceso: 1.18 s
Tiempo de CPU acumulado: 1.11 s
Uso medio aproximado de CPU: 94.2%
Memoria residente maxima observada: 113.97 MB
Tiempo interno del algoritmo: 0.83 s
Objetivo/congestion: 0.48784455
Cota superior: 0.48784455
Cota inferior: 0.48442741
Gap certificado: 0.705398%
Iteraciones: 12
Columnas finales: 10864
Resultado guardado en: /Users/alfonsocid/Desktop/Repo Capstone/resultados/t60_solver_columnas_e2.txt
==========================================================
GUARDADO | resultados E2/E2_Method0_T1-T100/t60_solver_columnas_e2_method0.txt

EJECUTANDO | t61 | E2 | Method=0
Mulgen ya está compilado.
Generando instancia con t61.par...
 no commodity capacity
 *************************************
 Writing output to file out                                     
 End of writing.
Instancia generada: 400 nodos, 1600 arcos y 10650 productos.
Ejecutando solver: solver_columnas_e2.py
Los resultados se guardarán en /Users/alfonsocid/Desktop/Repo Capstone/resultados/t61_solver_columnas_e2.txt
Filtro de conectividad: 347 productos sin camino eliminados.
Filtro de conectividad: 10650 -> 10303 productos.
Filtro de conectividad: productos eliminados (muestra): [4, 30, 41, 44, 63, 154, 193, 267, 285, 323, 334, 370, 448, 452, 463, 464, 477, 480, 498, 520] ...
Filtro de conectividad: red original preservada y verificacion final superada.
Nodos: 400
Arcos: 1600
Productos: 10650

Solver E2: partida congestion-aware + pricing C++ + gap certificado
Productos: 10303 | Arcos: 1600
ETA: 25 | Gap objetivo: 1%
Construyendo el problema maestro restringido...
Set parameter Username
Set parameter LicenseID to value 2855691
Academic license - for non-commercial use only - expires 2027-08-24
Set parameter Method to value 0
Calculando caminos iniciales congestion-aware...
Caminos iniciales listos: 10303 columnas en 0.10s.
Iteración 1: resolviendo maestro con 10303 columnas...
Iteración 1: z=0.63498711 | cota inferior=0.53930412 | gap=17.7419% | columnas=10310 | nuevas=7 | costo reducido=-3.222e-04 | maestro=0.01s | pricing=0.05s
Iteración 2: resolviendo maestro con 10310 columnas...
Iteración 2: z=0.62733564 | cota inferior=0.53930412 | gap=16.3232% | columnas=10327 | nuevas=17 | costo reducido=-3.460e-04 | maestro=0.01s | pricing=0.07s
Iteración 3: resolviendo maestro con 10327 columnas...
Iteración 3: z=0.61356314 | cota inferior=0.53930412 | gap=13.7694% | columnas=10385 | nuevas=58 | costo reducido=-1.611e-04 | maestro=0.01s | pricing=0.05s
Iteración 4: resolviendo maestro con 10385 columnas...
Iteración 4: z=0.57922272 | cota inferior=0.53930412 | gap=7.4019% | columnas=10414 | nuevas=29 | costo reducido=-3.737e-04 | maestro=0.01s | pricing=0.04s
Iteración 5: resolviendo maestro con 10414 columnas...
Iteración 5: z=0.57218705 | cota inferior=0.53930412 | gap=6.0973% | columnas=10478 | nuevas=64 | costo reducido=-2.042e-04 | maestro=0.01s | pricing=0.04s
Iteración 6: resolviendo maestro con 10478 columnas...
Iteración 6: z=0.55188522 | cota inferior=0.53930412 | gap=2.3328% | columnas=10554 | nuevas=76 | costo reducido=-1.668e-04 | maestro=0.01s | pricing=0.04s
Iteración 7: resolviendo maestro con 10554 columnas...
Iteración 7: z=0.53930412 | cota inferior=0.53930412 | gap=0.0000% | columnas=10554 | nuevas=0 | costo reducido=0.000e+00 | maestro=0.01s | pricing=0.04s

Solución óptima certificada
Congestión máxima: 0.53930412 (53.93%)
Cota superior: 0.53930412
Cota inferior: 0.53930412
Gap certificado: 0.000000%
Iteraciones: 7 | Columnas: 10554
Tiempo total: 0.55 segundos

Diez arcos más congestionados:
Arco 556: 127 -> 136 | flujo=1443.18 | capacidad=2676 | congestión=0.5393
Arco 1043: 256 -> 261 | flujo=3232.59 | capacidad=5994 | congestión=0.5393
Arco 1528: 382 -> 383 | flujo=2640.97 | capacidad=4897 | congestión=0.5393
Arco 664: 156 -> 130 | flujo=3348.00 | capacidad=6208 | congestión=0.5393
Arco 1074: 264 -> 332 | flujo=1674.00 | capacidad=3104 | congestión=0.5393
Arco 1558: 390 -> 22 | flujo=1558.59 | capacidad=2890 | congestión=0.5393
Arco 773: 184 -> 191 | flujo=6533.00 | capacidad=12549 | congestión=0.5206
Arco 1157: 283 -> 318 | flujo=6138.00 | capacidad=12014 | congestión=0.5109
Arco 1445: 360 -> 38 | flujo=2121.00 | capacidad=4228 | congestión=0.5017
Arco 1394: 347 -> 119 | flujo=4891.00 | capacidad=9954 | congestión=0.4914

==========================================================
RESUMEN DE EJECUCION — KPI
==========================================================
Instancia: t61 (400 nodos, 1600 arcos, 10650 productos)
Solver: solver_columnas_e2.py
Estado: completado
Tiempo de pared del proceso: 0.86 s
Tiempo de CPU acumulado: 0.84 s
Uso medio aproximado de CPU: 97.6%
Memoria residente maxima observada: 104.98 MB
Tiempo interno del algoritmo: 0.55 s
Objetivo/congestion: 0.53930412
Cota superior: 0.53930412
Cota inferior: 0.53930412
Gap certificado: 0.0%
Iteraciones: 7
Columnas finales: 10554
Resultado guardado en: /Users/alfonsocid/Desktop/Repo Capstone/resultados/t61_solver_columnas_e2.txt
==========================================================
GUARDADO | resultados E2/E2_Method0_T1-T100/t61_solver_columnas_e2_method0.txt

EJECUTANDO | t62 | E2 | Method=0
Mulgen ya está compilado.
Generando instancia con t62.par...
 no commodity capacity
 *************************************
 Writing output to file out                                     
 End of writing.
Instancia generada: 400 nodos, 1600 arcos y 10650 productos.
Ejecutando solver: solver_columnas_e2.py
Los resultados se guardarán en /Users/alfonsocid/Desktop/Repo Capstone/resultados/t62_solver_columnas_e2.txt
Filtro de conectividad: 414 productos sin camino eliminados.
Filtro de conectividad: 10650 -> 10236 productos.
Filtro de conectividad: productos eliminados (muestra): [5, 10, 17, 22, 31, 38, 65, 144, 145, 178, 185, 234, 257, 259, 274, 311, 317, 344, 357, 375] ...
Filtro de conectividad: red original preservada y verificacion final superada.
Nodos: 400
Arcos: 1600
Productos: 10650

Solver E2: partida congestion-aware + pricing C++ + gap certificado
Productos: 10236 | Arcos: 1600
ETA: 25 | Gap objetivo: 1%
Construyendo el problema maestro restringido...
Set parameter Username
Set parameter LicenseID to value 2855691
Academic license - for non-commercial use only - expires 2027-08-24
Set parameter Method to value 0
Calculando caminos iniciales congestion-aware...
Caminos iniciales listos: 10236 columnas en 0.10s.
Iteración 1: resolviendo maestro con 10236 columnas...
Iteración 1: z=1.02255083 | cota inferior=1.02255083 | gap=0.0000% | columnas=10236 | nuevas=0 | costo reducido=0.000e+00 | maestro=0.01s | pricing=0.04s

Solución óptima certificada
Congestión máxima: 1.02255083 (102.26%)
Cota superior: 1.02255083
Cota inferior: 1.02255083
Gap certificado: 0.000000%
Iteraciones: 1 | Columnas: 10236
Tiempo total: 0.21 segundos

Diez arcos más congestionados:
Arco 1130: 284 -> 87 | flujo=2766.00 | capacidad=2705 | congestión=1.0226
Arco 874: 223 -> 3 | flujo=1582.00 | capacidad=2731 | congestión=0.5793
Arco 686: 173 -> 63 | flujo=6320.00 | capacidad=10948 | congestión=0.5773
Arco 1525: 382 -> 4 | flujo=3781.00 | capacidad=6564 | congestión=0.5760
Arco 626: 155 -> 200 | flujo=6324.00 | capacidad=11499 | congestión=0.5500
Arco 802: 205 -> 279 | flujo=1612.00 | capacidad=2941 | congestión=0.5481
Arco 1203: 301 -> 96 | flujo=4279.00 | capacidad=7876 | congestión=0.5433
Arco 479: 117 -> 321 | flujo=6294.00 | capacidad=11683 | congestión=0.5387
Arco 1327: 330 -> 277 | flujo=6309.00 | capacidad=11919 | congestión=0.5293
Arco 1116: 279 -> 379 | flujo=4450.00 | capacidad=8454 | congestión=0.5264

==========================================================
RESUMEN DE EJECUCION — KPI
==========================================================
Instancia: t62 (400 nodos, 1600 arcos, 10650 productos)
Solver: solver_columnas_e2.py
Estado: completado
Tiempo de pared del proceso: 0.52 s
Tiempo de CPU acumulado: 0.52 s
Uso medio aproximado de CPU: 100.2%
Memoria residente maxima observada: 89.45 MB
Tiempo interno del algoritmo: 0.21 s
Objetivo/congestion: 1.02255083
Cota superior: 1.02255083
Cota inferior: 1.02255083
Gap certificado: 0.0%
Iteraciones: 1
Columnas finales: 10236
Resultado guardado en: /Users/alfonsocid/Desktop/Repo Capstone/resultados/t62_solver_columnas_e2.txt
==========================================================
GUARDADO | resultados E2/E2_Method0_T1-T100/t62_solver_columnas_e2_method0.txt

EJECUTANDO | t63 | E2 | Method=0
Mulgen ya está compilado.
Generando instancia con t63.par...
 no commodity capacity
 *************************************
 Writing output to file out                                     
 End of writing.
Instancia generada: 400 nodos, 1600 arcos y 10650 productos.
Ejecutando solver: solver_columnas_e2.py
Los resultados se guardarán en /Users/alfonsocid/Desktop/Repo Capstone/resultados/t63_solver_columnas_e2.txt
Filtro de conectividad: 475 productos sin camino eliminados.
Filtro de conectividad: 10650 -> 10175 productos.
Filtro de conectividad: productos eliminados (muestra): [16, 27, 41, 75, 98, 102, 112, 145, 152, 155, 169, 189, 207, 208, 233, 268, 294, 297, 342, 363] ...
Filtro de conectividad: red original preservada y verificacion final superada.
Nodos: 400
Arcos: 1600
Productos: 10650

Solver E2: partida congestion-aware + pricing C++ + gap certificado
Productos: 10175 | Arcos: 1600
ETA: 25 | Gap objetivo: 1%
Construyendo el problema maestro restringido...
Set parameter Username
Set parameter LicenseID to value 2855691
Academic license - for non-commercial use only - expires 2027-08-24
Set parameter Method to value 0
Calculando caminos iniciales congestion-aware...
Caminos iniciales listos: 10175 columnas en 0.11s.
Iteración 1: resolviendo maestro con 10175 columnas...
Iteración 1: z=0.71135176 | cota inferior=0.53323376 | gap=33.4034% | columnas=10187 | nuevas=12 | costo reducido=-3.734e-04 | maestro=0.01s | pricing=0.04s
Iteración 2: resolviendo maestro con 10187 columnas...
Iteración 2: z=0.61203320 | cota inferior=0.59405256 | gap=3.0268% | columnas=10188 | nuevas=1 | costo reducido=-3.458e-04 | maestro=0.01s | pricing=0.05s
Iteración 3: resolviendo maestro con 10188 columnas...
Iteración 3: z=0.60196388 | cota inferior=0.59405256 | gap=1.3318% | columnas=10263 | nuevas=75 | costo reducido=-1.753e-04 | maestro=0.01s | pricing=0.04s
Iteración 4: resolviendo maestro con 10263 columnas...
Iteración 4: z=0.59405256 | cota inferior=0.59405256 | gap=0.0000% | columnas=10263 | nuevas=0 | costo reducido=0.000e+00 | maestro=0.01s | pricing=0.09s

Solución óptima certificada
Congestión máxima: 0.59405256 (59.41%)
Cota superior: 0.59405256
Cota inferior: 0.59405256
Gap certificado: 0.000000%
Iteraciones: 4 | Columnas: 10263
Tiempo total: 0.41 segundos

Diez arcos más congestionados:
Arco 716: 180 -> 360 | flujo=1718.00 | capacidad=2892 | congestión=0.5941
Arco 1304: 329 -> 93 | flujo=1590.87 | capacidad=2678 | congestión=0.5941
Arco 1402: 351 -> 45 | flujo=3387.88 | capacidad=5703 | congestión=0.5941
Arco 1277: 321 -> 353 | flujo=3287.00 | capacidad=5623 | congestión=0.5846
Arco 458: 113 -> 93 | flujo=5877.00 | capacidad=10335 | congestión=0.5687
Arco 1227: 307 -> 208 | flujo=6335.00 | capacidad=11352 | congestión=0.5581
Arco 869: 223 -> 338 | flujo=4751.00 | capacidad=8595 | congestión=0.5528
Arco 444: 110 -> 61 | flujo=1745.00 | capacidad=3160 | congestión=0.5522
Arco 1406: 353 -> 10 | flujo=5006.00 | capacidad=9291 | congestión=0.5388
Arco 1283: 323 -> 38 | flujo=5542.00 | capacidad=10308 | congestión=0.5376

==========================================================
RESUMEN DE EJECUCION — KPI
==========================================================
Instancia: t63 (400 nodos, 1600 arcos, 10650 productos)
Solver: solver_columnas_e2.py
Estado: completado
Tiempo de pared del proceso: 0.71 s
Tiempo de CPU acumulado: 0.67 s
Uso medio aproximado de CPU: 95.0%
Memoria residente maxima observada: 100.16 MB
Tiempo interno del algoritmo: 0.41 s
Objetivo/congestion: 0.59405256
Cota superior: 0.59405256
Cota inferior: 0.59405256
Gap certificado: 0.0%
Iteraciones: 4
Columnas finales: 10263
Resultado guardado en: /Users/alfonsocid/Desktop/Repo Capstone/resultados/t63_solver_columnas_e2.txt
==========================================================
GUARDADO | resultados E2/E2_Method0_T1-T100/t63_solver_columnas_e2_method0.txt

EJECUTANDO | t64 | E2 | Method=0
Mulgen ya está compilado.
Generando instancia con t64.par...
 no commodity capacity
 *************************************
 Writing output to file out                                     
 End of writing.
Instancia generada: 400 nodos, 1600 arcos y 10650 productos.
Ejecutando solver: solver_columnas_e2.py
Los resultados se guardarán en /Users/alfonsocid/Desktop/Repo Capstone/resultados/t64_solver_columnas_e2.txt
Filtro de conectividad: 362 productos sin camino eliminados.
Filtro de conectividad: 10650 -> 10288 productos.
Filtro de conectividad: productos eliminados (muestra): [91, 98, 138, 165, 187, 192, 193, 207, 213, 236, 238, 241, 261, 311, 361, 365, 388, 404, 417, 445] ...
Filtro de conectividad: red original preservada y verificacion final superada.
Nodos: 400
Arcos: 1600
Productos: 10650

Solver E2: partida congestion-aware + pricing C++ + gap certificado
Productos: 10288 | Arcos: 1600
ETA: 25 | Gap objetivo: 1%
Construyendo el problema maestro restringido...
Set parameter Username
Set parameter LicenseID to value 2855691
Academic license - for non-commercial use only - expires 2027-08-24
Set parameter Method to value 0
Calculando caminos iniciales congestion-aware...
Caminos iniciales listos: 10288 columnas en 0.12s.
Iteración 1: resolviendo maestro con 10288 columnas...
Iteración 1: z=0.67878032 | cota inferior=0.00000000 | gap=infinito | columnas=10479 | nuevas=191 | costo reducido=-7.798e-05 | maestro=0.01s | pricing=0.04s
Iteración 2: resolviendo maestro con 10479 columnas...
Iteración 2: z=0.63730612 | cota inferior=0.27265306 | gap=133.7425% | columnas=10575 | nuevas=96 | costo reducido=-8.163e-05 | maestro=0.01s | pricing=0.05s
Iteración 3: resolviendo maestro con 10575 columnas...
Iteración 3: z=0.60361681 | cota inferior=0.60361681 | gap=0.0000% | columnas=10575 | nuevas=0 | costo reducido=0.000e+00 | maestro=0.01s | pricing=0.04s

Solución óptima certificada
Congestión máxima: 0.60361681 (60.36%)
Cota superior: 0.60361681
Cota inferior: 0.60361681
Gap certificado: 0.000000%
Iteraciones: 3 | Columnas: 10575
Tiempo total: 0.33 segundos

Diez arcos más congestionados:
Arco 224: 58 -> 73 | flujo=7394.31 | capacidad=12250 | congestión=0.6036
Arco 498: 130 -> 323 | flujo=7740.18 | capacidad=12823 | congestión=0.6036
Arco 593: 155 -> 180 | flujo=2470.00 | capacidad=4092 | congestión=0.6036
Arco 496: 130 -> 18 | flujo=1570.00 | capacidad=2633 | congestión=0.5963
Arco 962: 243 -> 55 | flujo=5244.00 | capacidad=9148 | congestión=0.5732
Arco 28: 8 -> 233 | flujo=7048.00 | capacidad=12667 | congestión=0.5564
Arco 876: 223 -> 42 | flujo=6649.00 | capacidad=12589 | congestión=0.5282
Arco 1485: 374 -> 35 | flujo=2464.00 | capacidad=4718 | congestión=0.5223
Arco 869: 221 -> 5 | flujo=5471.00 | capacidad=10478 | congestión=0.5221
Arco 168: 45 -> 393 | flujo=3233.00 | capacidad=6256 | congestión=0.5168

==========================================================
RESUMEN DE EJECUCION — KPI
==========================================================
Instancia: t64 (400 nodos, 1600 arcos, 10650 productos)
Solver: solver_columnas_e2.py
Estado: completado
Tiempo de pared del proceso: 0.61 s
Tiempo de CPU acumulado: 0.61 s
Uso medio aproximado de CPU: 99.7%
Memoria residente maxima observada: 101.80 MB
Tiempo interno del algoritmo: 0.33 s
Objetivo/congestion: 0.60361681
Cota superior: 0.60361681
Cota inferior: 0.60361681
Gap certificado: 0.0%
Iteraciones: 3
Columnas finales: 10575
Resultado guardado en: /Users/alfonsocid/Desktop/Repo Capstone/resultados/t64_solver_columnas_e2.txt
==========================================================
GUARDADO | resultados E2/E2_Method0_T1-T100/t64_solver_columnas_e2_method0.txt

EJECUTANDO | t65 | E2 | Method=0
Mulgen ya está compilado.
Generando instancia con t65.par...
 no commodity capacity
 *************************************
 Writing output to file out                                     
 End of writing.
Instancia generada: 400 nodos, 1600 arcos y 10650 productos.
Ejecutando solver: solver_columnas_e2.py
Los resultados se guardarán en /Users/alfonsocid/Desktop/Repo Capstone/resultados/t65_solver_columnas_e2.txt
Filtro de conectividad: 283 productos sin camino eliminados.
Filtro de conectividad: 10650 -> 10367 productos.
Filtro de conectividad: productos eliminados (muestra): [26, 45, 85, 91, 147, 165, 168, 198, 238, 317, 330, 342, 384, 409, 461, 478, 503, 508, 577, 666] ...
Filtro de conectividad: red original preservada y verificacion final superada.
Nodos: 400
Arcos: 1600
Productos: 10650

Solver E2: partida congestion-aware + pricing C++ + gap certificado
Productos: 10367 | Arcos: 1600
ETA: 25 | Gap objetivo: 1%
Construyendo el problema maestro restringido...
Set parameter Username
Set parameter LicenseID to value 2855691
Academic license - for non-commercial use only - expires 2027-08-24
Set parameter Method to value 0
Calculando caminos iniciales congestion-aware...
Caminos iniciales listos: 10367 columnas en 0.11s.
Iteración 1: resolviendo maestro con 10367 columnas...
Iteración 1: z=0.75885502 | cota inferior=0.28562603 | gap=165.6813% | columnas=10417 | nuevas=50 | costo reducido=-2.059e-04 | maestro=0.01s | pricing=0.04s
Iteración 2: resolviendo maestro con 10417 columnas...
Iteración 2: z=0.72429409 | cota inferior=0.72429409 | gap=0.0000% | columnas=10417 | nuevas=0 | costo reducido=0.000e+00 | maestro=0.01s | pricing=0.05s

Solución óptima certificada
Congestión máxima: 0.72429409 (72.43%)
Cota superior: 0.72429409
Cota inferior: 0.72429409
Gap certificado: 0.000000%
Iteraciones: 2 | Columnas: 10417
Tiempo total: 0.28 segundos

Diez arcos más congestionados:
Arco 297: 71 -> 102 | flujo=2719.00 | capacidad=3754 | congestión=0.7243
Arco 1182: 295 -> 304 | flujo=3517.17 | capacidad=4856 | congestión=0.7243
Arco 859: 207 -> 386 | flujo=4836.00 | capacidad=7533 | congestión=0.6420
Arco 1027: 255 -> 315 | flujo=6786.00 | capacidad=11811 | congestión=0.5745
Arco 571: 139 -> 334 | flujo=5853.00 | capacidad=10577 | congestión=0.5534
Arco 1146: 284 -> 68 | flujo=6424.00 | capacidad=12126 | congestión=0.5298
Arco 1555: 391 -> 88 | flujo=1550.00 | capacidad=2940 | congestión=0.5272
Arco 729: 178 -> 372 | flujo=5579.00 | capacidad=10656 | congestión=0.5236
Arco 116: 27 -> 19 | flujo=3930.00 | capacidad=7507 | congestión=0.5235
Arco 77: 20 -> 366 | flujo=6548.00 | capacidad=12677 | congestión=0.5165

==========================================================
RESUMEN DE EJECUCION — KPI
==========================================================
Instancia: t65 (400 nodos, 1600 arcos, 10650 productos)
Solver: solver_columnas_e2.py
Estado: completado
Tiempo de pared del proceso: 0.62 s
Tiempo de CPU acumulado: 0.61 s
Uso medio aproximado de CPU: 98.9%
Memoria residente maxima observada: 98.30 MB
Tiempo interno del algoritmo: 0.28 s
Objetivo/congestion: 0.72429409
Cota superior: 0.72429409
Cota inferior: 0.72429409
Gap certificado: 0.0%
Iteraciones: 2
Columnas finales: 10417
Resultado guardado en: /Users/alfonsocid/Desktop/Repo Capstone/resultados/t65_solver_columnas_e2.txt
==========================================================
GUARDADO | resultados E2/E2_Method0_T1-T100/t65_solver_columnas_e2_method0.txt

EJECUTANDO | t66 | E2 | Method=0
Mulgen ya está compilado.
Generando instancia con t66.par...
 no commodity capacity
 *************************************
 Writing output to file out                                     
 End of writing.
Instancia generada: 400 nodos, 1600 arcos y 10650 productos.
Ejecutando solver: solver_columnas_e2.py
Los resultados se guardarán en /Users/alfonsocid/Desktop/Repo Capstone/resultados/t66_solver_columnas_e2.txt
Filtro de conectividad: 292 productos sin camino eliminados.
Filtro de conectividad: 10650 -> 10358 productos.
Filtro de conectividad: productos eliminados (muestra): [24, 48, 118, 186, 187, 229, 231, 240, 241, 250, 257, 284, 291, 372, 390, 529, 571, 583, 597, 767] ...
Filtro de conectividad: red original preservada y verificacion final superada.
Nodos: 400
Arcos: 1600
Productos: 10650

Solver E2: partida congestion-aware + pricing C++ + gap certificado
Productos: 10358 | Arcos: 1600
ETA: 25 | Gap objetivo: 1%
Construyendo el problema maestro restringido...
Set parameter Username
Set parameter LicenseID to value 2855691
Academic license - for non-commercial use only - expires 2027-08-24
Set parameter Method to value 0
Calculando caminos iniciales congestion-aware...
Caminos iniciales listos: 10358 columnas en 0.11s.
Iteración 1: resolviendo maestro con 10358 columnas...
Iteración 1: z=0.94344569 | cota inferior=0.94344569 | gap=0.0000% | columnas=10358 | nuevas=0 | costo reducido=0.000e+00 | maestro=0.01s | pricing=0.04s

Solución óptima certificada
Congestión máxima: 0.94344569 (94.34%)
Cota superior: 0.94344569
Cota inferior: 0.94344569
Gap certificado: 0.000000%
Iteraciones: 1 | Columnas: 10358
Tiempo total: 0.23 segundos

Diez arcos más congestionados:
Arco 1014: 249 -> 17 | flujo=2519.00 | capacidad=2670 | congestión=0.9434
Arco 1565: 391 -> 157 | flujo=2853.00 | capacidad=3848 | congestión=0.7414
Arco 675: 158 -> 325 | flujo=4008.00 | capacidad=6229 | congestión=0.6434
Arco 430: 98 -> 249 | flujo=3994.00 | capacidad=6229 | congestión=0.6412
Arco 1495: 370 -> 90 | flujo=7566.00 | capacidad=12144 | congestión=0.6230
Arco 501: 117 -> 87 | flujo=1653.00 | capacidad=2670 | congestión=0.6191
Arco 1286: 316 -> 334 | flujo=2654.00 | capacidad=4371 | congestión=0.6072
Arco 1395: 345 -> 271 | flujo=6093.00 | capacidad=10573 | congestión=0.5763
Arco 1285: 316 -> 80 | flujo=2742.00 | capacidad=4790 | congestión=0.5724
Arco 1500: 372 -> 145 | flujo=4042.00 | capacidad=7067 | congestión=0.5720

==========================================================
RESUMEN DE EJECUCION — KPI
==========================================================
Instancia: t66 (400 nodos, 1600 arcos, 10650 productos)
Solver: solver_columnas_e2.py
Estado: completado
Tiempo de pared del proceso: 0.55 s
Tiempo de CPU acumulado: 0.53 s
Uso medio aproximado de CPU: 97.2%
Memoria residente maxima observada: 90.23 MB
Tiempo interno del algoritmo: 0.23 s
Objetivo/congestion: 0.94344569
Cota superior: 0.94344569
Cota inferior: 0.94344569
Gap certificado: 0.0%
Iteraciones: 1
Columnas finales: 10358
Resultado guardado en: /Users/alfonsocid/Desktop/Repo Capstone/resultados/t66_solver_columnas_e2.txt
==========================================================
GUARDADO | resultados E2/E2_Method0_T1-T100/t66_solver_columnas_e2_method0.txt

EJECUTANDO | t67 | E2 | Method=0
Mulgen ya está compilado.
Generando instancia con t67.par...
 no commodity capacity
 *************************************
 Writing output to file out                                     
 End of writing.
Instancia generada: 400 nodos, 1600 arcos y 10650 productos.
Ejecutando solver: solver_columnas_e2.py
Los resultados se guardarán en /Users/alfonsocid/Desktop/Repo Capstone/resultados/t67_solver_columnas_e2.txt
Filtro de conectividad: 499 productos sin camino eliminados.
Filtro de conectividad: 10650 -> 10151 productos.
Filtro de conectividad: productos eliminados (muestra): [3, 62, 128, 178, 185, 189, 239, 280, 342, 345, 375, 376, 379, 383, 388, 392, 418, 419, 457, 506] ...
Filtro de conectividad: red original preservada y verificacion final superada.
Nodos: 400
Arcos: 1600
Productos: 10650

Solver E2: partida congestion-aware + pricing C++ + gap certificado
Productos: 10151 | Arcos: 1600
ETA: 25 | Gap objetivo: 1%
Construyendo el problema maestro restringido...
Set parameter Username
Set parameter LicenseID to value 2855691
Academic license - for non-commercial use only - expires 2027-08-24
Set parameter Method to value 0
Calculando caminos iniciales congestion-aware...
Caminos iniciales listos: 10151 columnas en 0.11s.
Iteración 1: resolviendo maestro con 10151 columnas...
Iteración 1: z=0.73218720 | cota inferior=0.00000000 | gap=infinito | columnas=10233 | nuevas=82 | costo reducido=-1.910e-04 | maestro=0.01s | pricing=0.04s
Iteración 2: resolviendo maestro con 10233 columnas...
Iteración 2: z=0.59310833 | cota inferior=0.55369365 | gap=7.1185% | columnas=10237 | nuevas=4 | costo reducido=-2.360e-04 | maestro=0.01s | pricing=0.05s
Iteración 3: resolviendo maestro con 10237 columnas...
Iteración 3: z=0.57179425 | cota inferior=0.55369365 | gap=3.2691% | columnas=10321 | nuevas=84 | costo reducido=-1.219e-04 | maestro=0.01s | pricing=0.04s
Iteración 4: resolviendo maestro con 10321 columnas...
Iteración 4: z=0.57036152 | cota inferior=0.55542277 | gap=2.6896% | columnas=10322 | nuevas=1 | costo reducido=-2.988e-04 | maestro=0.01s | pricing=0.04s
Iteración 5: resolviendo maestro con 10322 columnas...
Iteración 5: z=0.55542277 | cota inferior=0.55542277 | gap=0.0000% | columnas=10322 | nuevas=0 | costo reducido=0.000e+00 | maestro=0.01s | pricing=0.04s

Solución óptima certificada
Congestión máxima: 0.55542277 (55.54%)
Cota superior: 0.55542277
Cota inferior: 0.55542277
Gap certificado: 0.000000%
Iteraciones: 5 | Columnas: 10322
Tiempo total: 0.44 segundos

Diez arcos más congestionados:
Arco 22: 9 -> 143 | flujo=5650.32 | capacidad=10173 | congestión=0.5554
Arco 44: 15 -> 335 | flujo=1859.00 | capacidad=3347 | congestión=0.5554
Arco 500: 132 -> 270 | flujo=2907.64 | capacidad=5235 | congestión=0.5554
Arco 64: 22 -> 206 | flujo=4556.69 | capacidad=8204 | congestión=0.5554
Arco 1422: 349 -> 384 | flujo=2353.33 | capacidad=4237 | congestión=0.5554
Arco 313: 87 -> 385 | flujo=3425.00 | capacidad=6261 | congestión=0.5470
Arco 70: 24 -> 255 | flujo=5784.00 | capacidad=10659 | congestión=0.5426
Arco 1348: 328 -> 13 | flujo=2660.00 | capacidad=4912 | congestión=0.5415
Arco 602: 157 -> 50 | flujo=3441.00 | capacidad=6369 | congestión=0.5403
Arco 206: 60 -> 270 | flujo=1979.36 | capacidad=3697 | congestión=0.5354

==========================================================
RESUMEN DE EJECUCION — KPI
==========================================================
Instancia: t67 (400 nodos, 1600 arcos, 10650 productos)
Solver: solver_columnas_e2.py
Estado: completado
Tiempo de pared del proceso: 1.09 s
Tiempo de CPU acumulado: 0.76 s
Uso medio aproximado de CPU: 69.5%
Memoria residente maxima observada: 99.44 MB
Tiempo interno del algoritmo: 0.44 s
Objetivo/congestion: 0.55542277
Cota superior: 0.55542277
Cota inferior: 0.55542277
Gap certificado: 0.0%
Iteraciones: 5
Columnas finales: 10322
Resultado guardado en: /Users/alfonsocid/Desktop/Repo Capstone/resultados/t67_solver_columnas_e2.txt
==========================================================
GUARDADO | resultados E2/E2_Method0_T1-T100/t67_solver_columnas_e2_method0.txt

EJECUTANDO | t68 | E2 | Method=0
Mulgen ya está compilado.
Generando instancia con t68.par...
 no commodity capacity
 *************************************
 Writing output to file out                                     
 End of writing.
Instancia generada: 400 nodos, 1600 arcos y 10650 productos.
Ejecutando solver: solver_columnas_e2.py
Los resultados se guardarán en /Users/alfonsocid/Desktop/Repo Capstone/resultados/t68_solver_columnas_e2.txt
Filtro de conectividad: 555 productos sin camino eliminados.
Filtro de conectividad: 10650 -> 10095 productos.
Filtro de conectividad: productos eliminados (muestra): [26, 39, 54, 60, 65, 76, 94, 144, 154, 189, 198, 249, 270, 279, 329, 336, 379, 413, 469, 470] ...
Filtro de conectividad: red original preservada y verificacion final superada.
Nodos: 400
Arcos: 1600
Productos: 10650

Solver E2: partida congestion-aware + pricing C++ + gap certificado
Productos: 10095 | Arcos: 1600
ETA: 25 | Gap objetivo: 1%
Construyendo el problema maestro restringido...
Set parameter Username
Set parameter LicenseID to value 2855691
Academic license - for non-commercial use only - expires 2027-08-24
Set parameter Method to value 0
Calculando caminos iniciales congestion-aware...
Caminos iniciales listos: 10095 columnas en 0.10s.
Iteración 1: resolviendo maestro con 10095 columnas...
Iteración 1: z=0.82051282 | cota inferior=0.60320513 | gap=36.0255% | columnas=10113 | nuevas=18 | costo reducido=-3.205e-04 | maestro=0.01s | pricing=0.04s
Iteración 2: resolviendo maestro con 10113 columnas...
Iteración 2: z=0.77315084 | cota inferior=0.68520676 | gap=12.8347% | columnas=10119 | nuevas=6 | costo reducido=-2.912e-04 | maestro=0.01s | pricing=0.06s
Iteración 3: resolviendo maestro con 10119 columnas...
Iteración 3: z=0.68520676 | cota inferior=0.68520676 | gap=0.0000% | columnas=10119 | nuevas=0 | costo reducido=0.000e+00 | maestro=0.01s | pricing=0.04s

Solución óptima certificada
Congestión máxima: 0.68520676 (68.52%)
Cota superior: 0.68520676
Cota inferior: 0.68520676
Gap certificado: 0.000000%
Iteraciones: 3 | Columnas: 10119
Tiempo total: 0.32 segundos

Diez arcos más congestionados:
Arco 1125: 280 -> 129 | flujo=2137.85 | capacidad=3120 | congestión=0.6852
Arco 749: 187 -> 353 | flujo=2353.00 | capacidad=3434 | congestión=0.6852
Arco 1487: 369 -> 214 | flujo=5838.00 | capacidad=9358 | congestión=0.6239
Arco 1361: 336 -> 58 | flujo=2276.00 | capacidad=3749 | congestión=0.6071
Arco 148: 42 -> 277 | flujo=6088.00 | capacidad=10092 | congestión=0.6033
Arco 489: 123 -> 143 | flujo=1549.00 | capacidad=2700 | congestión=0.5737
Arco 1113: 277 -> 294 | flujo=2890.00 | capacidad=5216 | congestión=0.5541
Arco 1041: 260 -> 391 | flujo=4727.00 | capacidad=8624 | congestión=0.5481
Arco 311: 79 -> 207 | flujo=2035.00 | capacidad=3775 | congestión=0.5391
Arco 657: 163 -> 45 | flujo=4477.00 | capacidad=8440 | congestión=0.5305

==========================================================
RESUMEN DE EJECUCION — KPI
==========================================================
Instancia: t68 (400 nodos, 1600 arcos, 10650 productos)
Solver: solver_columnas_e2.py
Estado: completado
Tiempo de pared del proceso: 0.63 s
Tiempo de CPU acumulado: 0.63 s
Uso medio aproximado de CPU: 99.9%
Memoria residente maxima observada: 98.59 MB
Tiempo interno del algoritmo: 0.32 s
Objetivo/congestion: 0.68520676
Cota superior: 0.68520676
Cota inferior: 0.68520676
Gap certificado: 0.0%
Iteraciones: 3
Columnas finales: 10119
Resultado guardado en: /Users/alfonsocid/Desktop/Repo Capstone/resultados/t68_solver_columnas_e2.txt
==========================================================
GUARDADO | resultados E2/E2_Method0_T1-T100/t68_solver_columnas_e2_method0.txt

EJECUTANDO | t69 | E2 | Method=0
Mulgen ya está compilado.
Generando instancia con t69.par...
 no commodity capacity
 *************************************
 Writing output to file out                                     
 End of writing.
Instancia generada: 400 nodos, 1600 arcos y 10650 productos.
Ejecutando solver: solver_columnas_e2.py
Los resultados se guardarán en /Users/alfonsocid/Desktop/Repo Capstone/resultados/t69_solver_columnas_e2.txt
Filtro de conectividad: 688 productos sin camino eliminados.
Filtro de conectividad: 10650 -> 9962 productos.
Filtro de conectividad: productos eliminados (muestra): [6, 25, 26, 50, 64, 122, 123, 137, 145, 167, 175, 192, 209, 232, 235, 317, 319, 327, 337, 360] ...
Filtro de conectividad: red original preservada y verificacion final superada.
Nodos: 400
Arcos: 1600
Productos: 10650

Solver E2: partida congestion-aware + pricing C++ + gap certificado
Productos: 9962 | Arcos: 1600
ETA: 25 | Gap objetivo: 1%
Construyendo el problema maestro restringido...
Set parameter Username
Set parameter LicenseID to value 2855691
Academic license - for non-commercial use only - expires 2027-08-24
Set parameter Method to value 0
Calculando caminos iniciales congestion-aware...
Caminos iniciales listos: 9962 columnas en 0.10s.
Iteración 1: resolviendo maestro con 9962 columnas...
Iteración 1: z=0.58057271 | cota inferior=0.36552499 | gap=58.8326% | columnas=9978 | nuevas=16 | costo reducido=-2.807e-04 | maestro=0.01s | pricing=0.03s
Iteración 2: resolviendo maestro con 9978 columnas...
Iteración 2: z=0.57819383 | cota inferior=0.41923642 | gap=37.9159% | columnas=9987 | nuevas=9 | costo reducido=-3.671e-04 | maestro=0.01s | pricing=0.04s
Iteración 3: resolviendo maestro con 9987 columnas...
Iteración 3: z=0.55993465 | cota inferior=0.41923642 | gap=33.5606% | columnas=10116 | nuevas=129 | costo reducido=-1.021e-04 | maestro=0.01s | pricing=0.06s
Iteración 4: resolviendo maestro con 10116 columnas...
Iteración 4: z=0.55925926 | cota inferior=0.41923642 | gap=33.3995% | columnas=10213 | nuevas=97 | costo reducido=-1.277e-04 | maestro=0.01s | pricing=0.13s
Iteración 5: resolviendo maestro con 10213 columnas...
Iteración 5: z=0.54753004 | cota inferior=0.41923642 | gap=30.6017% | columnas=10307 | nuevas=94 | costo reducido=-1.335e-04 | maestro=0.01s | pricing=0.05s
Iteración 6: resolviendo maestro con 10307 columnas...
Iteración 6: z=0.50811401 | cota inferior=0.41923642 | gap=21.1999% | columnas=10344 | nuevas=37 | costo reducido=-1.364e-04 | maestro=0.01s | pricing=0.05s
Iteración 7: resolviendo maestro con 10344 columnas...
Iteración 7: z=0.49647887 | cota inferior=0.41923642 | gap=18.4246% | columnas=10450 | nuevas=106 | costo reducido=-7.825e-05 | maestro=0.01s | pricing=0.04s
Iteración 8: resolviendo maestro con 10450 columnas...
Iteración 8: z=0.48301513 | cota inferior=0.41923642 | gap=15.2131% | columnas=10495 | nuevas=45 | costo reducido=-2.480e-04 | maestro=0.01s | pricing=0.04s
Iteración 9: resolviendo maestro con 10495 columnas...
Iteración 9: z=0.48062142 | cota inferior=0.41923642 | gap=14.6421% | columnas=10629 | nuevas=134 | costo reducido=-8.177e-05 | maestro=0.01s | pricing=0.06s
Iteración 10: resolviendo maestro con 10629 columnas...
Iteración 10: z=0.47869775 | cota inferior=0.41923642 | gap=14.1832% | columnas=10680 | nuevas=51 | costo reducido=-2.010e-04 | maestro=0.01s | pricing=0.04s
Iteración 11: resolviendo maestro con 10680 columnas...
Iteración 11: z=0.47839732 | cota inferior=0.41923642 | gap=14.1116% | columnas=10791 | nuevas=111 | costo reducido=-1.046e-04 | maestro=0.01s | pricing=0.04s
Iteración 12: resolviendo maestro con 10791 columnas...
Iteración 12: z=0.47622545 | cota inferior=0.41923642 | gap=13.5935% | columnas=10908 | nuevas=117 | costo reducido=-9.179e-05 | maestro=0.01s | pricing=0.06s
Iteración 13: resolviendo maestro con 10908 columnas...
Iteración 13: z=0.47530040 | cota inferior=0.41923642 | gap=13.3729% | columnas=10948 | nuevas=40 | costo reducido=-2.670e-04 | maestro=0.01s | pricing=0.04s
Iteración 14: resolviendo maestro con 10948 columnas...
Iteración 14: z=0.46727060 | cota inferior=0.41923642 | gap=11.4575% | columnas=11025 | nuevas=77 | costo reducido=-9.741e-05 | maestro=0.01s | pricing=0.04s
Iteración 15: resolviendo maestro con 11025 columnas...
Iteración 15: z=0.46365648 | cota inferior=0.41923642 | gap=10.5955% | columnas=11151 | nuevas=126 | costo reducido=-8.195e-05 | maestro=0.01s | pricing=0.07s
Iteración 16: resolviendo maestro con 11151 columnas...
Iteración 16: z=0.45586854 | cota inferior=0.41923642 | gap=8.7378% | columnas=11219 | nuevas=68 | costo reducido=-1.565e-04 | maestro=0.01s | pricing=0.04s
Iteración 17: resolviendo maestro con 11219 columnas...
Iteración 17: z=0.45351664 | cota inferior=0.41923642 | gap=8.1768% | columnas=11633 | nuevas=414 | costo reducido=-3.498e-05 | maestro=0.01s | pricing=0.04s
Iteración 18: resolviendo maestro con 11633 columnas...
Iteración 18: z=0.43328109 | cota inferior=0.41923642 | gap=3.3501% | columnas=13974 | nuevas=2341 | costo reducido=-2.661e-05 | maestro=0.11s | pricing=0.07s
Iteración 19: resolviendo maestro con 13974 columnas...
Iteración 19: z=0.42523229 | cota inferior=0.41923642 | gap=1.4302% | columnas=13997 | nuevas=23 | costo reducido=-1.452e-04 | maestro=0.02s | pricing=0.04s
Iteración 20: resolviendo maestro con 13997 columnas...
Iteración 20: z=0.42432506 | cota inferior=0.41923642 | gap=1.2138% | columnas=14030 | nuevas=33 | costo reducido=-2.727e-04 | maestro=0.01s | pricing=0.05s
Iteración 21: resolviendo maestro con 14030 columnas...
Iteración 21: z=0.41923642 | cota inferior=0.41923642 | gap=0.0000% | columnas=14030 | nuevas=0 | costo reducido=0.000e+00 | maestro=0.02s | pricing=0.04s

Solución óptima certificada
Congestión máxima: 0.41923642 (41.92%)
Cota superior: 0.41923642
Cota inferior: 0.41923642
Gap certificado: 0.000000%
Iteraciones: 21 | Columnas: 14030
Tiempo total: 1.58 segundos

Diez arcos más congestionados:
Arco 376: 100 -> 62 | flujo=2141.04 | capacidad=5107 | congestión=0.4192
Arco 69: 15 -> 44 | flujo=1240.94 | capacidad=2960 | congestión=0.4192
Arco 267: 71 -> 134 | flujo=3282.62 | capacidad=7830 | congestión=0.4192
Arco 393: 106 -> 133 | flujo=3392.46 | capacidad=8092 | congestión=0.4192
Arco 441: 119 -> 109 | flujo=1679.88 | capacidad=4007 | congestión=0.4192
Arco 443: 119 -> 79 | flujo=1383.48 | capacidad=3300 | congestión=0.4192
Arco 573: 151 -> 83 | flujo=1449.30 | capacidad=3457 | congestión=0.4192
Arco 649: 169 -> 38 | flujo=4139.12 | capacidad=9873 | congestión=0.4192
Arco 681: 175 -> 78 | flujo=4106.00 | capacidad=9794 | congestión=0.4192
Arco 717: 183 -> 180 | flujo=1493.32 | capacidad=3562 | congestión=0.4192

==========================================================
RESUMEN DE EJECUCION — KPI
==========================================================
Instancia: t69 (400 nodos, 1600 arcos, 10650 productos)
Solver: solver_columnas_e2.py
Estado: completado
Tiempo de pared del proceso: 1.90 s
Tiempo de CPU acumulado: 1.80 s
Uso medio aproximado de CPU: 94.9%
Memoria residente maxima observada: 99.14 MB
Tiempo interno del algoritmo: 1.58 s
Objetivo/congestion: 0.41923642
Cota superior: 0.41923642
Cota inferior: 0.41923642
Gap certificado: 0.0%
Iteraciones: 21
Columnas finales: 14030
Resultado guardado en: /Users/alfonsocid/Desktop/Repo Capstone/resultados/t69_solver_columnas_e2.txt
==========================================================
GUARDADO | resultados E2/E2_Method0_T1-T100/t69_solver_columnas_e2_method0.txt

EJECUTANDO | t70 | E2 | Method=0
Mulgen ya está compilado.
Generando instancia con t70.par...
 no commodity capacity
 *************************************
 Writing output to file out                                     
 End of writing.
Instancia generada: 400 nodos, 1600 arcos y 10650 productos.
Ejecutando solver: solver_columnas_e2.py
Los resultados se guardarán en /Users/alfonsocid/Desktop/Repo Capstone/resultados/t70_solver_columnas_e2.txt
Filtro de conectividad: 454 productos sin camino eliminados.
Filtro de conectividad: 10650 -> 10196 productos.
Filtro de conectividad: productos eliminados (muestra): [10, 41, 51, 119, 127, 173, 198, 226, 248, 258, 287, 297, 311, 313, 397, 427, 438, 460, 492, 495] ...
Filtro de conectividad: red original preservada y verificacion final superada.
Nodos: 400
Arcos: 1600
Productos: 10650

Solver E2: partida congestion-aware + pricing C++ + gap certificado
Productos: 10196 | Arcos: 1600
ETA: 25 | Gap objetivo: 1%
Construyendo el problema maestro restringido...
Set parameter Username
Set parameter LicenseID to value 2855691
Academic license - for non-commercial use only - expires 2027-08-24
Set parameter Method to value 0
Calculando caminos iniciales congestion-aware...
Caminos iniciales listos: 10196 columnas en 0.11s.
Iteración 1: resolviendo maestro con 10196 columnas...
Iteración 1: z=0.73687461 | cota inferior=0.73687461 | gap=0.0000% | columnas=10196 | nuevas=0 | costo reducido=0.000e+00 | maestro=0.01s | pricing=0.04s

Solución óptima certificada
Congestión máxima: 0.73687461 (73.69%)
Cota superior: 0.73687461
Cota inferior: 0.73687461
Gap certificado: 0.000000%
Iteraciones: 1 | Columnas: 10196
Tiempo total: 0.21 segundos

Diez arcos más congestionados:
Arco 91: 22 -> 115 | flujo=2386.00 | capacidad=3238 | congestión=0.7369
Arco 1279: 312 -> 107 | flujo=5916.00 | capacidad=9288 | congestión=0.6370
Arco 1147: 277 -> 43 | flujo=5770.00 | capacidad=9129 | congestión=0.6321
Arco 1534: 383 -> 159 | flujo=5075.00 | capacidad=8200 | congestión=0.6189
Arco 1522: 378 -> 156 | flujo=3159.00 | capacidad=5414 | congestión=0.5835
Arco 1431: 351 -> 355 | flujo=6562.00 | capacidad=11491 | congestión=0.5711
Arco 302: 72 -> 181 | flujo=6287.00 | capacidad=11650 | congestión=0.5397
Arco 967: 239 -> 99 | flujo=1963.00 | capacidad=3663 | congestión=0.5359
Arco 663: 166 -> 6 | flujo=6953.00 | capacidad=13004 | congestión=0.5347
Arco 1285: 314 -> 196 | flujo=3687.00 | capacidad=6900 | congestión=0.5343

==========================================================
RESUMEN DE EJECUCION — KPI
==========================================================
Instancia: t70 (400 nodos, 1600 arcos, 10650 productos)
Solver: solver_columnas_e2.py
Estado: completado
Tiempo de pared del proceso: 0.50 s
Tiempo de CPU acumulado: 0.50 s
Uso medio aproximado de CPU: 100.6%
Memoria residente maxima observada: 90.30 MB
Tiempo interno del algoritmo: 0.21 s
Objetivo/congestion: 0.73687461
Cota superior: 0.73687461
Cota inferior: 0.73687461
Gap certificado: 0.0%
Iteraciones: 1
Columnas finales: 10196
Resultado guardado en: /Users/alfonsocid/Desktop/Repo Capstone/resultados/t70_solver_columnas_e2.txt
==========================================================
GUARDADO | resultados E2/E2_Method0_T1-T100/t70_solver_columnas_e2_method0.txt

EJECUTANDO | t71 | E2 | Method=0
Mulgen ya está compilado.
Generando instancia con t71.par...
 no commodity capacity
 *************************************
 Writing output to file out                                     
 End of writing.
Instancia generada: 400 nodos, 1600 arcos y 10650 productos.
Ejecutando solver: solver_columnas_e2.py
Los resultados se guardarán en /Users/alfonsocid/Desktop/Repo Capstone/resultados/t71_solver_columnas_e2.txt
Filtro de conectividad: 512 productos sin camino eliminados.
Filtro de conectividad: 10650 -> 10138 productos.
Filtro de conectividad: productos eliminados (muestra): [47, 57, 59, 72, 77, 103, 104, 116, 179, 187, 198, 244, 249, 261, 268, 284, 296, 310, 319, 366] ...
Filtro de conectividad: red original preservada y verificacion final superada.
Nodos: 400
Arcos: 1600
Productos: 10650

Solver E2: partida congestion-aware + pricing C++ + gap certificado
Productos: 10138 | Arcos: 1600
ETA: 25 | Gap objetivo: 1%
Construyendo el problema maestro restringido...
Set parameter Username
Set parameter LicenseID to value 2855691
Academic license - for non-commercial use only - expires 2027-08-24
Set parameter Method to value 0
Calculando caminos iniciales congestion-aware...
Caminos iniciales listos: 10138 columnas en 0.12s.
Iteración 1: resolviendo maestro con 10138 columnas...
Iteración 1: z=0.74645030 | cota inferior=0.35877282 | gap=108.0565% | columnas=10174 | nuevas=36 | costo reducido=-2.535e-04 | maestro=0.01s | pricing=0.03s
Iteración 2: resolviendo maestro con 10174 columnas...
Iteración 2: z=0.70407041 | cota inferior=0.35877282 | gap=96.2441% | columnas=10276 | nuevas=102 | costo reducido=-1.572e-04 | maestro=0.01s | pricing=0.05s
Iteración 3: resolviendo maestro con 10276 columnas...
Iteración 3: z=0.64455247 | cota inferior=0.35877282 | gap=79.6548% | columnas=10300 | nuevas=24 | costo reducido=-2.860e-04 | maestro=0.01s | pricing=0.09s
Iteración 4: resolviendo maestro con 10300 columnas...
Iteración 4: z=0.62358883 | cota inferior=0.52525253 | gap=18.7217% | columnas=10308 | nuevas=8 | costo reducido=-2.971e-04 | maestro=0.01s | pricing=0.04s
Iteración 5: resolviendo maestro con 10308 columnas...
Iteración 5: z=0.61259650 | cota inferior=0.52525253 | gap=16.6289% | columnas=10448 | nuevas=140 | costo reducido=-9.414e-05 | maestro=0.01s | pricing=0.04s
Iteración 6: resolviendo maestro con 10448 columnas...
Iteración 6: z=0.60461195 | cota inferior=0.52525253 | gap=15.1088% | columnas=10662 | nuevas=214 | costo reducido=-4.959e-05 | maestro=0.01s | pricing=0.05s
Iteración 7: resolviendo maestro con 10662 columnas...
Iteración 7: z=0.57092073 | cota inferior=0.52525253 | gap=8.6945% | columnas=10676 | nuevas=14 | costo reducido=-3.555e-04 | maestro=0.01s | pricing=0.03s
Iteración 8: resolviendo maestro con 10676 columnas...
Iteración 8: z=0.56036551 | cota inferior=0.52525253 | gap=6.6850% | columnas=10783 | nuevas=107 | costo reducido=-1.142e-04 | maestro=0.01s | pricing=0.04s
Iteración 9: resolviendo maestro con 10783 columnas...
Iteración 9: z=0.54705822 | cota inferior=0.52525253 | gap=4.1515% | columnas=10900 | nuevas=117 | costo reducido=-1.020e-04 | maestro=0.01s | pricing=0.04s
Iteración 10: resolviendo maestro con 10900 columnas...
Iteración 10: z=0.54565924 | cota inferior=0.52525253 | gap=3.8851% | columnas=10923 | nuevas=23 | costo reducido=-2.502e-04 | maestro=0.01s | pricing=0.05s
Iteración 11: resolviendo maestro con 10923 columnas...
Iteración 11: z=0.53925564 | cota inferior=0.52525253 | gap=2.6660% | columnas=10932 | nuevas=9 | costo reducido=-2.717e-04 | maestro=0.01s | pricing=0.04s
Iteración 12: resolviendo maestro con 10932 columnas...
Iteración 12: z=0.53454502 | cota inferior=0.52525253 | gap=1.7691% | columnas=11036 | nuevas=104 | costo reducido=-1.204e-04 | maestro=0.01s | pricing=0.05s
Iteración 13: resolviendo maestro con 11036 columnas...
Iteración 13: z=0.53421439 | cota inferior=0.52525253 | gap=1.7062% | columnas=11115 | nuevas=79 | costo reducido=-1.468e-04 | maestro=0.01s | pricing=0.04s
Iteración 14: resolviendo maestro con 11115 columnas...
Iteración 14: z=0.52525253 | cota inferior=0.52525253 | gap=0.0000% | columnas=11115 | nuevas=0 | costo reducido=0.000e+00 | maestro=0.01s | pricing=0.04s

Solución óptima certificada
Congestión máxima: 0.52525253 (52.53%)
Cota superior: 0.52525253
Cota inferior: 0.52525253
Gap certificado: 0.000000%
Iteraciones: 14 | Columnas: 11115
Tiempo total: 0.93 segundos

Diez arcos más congestionados:
Arco 1525: 383 -> 164 | flujo=4598.59 | capacidad=8755 | congestión=0.5253
Arco 517: 125 -> 294 | flujo=4087.52 | capacidad=7782 | congestión=0.5253
Arco 532: 130 -> 286 | flujo=1768.00 | capacidad=3366 | congestión=0.5253
Arco 817: 197 -> 7 | flujo=4488.28 | capacidad=8545 | congestión=0.5253
Arco 818: 198 -> 257 | flujo=5468.40 | capacidad=10411 | congestión=0.5253
Arco 832: 202 -> 152 | flujo=3576.97 | capacidad=6810 | congestión=0.5253
Arco 1010: 251 -> 159 | flujo=5579.23 | capacidad=10622 | congestión=0.5253
Arco 1159: 290 -> 39 | flujo=4363.80 | capacidad=8308 | congestión=0.5253
Arco 1234: 310 -> 238 | flujo=5330.26 | capacidad=10148 | congestión=0.5253
Arco 1264: 319 -> 369 | flujo=5620.20 | capacidad=10700 | congestión=0.5253

==========================================================
RESUMEN DE EJECUCION — KPI
==========================================================
Instancia: t71 (400 nodos, 1600 arcos, 10650 productos)
Solver: solver_columnas_e2.py
Estado: completado
Tiempo de pared del proceso: 1.29 s
Tiempo de CPU acumulado: 1.21 s
Uso medio aproximado de CPU: 94.1%
Memoria residente maxima observada: 115.94 MB
Tiempo interno del algoritmo: 0.93 s
Objetivo/congestion: 0.52525253
Cota superior: 0.52525253
Cota inferior: 0.52525253
Gap certificado: 0.0%
Iteraciones: 14
Columnas finales: 11115
Resultado guardado en: /Users/alfonsocid/Desktop/Repo Capstone/resultados/t71_solver_columnas_e2.txt
==========================================================
GUARDADO | resultados E2/E2_Method0_T1-T100/t71_solver_columnas_e2_method0.txt

EJECUTANDO | t72 | E2 | Method=0
Mulgen ya está compilado.
Generando instancia con t72.par...
 no commodity capacity
 *************************************
 Writing output to file out                                     
 End of writing.
Instancia generada: 400 nodos, 1600 arcos y 10650 productos.
Ejecutando solver: solver_columnas_e2.py
Los resultados se guardarán en /Users/alfonsocid/Desktop/Repo Capstone/resultados/t72_solver_columnas_e2.txt
Filtro de conectividad: 303 productos sin camino eliminados.
Filtro de conectividad: 10650 -> 10347 productos.
Filtro de conectividad: productos eliminados (muestra): [8, 67, 88, 93, 127, 146, 232, 243, 317, 326, 431, 449, 454, 463, 472, 478, 497, 526, 551, 611] ...
Filtro de conectividad: red original preservada y verificacion final superada.
Nodos: 400
Arcos: 1600
Productos: 10650

Solver E2: partida congestion-aware + pricing C++ + gap certificado
Productos: 10347 | Arcos: 1600
ETA: 25 | Gap objetivo: 1%
Construyendo el problema maestro restringido...
Set parameter Username
Set parameter LicenseID to value 2855691
Academic license - for non-commercial use only - expires 2027-08-24
Set parameter Method to value 0
Calculando caminos iniciales congestion-aware...
Caminos iniciales listos: 10347 columnas en 0.11s.
Iteración 1: resolviendo maestro con 10347 columnas...
Iteración 1: z=0.59557196 | cota inferior=0.42312423 | gap=40.7558% | columnas=10363 | nuevas=16 | costo reducido=-2.460e-04 | maestro=0.01s | pricing=0.04s
Iteración 2: resolviendo maestro con 10363 columnas...
Iteración 2: z=0.58418637 | cota inferior=0.51570773 | gap=13.2786% | columnas=10369 | nuevas=6 | costo reducido=-3.530e-04 | maestro=0.01s | pricing=0.06s
Iteración 3: resolviendo maestro con 10369 columnas...
Iteración 3: z=0.56397890 | cota inferior=0.51570773 | gap=9.3602% | columnas=10452 | nuevas=83 | costo reducido=-1.507e-04 | maestro=0.01s | pricing=0.09s
Iteración 4: resolviendo maestro con 10452 columnas...
Iteración 4: z=0.56166266 | cota inferior=0.51570773 | gap=8.9110% | columnas=10461 | nuevas=9 | costo reducido=-3.435e-04 | maestro=0.01s | pricing=0.04s
Iteración 5: resolviendo maestro con 10461 columnas...
Iteración 5: z=0.54446707 | cota inferior=0.51570773 | gap=5.5767% | columnas=10572 | nuevas=111 | costo reducido=-1.131e-04 | maestro=0.01s | pricing=0.04s
Iteración 6: resolviendo maestro con 10572 columnas...
Iteración 6: z=0.54262984 | cota inferior=0.51570773 | gap=5.2204% | columnas=10628 | nuevas=56 | costo reducido=-1.501e-04 | maestro=0.01s | pricing=0.04s
Iteración 7: resolviendo maestro con 10628 columnas...
Iteración 7: z=0.53799850 | cota inferior=0.51570773 | gap=4.3224% | columnas=10680 | nuevas=52 | costo reducido=-2.508e-04 | maestro=0.01s | pricing=0.04s
Iteración 8: resolviendo maestro con 10680 columnas...
Iteración 8: z=0.53150242 | cota inferior=0.51570773 | gap=3.0627% | columnas=10718 | nuevas=38 | costo reducido=-3.231e-04 | maestro=0.01s | pricing=0.03s
Iteración 9: resolviendo maestro con 10718 columnas...
Iteración 9: z=0.51596404 | cota inferior=0.51570773 | gap=0.0497% | columnas=10718 | nuevas=0 | costo reducido=-1.550e-04 | maestro=0.01s | pricing=0.06s

Solución con error relativo certificado de a lo sumo 1%
Congestión máxima: 0.51596404 (51.60%)
Cota superior: 0.51596404
Cota inferior: 0.51570773
Gap certificado: 0.049701%
Iteraciones: 9 | Columnas: 10718
Tiempo total: 0.70 segundos

Diez arcos más congestionados:
Arco 749: 180 -> 27 | flujo=2057.15 | capacidad=3987 | congestión=0.5160
Arco 985: 239 -> 56 | flujo=3329.00 | capacidad=6452 | congestión=0.5160
Arco 1077: 261 -> 398 | flujo=2097.39 | capacidad=4065 | congestión=0.5160
Arco 1097: 268 -> 227 | flujo=3437.35 | capacidad=6662 | congestión=0.5160
Arco 1197: 304 -> 391 | flujo=1596.91 | capacidad=3095 | congestión=0.5160
Arco 337: 80 -> 337 | flujo=3423.42 | capacidad=6635 | congestión=0.5160
Arco 756: 182 -> 202 | flujo=4560.09 | capacidad=8838 | congestión=0.5160
Arco 1193: 301 -> 220 | flujo=1461.73 | capacidad=2833 | congestión=0.5160
Arco 1224: 312 -> 17 | flujo=1501.97 | capacidad=2911 | congestión=0.5160
Arco 1107: 272 -> 134 | flujo=2016.00 | capacidad=3908 | congestión=0.5159

==========================================================
RESUMEN DE EJECUCION — KPI
==========================================================
Instancia: t72 (400 nodos, 1600 arcos, 10650 productos)
Solver: solver_columnas_e2.py
Estado: completado
Tiempo de pared del proceso: 0.99 s
Tiempo de CPU acumulado: 0.95 s
Uso medio aproximado de CPU: 95.9%
Memoria residente maxima observada: 104.59 MB
Tiempo interno del algoritmo: 0.7 s
Objetivo/congestion: 0.51596404
Cota superior: 0.51596404
Cota inferior: 0.51570773
Gap certificado: 0.049701%
Iteraciones: 9
Columnas finales: 10718
Resultado guardado en: /Users/alfonsocid/Desktop/Repo Capstone/resultados/t72_solver_columnas_e2.txt
==========================================================
GUARDADO | resultados E2/E2_Method0_T1-T100/t72_solver_columnas_e2_method0.txt

EJECUTANDO | t73 | E2 | Method=0
Mulgen ya está compilado.
Generando instancia con t73.par...
 no commodity capacity
 *************************************
 Writing output to file out                                     
 End of writing.
Instancia generada: 400 nodos, 1600 arcos y 10650 productos.
Ejecutando solver: solver_columnas_e2.py
Los resultados se guardarán en /Users/alfonsocid/Desktop/Repo Capstone/resultados/t73_solver_columnas_e2.txt
Filtro de conectividad: 309 productos sin camino eliminados.
Filtro de conectividad: 10650 -> 10341 productos.
Filtro de conectividad: productos eliminados (muestra): [56, 79, 112, 122, 138, 235, 274, 431, 461, 530, 546, 639, 684, 745, 816, 831, 926, 1002, 1026, 1028] ...
Filtro de conectividad: red original preservada y verificacion final superada.
Nodos: 400
Arcos: 1600
Productos: 10650

Solver E2: partida congestion-aware + pricing C++ + gap certificado
Productos: 10341 | Arcos: 1600
ETA: 25 | Gap objetivo: 1%
Construyendo el problema maestro restringido...
Set parameter Username
Set parameter LicenseID to value 2855691
Academic license - for non-commercial use only - expires 2027-08-24
Set parameter Method to value 0
Calculando caminos iniciales congestion-aware...
Caminos iniciales listos: 10341 columnas en 0.11s.
Iteración 1: resolviendo maestro con 10341 columnas...
Iteración 1: z=0.77020497 | cota inferior=0.75204133 | gap=2.4152% | columnas=10343 | nuevas=2 | costo reducido=-1.666e-04 | maestro=0.01s | pricing=0.04s
Iteración 2: resolviendo maestro con 10343 columnas...
Iteración 2: z=0.75204133 | cota inferior=0.75204133 | gap=0.0000% | columnas=10343 | nuevas=0 | costo reducido=0.000e+00 | maestro=0.01s | pricing=0.05s

Solución óptima certificada
Congestión máxima: 0.75204133 (75.20%)
Cota superior: 0.75204133
Cota inferior: 0.75204133
Gap certificado: 0.000000%
Iteraciones: 2 | Columnas: 10343
Tiempo total: 0.28 segundos

Diez arcos más congestionados:
Arco 54: 15 -> 260 | flujo=4513.00 | capacidad=6001 | congestión=0.7520
Arco 1314: 325 -> 44 | flujo=2701.00 | capacidad=3871 | congestión=0.6978
Arco 1472: 367 -> 291 | flujo=5294.00 | capacidad=7923 | congestión=0.6682
Arco 1545: 385 -> 92 | flujo=2260.00 | capacidad=3533 | congestión=0.6397
Arco 307: 71 -> 140 | flujo=3814.00 | capacidad=6001 | congestión=0.6356
Arco 782: 189 -> 180 | flujo=5835.00 | capacidad=9222 | congestión=0.6327
Arco 1400: 348 -> 195 | flujo=2750.00 | capacidad=4391 | congestión=0.6263
Arco 443: 103 -> 57 | flujo=7481.00 | capacidad=12054 | congestión=0.6206
Arco 1296: 319 -> 298 | flujo=2500.00 | capacidad=4079 | congestión=0.6129
Arco 561: 135 -> 190 | flujo=2435.00 | capacidad=3975 | congestión=0.6126

==========================================================
RESUMEN DE EJECUCION — KPI
==========================================================
Instancia: t73 (400 nodos, 1600 arcos, 10650 productos)
Solver: solver_columnas_e2.py
Estado: completado
Tiempo de pared del proceso: 0.58 s
Tiempo de CPU acumulado: 0.59 s
Uso medio aproximado de CPU: 101.3%
Memoria residente maxima observada: 96.38 MB
Tiempo interno del algoritmo: 0.28 s
Objetivo/congestion: 0.75204133
Cota superior: 0.75204133
Cota inferior: 0.75204133
Gap certificado: 0.0%
Iteraciones: 2
Columnas finales: 10343
Resultado guardado en: /Users/alfonsocid/Desktop/Repo Capstone/resultados/t73_solver_columnas_e2.txt
==========================================================
GUARDADO | resultados E2/E2_Method0_T1-T100/t73_solver_columnas_e2_method0.txt

EJECUTANDO | t74 | E2 | Method=0
Mulgen ya está compilado.
Generando instancia con t74.par...
 no commodity capacity
 *************************************
 Writing output to file out                                     
 End of writing.
Instancia generada: 400 nodos, 1600 arcos y 10650 productos.
Ejecutando solver: solver_columnas_e2.py
Los resultados se guardarán en /Users/alfonsocid/Desktop/Repo Capstone/resultados/t74_solver_columnas_e2.txt
Filtro de conectividad: 318 productos sin camino eliminados.
Filtro de conectividad: 10650 -> 10332 productos.
Filtro de conectividad: productos eliminados (muestra): [21, 47, 88, 148, 183, 191, 308, 423, 441, 483, 581, 586, 644, 693, 800, 822, 940, 990, 1004, 1007] ...
Filtro de conectividad: red original preservada y verificacion final superada.
Nodos: 400
Arcos: 1600
Productos: 10650

Solver E2: partida congestion-aware + pricing C++ + gap certificado
Productos: 10332 | Arcos: 1600
ETA: 25 | Gap objetivo: 1%
Construyendo el problema maestro restringido...
Set parameter Username
Set parameter LicenseID to value 2855691
Academic license - for non-commercial use only - expires 2027-08-24
Set parameter Method to value 0
Calculando caminos iniciales congestion-aware...
Caminos iniciales listos: 10332 columnas en 0.12s.
Iteración 1: resolviendo maestro con 10332 columnas...
Iteración 1: z=0.69031394 | cota inferior=0.00000000 | gap=infinito | columnas=10463 | nuevas=131 | costo reducido=-1.217e-04 | maestro=0.01s | pricing=0.04s
Iteración 2: resolviendo maestro con 10463 columnas...
Iteración 2: z=0.63528336 | cota inferior=0.32358318 | gap=96.3277% | columnas=10511 | nuevas=48 | costo reducido=-1.523e-04 | maestro=0.01s | pricing=0.05s
Iteración 3: resolviendo maestro con 10511 columnas...
Iteración 3: z=0.57193151 | cota inferior=0.32358318 | gap=76.7495% | columnas=10583 | nuevas=72 | costo reducido=-1.600e-04 | maestro=0.01s | pricing=0.04s
Iteración 4: resolviendo maestro con 10583 columnas...
Iteración 4: z=0.54789147 | cota inferior=0.32358318 | gap=69.3201% | columnas=10657 | nuevas=74 | costo reducido=-1.635e-04 | maestro=0.01s | pricing=0.04s
Iteración 5: resolviendo maestro con 10657 columnas...
Iteración 5: z=0.54381530 | cota inferior=0.32358318 | gap=68.0604% | columnas=10728 | nuevas=71 | costo reducido=-1.685e-04 | maestro=0.01s | pricing=0.04s
Iteración 6: resolviendo maestro con 10728 columnas...
Iteración 6: z=0.53688665 | cota inferior=0.32358318 | gap=65.9192% | columnas=10832 | nuevas=104 | costo reducido=-1.144e-04 | maestro=0.01s | pricing=0.05s
Iteración 7: resolviendo maestro con 10832 columnas...
Iteración 7: z=0.53261719 | cota inferior=0.49042969 | gap=8.6022% | columnas=10836 | nuevas=4 | costo reducido=-1.953e-04 | maestro=0.01s | pricing=0.04s
Iteración 8: resolviendo maestro con 10836 columnas...
Iteración 8: z=0.52954355 | cota inferior=0.49042969 | gap=7.9754% | columnas=10876 | nuevas=40 | costo reducido=-2.800e-04 | maestro=0.05s | pricing=0.05s
Iteración 9: resolviendo maestro con 10876 columnas...
Iteración 9: z=0.52865065 | cota inferior=0.50720887 | gap=4.2274% | columnas=10877 | nuevas=1 | costo reducido=-3.697e-04 | maestro=0.01s | pricing=0.04s
Iteración 10: resolviendo maestro con 10877 columnas...
Iteración 10: z=0.52623491 | cota inferior=0.50720887 | gap=3.7511% | columnas=10988 | nuevas=111 | costo reducido=-1.098e-04 | maestro=0.01s | pricing=0.04s
Iteración 11: resolviendo maestro con 10988 columnas...
Iteración 11: z=0.52476143 | cota inferior=0.50720887 | gap=3.4606% | columnas=11076 | nuevas=88 | costo reducido=-8.226e-05 | maestro=0.01s | pricing=0.04s
Iteración 12: resolviendo maestro con 11076 columnas...
Iteración 12: z=0.51838930 | cota inferior=0.50720887 | gap=2.2043% | columnas=11215 | nuevas=139 | costo reducido=-1.454e-04 | maestro=0.01s | pricing=0.05s
Iteración 13: resolviendo maestro con 11215 columnas...
Iteración 13: z=0.51741409 | cota inferior=0.50720887 | gap=2.0120% | columnas=11291 | nuevas=76 | costo reducido=-1.165e-04 | maestro=0.01s | pricing=0.04s
Iteración 14: resolviendo maestro con 11291 columnas...
Iteración 14: z=0.50720887 | cota inferior=0.50720887 | gap=0.0000% | columnas=11291 | nuevas=0 | costo reducido=0.000e+00 | maestro=0.01s | pricing=0.04s

Solución óptima certificada
Congestión máxima: 0.50720887 (50.72%)
Cota superior: 0.50720887
Cota inferior: 0.50720887
Gap certificado: 0.000000%
Iteraciones: 14 | Columnas: 11291
Tiempo total: 0.94 segundos

Diez arcos más congestionados:
Arco 130: 33 -> 152 | flujo=2343.81 | capacidad=4621 | congestión=0.5072
Arco 180: 48 -> 180 | flujo=4301.13 | capacidad=8480 | congestión=0.5072
Arco 418: 108 -> 200 | flujo=2596.91 | capacidad=5120 | congestión=0.5072
Arco 432: 112 -> 82 | flujo=2197.23 | capacidad=4332 | congestión=0.5072
Arco 502: 133 -> 11 | flujo=5379.96 | capacidad=10607 | congestión=0.5072
Arco 739: 192 -> 20 | flujo=2596.91 | capacidad=5120 | congestión=0.5072
Arco 775: 200 -> 365 | flujo=1372.00 | capacidad=2705 | congestión=0.5072
Arco 953: 240 -> 4 | flujo=4168.24 | capacidad=8218 | congestión=0.5072
Arco 964: 244 -> 284 | flujo=4354.39 | capacidad=8585 | congestión=0.5072
Arco 1034: 267 -> 46 | flujo=3169.55 | capacidad=6249 | congestión=0.5072

==========================================================
RESUMEN DE EJECUCION — KPI
==========================================================
Instancia: t74 (400 nodos, 1600 arcos, 10650 productos)
Solver: solver_columnas_e2.py
Estado: completado
Tiempo de pared del proceso: 1.28 s
Tiempo de CPU acumulado: 1.22 s
Uso medio aproximado de CPU: 95.1%
Memoria residente maxima observada: 117.92 MB
Tiempo interno del algoritmo: 0.94 s
Objetivo/congestion: 0.50720887
Cota superior: 0.50720887
Cota inferior: 0.50720887
Gap certificado: 0.0%
Iteraciones: 14
Columnas finales: 11291
Resultado guardado en: /Users/alfonsocid/Desktop/Repo Capstone/resultados/t74_solver_columnas_e2.txt
==========================================================
GUARDADO | resultados E2/E2_Method0_T1-T100/t74_solver_columnas_e2_method0.txt

EJECUTANDO | t75 | E2 | Method=0
Mulgen ya está compilado.
Generando instancia con t75.par...
 no commodity capacity
 *************************************
 Writing output to file out                                     
 End of writing.
Instancia generada: 400 nodos, 1600 arcos y 10650 productos.
Ejecutando solver: solver_columnas_e2.py
Los resultados se guardarán en /Users/alfonsocid/Desktop/Repo Capstone/resultados/t75_solver_columnas_e2.txt
Filtro de conectividad: 344 productos sin camino eliminados.
Filtro de conectividad: 10650 -> 10306 productos.
Filtro de conectividad: productos eliminados (muestra): [91, 95, 138, 194, 201, 223, 225, 293, 415, 437, 460, 507, 508, 511, 532, 533, 548, 580, 585, 723] ...
Filtro de conectividad: red original preservada y verificacion final superada.
Nodos: 400
Arcos: 1600
Productos: 10650

Solver E2: partida congestion-aware + pricing C++ + gap certificado
Productos: 10306 | Arcos: 1600
ETA: 25 | Gap objetivo: 1%
Construyendo el problema maestro restringido...
Set parameter Username
Set parameter LicenseID to value 2855691
Academic license - for non-commercial use only - expires 2027-08-24
Set parameter Method to value 0
Calculando caminos iniciales congestion-aware...
Caminos iniciales listos: 10306 columnas en 0.11s.
Iteración 1: resolviendo maestro con 10306 columnas...
Iteración 1: z=0.72855407 | cota inferior=0.72855407 | gap=0.0000% | columnas=10306 | nuevas=0 | costo reducido=0.000e+00 | maestro=0.01s | pricing=0.04s

Solución óptima certificada
Congestión máxima: 0.72855407 (72.86%)
Cota superior: 0.72855407
Cota inferior: 0.72855407
Gap certificado: 0.000000%
Iteraciones: 1 | Columnas: 10306
Tiempo total: 0.21 segundos

Diez arcos más congestionados:
Arco 701: 174 -> 352 | flujo=2998.00 | capacidad=4115 | congestión=0.7286
Arco 1473: 372 -> 76 | flujo=6122.00 | capacidad=10260 | congestión=0.5967
Arco 896: 224 -> 327 | flujo=5750.00 | capacidad=9706 | congestión=0.5924
Arco 1310: 329 -> 198 | flujo=2076.00 | capacidad=3640 | congestión=0.5703
Arco 1595: 400 -> 57 | flujo=5251.00 | capacidad=9337 | congestión=0.5624
Arco 1099: 276 -> 152 | flujo=3278.00 | capacidad=5987 | congestión=0.5475
Arco 1581: 394 -> 130 | flujo=5452.00 | capacidad=9970 | congestión=0.5468
Arco 1442: 363 -> 192 | flujo=4694.00 | capacidad=8704 | congestión=0.5393
Arco 375: 92 -> 328 | flujo=4304.00 | capacidad=8203 | congestión=0.5247
Arco 863: 215 -> 366 | flujo=5733.00 | capacidad=10998 | congestión=0.5213

==========================================================
RESUMEN DE EJECUCION — KPI
==========================================================
Instancia: t75 (400 nodos, 1600 arcos, 10650 productos)
Solver: solver_columnas_e2.py
Estado: completado
Tiempo de pared del proceso: 0.53 s
Tiempo de CPU acumulado: 0.52 s
Uso medio aproximado de CPU: 98.5%
Memoria residente maxima observada: 89.89 MB
Tiempo interno del algoritmo: 0.21 s
Objetivo/congestion: 0.72855407
Cota superior: 0.72855407
Cota inferior: 0.72855407
Gap certificado: 0.0%
Iteraciones: 1
Columnas finales: 10306
Resultado guardado en: /Users/alfonsocid/Desktop/Repo Capstone/resultados/t75_solver_columnas_e2.txt
==========================================================
GUARDADO | resultados E2/E2_Method0_T1-T100/t75_solver_columnas_e2_method0.txt

EJECUTANDO | t76 | E2 | Method=0
Mulgen ya está compilado.
Generando instancia con t76.par...
 no commodity capacity
 *************************************
 Writing output to file out                                     
 End of writing.
Instancia generada: 400 nodos, 1600 arcos y 10650 productos.
Ejecutando solver: solver_columnas_e2.py
Los resultados se guardarán en /Users/alfonsocid/Desktop/Repo Capstone/resultados/t76_solver_columnas_e2.txt
Filtro de conectividad: 281 productos sin camino eliminados.
Filtro de conectividad: 10650 -> 10369 productos.
Filtro de conectividad: productos eliminados (muestra): [123, 124, 127, 132, 137, 148, 152, 178, 297, 311, 345, 400, 426, 464, 517, 561, 603, 621, 635, 675] ...
Filtro de conectividad: red original preservada y verificacion final superada.
Nodos: 400
Arcos: 1600
Productos: 10650

Solver E2: partida congestion-aware + pricing C++ + gap certificado
Productos: 10369 | Arcos: 1600
ETA: 25 | Gap objetivo: 1%
Construyendo el problema maestro restringido...
Set parameter Username
Set parameter LicenseID to value 2855691
Academic license - for non-commercial use only - expires 2027-08-24
Set parameter Method to value 0
Calculando caminos iniciales congestion-aware...
Caminos iniciales listos: 10369 columnas en 0.10s.
Iteración 1: resolviendo maestro con 10369 columnas...
Iteración 1: z=0.76361177 | cota inferior=0.45113290 | gap=69.2654% | columnas=10389 | nuevas=20 | costo reducido=-3.382e-04 | maestro=0.01s | pricing=0.04s
Iteración 2: resolviendo maestro con 10389 columnas...
Iteración 2: z=0.67225735 | cota inferior=0.45113290 | gap=49.0154% | columnas=10411 | nuevas=22 | costo reducido=-2.750e-04 | maestro=0.01s | pricing=0.06s
Iteración 3: resolviendo maestro con 10411 columnas...
Iteración 3: z=0.67143985 | cota inferior=0.45113290 | gap=48.8342% | columnas=10547 | nuevas=136 | costo reducido=-1.128e-04 | maestro=0.01s | pricing=0.04s
Iteración 4: resolviendo maestro con 10547 columnas...
Iteración 4: z=0.61718599 | cota inferior=0.45113290 | gap=36.8080% | columnas=10658 | nuevas=111 | costo reducido=-9.677e-05 | maestro=0.01s | pricing=0.04s
Iteración 5: resolviendo maestro con 10658 columnas...
Iteración 5: z=0.57353477 | cota inferior=0.45113290 | gap=27.1321% | columnas=10797 | nuevas=139 | costo reducido=-9.101e-05 | maestro=0.01s | pricing=0.04s
Iteración 6: resolviendo maestro con 10797 columnas...
Iteración 6: z=0.52684490 | cota inferior=0.45113290 | gap=16.7826% | columnas=10911 | nuevas=114 | costo reducido=-1.105e-04 | maestro=0.02s | pricing=0.04s
Iteración 7: resolviendo maestro con 10911 columnas...
Iteración 7: z=0.52586029 | cota inferior=0.45113290 | gap=16.5644% | columnas=11004 | nuevas=93 | costo reducido=-1.030e-04 | maestro=0.01s | pricing=0.04s
Iteración 8: resolviendo maestro con 11004 columnas...
Iteración 8: z=0.51287256 | cota inferior=0.45113290 | gap=13.6855% | columnas=11512 | nuevas=508 | costo reducido=-4.951e-05 | maestro=0.01s | pricing=0.08s
Iteración 9: resolviendo maestro con 11512 columnas...
Iteración 9: z=0.50798634 | cota inferior=0.45113290 | gap=12.6024% | columnas=11597 | nuevas=85 | costo reducido=-9.233e-05 | maestro=0.02s | pricing=0.04s
Iteración 10: resolviendo maestro con 11597 columnas...
Iteración 10: z=0.50150880 | cota inferior=0.45113290 | gap=11.1665% | columnas=11739 | nuevas=142 | costo reducido=-8.382e-05 | maestro=0.02s | pricing=0.05s
Iteración 11: resolviendo maestro con 11739 columnas...
Iteración 11: z=0.50116634 | cota inferior=0.45218015 | gap=10.8333% | columnas=11746 | nuevas=7 | costo reducido=-1.794e-04 | maestro=0.01s | pricing=0.04s
Iteración 12: resolviendo maestro con 11746 columnas...
Iteración 12: z=0.49281927 | cota inferior=0.45218015 | gap=8.9874% | columnas=11821 | nuevas=75 | costo reducido=-1.105e-04 | maestro=0.01s | pricing=0.05s
Iteración 13: resolviendo maestro con 11821 columnas...
Iteración 13: z=0.49246931 | cota inferior=0.45218015 | gap=8.9100% | columnas=11881 | nuevas=60 | costo reducido=-1.266e-04 | maestro=0.01s | pricing=0.04s
Iteración 14: resolviendo maestro con 11881 columnas...
Iteración 14: z=0.48043566 | cota inferior=0.45218015 | gap=6.2487% | columnas=11964 | nuevas=83 | costo reducido=-1.008e-04 | maestro=0.04s | pricing=0.05s
Iteración 15: resolviendo maestro con 11964 columnas...
Iteración 15: z=0.47904633 | cota inferior=0.45218015 | gap=5.9415% | columnas=12052 | nuevas=88 | costo reducido=-1.229e-04 | maestro=0.01s | pricing=0.04s
Iteración 16: resolviendo maestro con 12052 columnas...
Iteración 16: z=0.47637114 | cota inferior=0.45218015 | gap=5.3499% | columnas=12122 | nuevas=70 | costo reducido=-5.579e-05 | maestro=0.02s | pricing=0.04s
Iteración 17: resolviendo maestro con 12122 columnas...
Iteración 17: z=0.46788615 | cota inferior=0.45218015 | gap=3.4734% | columnas=12244 | nuevas=122 | costo reducido=-6.825e-05 | maestro=0.07s | pricing=0.04s
Iteración 18: resolviendo maestro con 12244 columnas...
Iteración 18: z=0.46462519 | cota inferior=0.45218015 | gap=2.7522% | columnas=14150 | nuevas=1906 | costo reducido=-2.001e-05 | maestro=0.05s | pricing=0.09s
Iteración 19: resolviendo maestro con 14150 columnas...
Iteración 19: z=0.45268028 | cota inferior=0.45218015 | gap=0.1106% | columnas=14150 | nuevas=0 | costo reducido=-1.006e-04 | maestro=0.05s | pricing=0.04s

Solución con error relativo certificado de a lo sumo 1%
Congestión máxima: 0.45268028 (45.27%)
Cota superior: 0.45268028
Cota inferior: 0.45218015
Gap certificado: 0.110603%
Iteraciones: 19 | Columnas: 14150
Tiempo total: 1.46 segundos

Diez arcos más congestionados:
Arco 152: 37 -> 12 | flujo=1598.87 | capacidad=3532 | congestión=0.4527
Arco 85: 22 -> 76 | flujo=5187.26 | capacidad=11459 | congestión=0.4527
Arco 391: 98 -> 73 | flujo=2653.16 | capacidad=5861 | congestión=0.4527
Arco 240: 57 -> 134 | flujo=3635.93 | capacidad=8032 | congestión=0.4527
Arco 383: 96 -> 309 | flujo=3304.11 | capacidad=7299 | congestión=0.4527
Arco 595: 141 -> 13 | flujo=5139.73 | capacidad=11354 | congestión=0.4527
Arco 89: 23 -> 90 | flujo=1516.03 | capacidad=3349 | congestión=0.4527
Arco 361: 90 -> 1 | flujo=4429.48 | capacidad=9785 | congestión=0.4527
Arco 444: 107 -> 44 | flujo=2463.49 | capacidad=5442 | congestión=0.4527
Arco 470: 112 -> 108 | flujo=2132.12 | capacidad=4710 | congestión=0.4527

==========================================================
RESUMEN DE EJECUCION — KPI
==========================================================
Instancia: t76 (400 nodos, 1600 arcos, 10650 productos)
Solver: solver_columnas_e2.py
Estado: completado
Tiempo de pared del proceso: 1.76 s
Tiempo de CPU acumulado: 1.74 s
Uso medio aproximado de CPU: 98.8%
Memoria residente maxima observada: 132.12 MB
Tiempo interno del algoritmo: 1.46 s
Objetivo/congestion: 0.45268028
Cota superior: 0.45268028
Cota inferior: 0.45218015
Gap certificado: 0.110603%
Iteraciones: 19
Columnas finales: 14150
Resultado guardado en: /Users/alfonsocid/Desktop/Repo Capstone/resultados/t76_solver_columnas_e2.txt
==========================================================
GUARDADO | resultados E2/E2_Method0_T1-T100/t76_solver_columnas_e2_method0.txt

EJECUTANDO | t77 | E2 | Method=0
Mulgen ya está compilado.
Generando instancia con t77.par...
 no commodity capacity
 *************************************
 Writing output to file out                                     
 End of writing.
Instancia generada: 400 nodos, 1600 arcos y 10650 productos.
Ejecutando solver: solver_columnas_e2.py
Los resultados se guardarán en /Users/alfonsocid/Desktop/Repo Capstone/resultados/t77_solver_columnas_e2.txt
Filtro de conectividad: 450 productos sin camino eliminados.
Filtro de conectividad: 10650 -> 10200 productos.
Filtro de conectividad: productos eliminados (muestra): [10, 25, 52, 120, 131, 134, 180, 215, 248, 273, 276, 281, 367, 373, 377, 388, 389, 413, 455, 476] ...
Filtro de conectividad: red original preservada y verificacion final superada.
Nodos: 400
Arcos: 1600
Productos: 10650

Solver E2: partida congestion-aware + pricing C++ + gap certificado
Productos: 10200 | Arcos: 1600
ETA: 25 | Gap objetivo: 1%
Construyendo el problema maestro restringido...
Set parameter Username
Set parameter LicenseID to value 2855691
Academic license - for non-commercial use only - expires 2027-08-24
Set parameter Method to value 0
Calculando caminos iniciales congestion-aware...
Caminos iniciales listos: 10200 columnas en 0.11s.
Iteración 1: resolviendo maestro con 10200 columnas...
Iteración 1: z=1.13051323 | cota inferior=0.00000000 | gap=infinito | columnas=10325 | nuevas=125 | costo reducido=-2.005e-04 | maestro=0.01s | pricing=0.04s
Iteración 2: resolviendo maestro con 10325 columnas...
Iteración 2: z=0.98816218 | cota inferior=0.98816218 | gap=0.0000% | columnas=10325 | nuevas=0 | costo reducido=0.000e+00 | maestro=0.01s | pricing=0.05s

Solución óptima certificada
Congestión máxima: 0.98816218 (98.82%)
Cota superior: 0.98816218
Cota inferior: 0.98816218
Gap certificado: 0.000000%
Iteraciones: 2 | Columnas: 10325
Tiempo total: 0.28 segundos

Diez arcos más congestionados:
Arco 605: 140 -> 367 | flujo=3339.00 | capacidad=3379 | congestión=0.9882
Arco 713: 167 -> 281 | flujo=4928.95 | capacidad=4988 | congestión=0.9882
Arco 461: 104 -> 58 | flujo=2431.05 | capacidad=3138 | congestión=0.7747
Arco 62: 15 -> 34 | flujo=3045.05 | capacidad=4050 | congestión=0.7519
Arco 1513: 376 -> 75 | flujo=5260.00 | capacidad=7161 | congestión=0.7345
Arco 1508: 373 -> 128 | flujo=3557.00 | capacidad=4935 | congestión=0.7208
Arco 884: 211 -> 43 | flujo=1813.00 | capacidad=2870 | congestión=0.6317
Arco 827: 197 -> 330 | flujo=1763.00 | capacidad=2897 | congestión=0.6086
Arco 1385: 340 -> 155 | flujo=6090.00 | capacidad=10245 | congestión=0.5944
Arco 1558: 388 -> 71 | flujo=2997.00 | capacidad=5257 | congestión=0.5701

==========================================================
RESUMEN DE EJECUCION — KPI
==========================================================
Instancia: t77 (400 nodos, 1600 arcos, 10650 productos)
Solver: solver_columnas_e2.py
Estado: completado
Tiempo de pared del proceso: 0.58 s
Tiempo de CPU acumulado: 0.58 s
Uso medio aproximado de CPU: 99.8%
Memoria residente maxima observada: 102.77 MB
Tiempo interno del algoritmo: 0.28 s
Objetivo/congestion: 0.98816218
Cota superior: 0.98816218
Cota inferior: 0.98816218
Gap certificado: 0.0%
Iteraciones: 2
Columnas finales: 10325
Resultado guardado en: /Users/alfonsocid/Desktop/Repo Capstone/resultados/t77_solver_columnas_e2.txt
==========================================================
GUARDADO | resultados E2/E2_Method0_T1-T100/t77_solver_columnas_e2_method0.txt

EJECUTANDO | t78 | E2 | Method=0
Mulgen ya está compilado.
Generando instancia con t78.par...
 no commodity capacity
 *************************************
 Writing output to file out                                     
 End of writing.
Instancia generada: 400 nodos, 1600 arcos y 10650 productos.
Ejecutando solver: solver_columnas_e2.py
Los resultados se guardarán en /Users/alfonsocid/Desktop/Repo Capstone/resultados/t78_solver_columnas_e2.txt
Filtro de conectividad: 367 productos sin camino eliminados.
Filtro de conectividad: 10650 -> 10283 productos.
Filtro de conectividad: productos eliminados (muestra): [1, 27, 29, 58, 96, 133, 152, 157, 169, 226, 249, 275, 278, 293, 357, 471, 511, 565, 590, 642] ...
Filtro de conectividad: red original preservada y verificacion final superada.
Nodos: 400
Arcos: 1600
Productos: 10650

Solver E2: partida congestion-aware + pricing C++ + gap certificado
Productos: 10283 | Arcos: 1600
ETA: 25 | Gap objetivo: 1%
Construyendo el problema maestro restringido...
Set parameter Username
Set parameter LicenseID to value 2855691
Academic license - for non-commercial use only - expires 2027-08-24
Set parameter Method to value 0
Calculando caminos iniciales congestion-aware...
Caminos iniciales listos: 10283 columnas en 0.14s.
Iteración 1: resolviendo maestro con 10283 columnas...
Iteración 1: z=0.69610390 | cota inferior=0.69610390 | gap=0.0000% | columnas=10283 | nuevas=0 | costo reducido=0.000e+00 | maestro=0.01s | pricing=0.04s

Solución óptima certificada
Congestión máxima: 0.69610390 (69.61%)
Cota superior: 0.69610390
Cota inferior: 0.69610390
Gap certificado: 0.000000%
Iteraciones: 1 | Columnas: 10283
Tiempo total: 0.25 segundos

Diez arcos más congestionados:
Arco 325: 78 -> 298 | flujo=2144.00 | capacidad=3080 | congestión=0.6961
Arco 1311: 327 -> 155 | flujo=6774.00 | capacidad=10539 | congestión=0.6428
Arco 1022: 257 -> 299 | flujo=3909.00 | capacidad=6292 | congestión=0.6213
Arco 1398: 348 -> 56 | flujo=1749.00 | capacidad=2841 | congestión=0.6156
Arco 598: 145 -> 247 | flujo=4678.00 | capacidad=7778 | congestión=0.6014
Arco 845: 208 -> 318 | flujo=4649.00 | capacidad=7858 | congestión=0.5916
Arco 936: 231 -> 263 | flujo=4162.00 | capacidad=7353 | congestión=0.5660
Arco 263: 63 -> 365 | flujo=5233.00 | capacidad=9397 | congestión=0.5569
Arco 1449: 362 -> 111 | flujo=3756.00 | capacidad=6876 | congestión=0.5462
Arco 1421: 355 -> 327 | flujo=2691.00 | capacidad=5017 | congestión=0.5364

==========================================================
RESUMEN DE EJECUCION — KPI
==========================================================
Instancia: t78 (400 nodos, 1600 arcos, 10650 productos)
Solver: solver_columnas_e2.py
Estado: completado
Tiempo de pared del proceso: 0.58 s
Tiempo de CPU acumulado: 0.55 s
Uso medio aproximado de CPU: 94.5%
Memoria residente maxima observada: 91.38 MB
Tiempo interno del algoritmo: 0.25 s
Objetivo/congestion: 0.6961039
Cota superior: 0.6961039
Cota inferior: 0.6961039
Gap certificado: 0.0%
Iteraciones: 1
Columnas finales: 10283
Resultado guardado en: /Users/alfonsocid/Desktop/Repo Capstone/resultados/t78_solver_columnas_e2.txt
==========================================================
GUARDADO | resultados E2/E2_Method0_T1-T100/t78_solver_columnas_e2_method0.txt

EJECUTANDO | t79 | E2 | Method=0
Mulgen ya está compilado.
Generando instancia con t79.par...
 no commodity capacity
 *************************************
 Writing output to file out                                     
 End of writing.
Instancia generada: 400 nodos, 1600 arcos y 10650 productos.
Ejecutando solver: solver_columnas_e2.py
Los resultados se guardarán en /Users/alfonsocid/Desktop/Repo Capstone/resultados/t79_solver_columnas_e2.txt
Filtro de conectividad: 329 productos sin camino eliminados.
Filtro de conectividad: 10650 -> 10321 productos.
Filtro de conectividad: productos eliminados (muestra): [10, 39, 100, 114, 146, 148, 212, 267, 268, 278, 307, 382, 392, 467, 498, 514, 535, 577, 588, 592] ...
Filtro de conectividad: red original preservada y verificacion final superada.
Nodos: 400
Arcos: 1600
Productos: 10650

Solver E2: partida congestion-aware + pricing C++ + gap certificado
Productos: 10321 | Arcos: 1600
ETA: 25 | Gap objetivo: 1%
Construyendo el problema maestro restringido...
Set parameter Username
Set parameter LicenseID to value 2855691
Academic license - for non-commercial use only - expires 2027-08-24
Set parameter Method to value 0
Calculando caminos iniciales congestion-aware...
Caminos iniciales listos: 10321 columnas en 0.11s.
Iteración 1: resolviendo maestro con 10321 columnas...
Iteración 1: z=0.66603535 | cota inferior=0.00000000 | gap=infinito | columnas=10492 | nuevas=171 | costo reducido=-9.019e-05 | maestro=0.01s | pricing=0.04s
Iteración 2: resolviendo maestro con 10492 columnas...
Iteración 2: z=0.64650462 | cota inferior=0.26662898 | gap=142.4735% | columnas=10536 | nuevas=44 | costo reducido=-1.884e-04 | maestro=0.01s | pricing=0.05s
Iteración 3: resolviendo maestro con 10536 columnas...
Iteración 3: z=0.63920266 | cota inferior=0.36578073 | gap=74.7502% | columnas=10553 | nuevas=17 | costo reducido=-3.322e-04 | maestro=0.01s | pricing=0.04s
Iteración 4: resolviendo maestro con 10553 columnas...
Iteración 4: z=0.58460005 | cota inferior=0.36578073 | gap=59.8225% | columnas=10659 | nuevas=106 | costo reducido=-1.246e-04 | maestro=0.01s | pricing=0.04s
Iteración 5: resolviendo maestro con 10659 columnas...
Iteración 5: z=0.58242252 | cota inferior=0.36578073 | gap=59.2272% | columnas=10747 | nuevas=88 | costo reducido=-1.497e-04 | maestro=0.01s | pricing=0.04s
Iteración 6: resolviendo maestro con 10747 columnas...
Iteración 6: z=0.57033612 | cota inferior=0.36578073 | gap=55.9230% | columnas=10887 | nuevas=140 | costo reducido=-8.892e-05 | maestro=0.01s | pricing=0.05s
Iteración 7: resolviendo maestro con 10887 columnas...
Iteración 7: z=0.57013218 | cota inferior=0.36578073 | gap=55.8672% | columnas=10953 | nuevas=66 | costo reducido=-1.973e-04 | maestro=0.01s | pricing=0.04s
Iteración 8: resolviendo maestro con 10953 columnas...
Iteración 8: z=0.56883853 | cota inferior=0.36578073 | gap=55.5135% | columnas=11081 | nuevas=128 | costo reducido=-8.094e-05 | maestro=0.03s | pricing=0.04s
Iteración 9: resolviendo maestro con 11081 columnas...
Iteración 9: z=0.56190328 | cota inferior=0.36578073 | gap=53.6175% | columnas=11247 | nuevas=166 | costo reducido=-7.762e-05 | maestro=0.01s | pricing=0.05s
Iteración 10: resolviendo maestro con 11247 columnas...
Iteración 10: z=0.55849890 | cota inferior=0.36578073 | gap=52.6868% | columnas=11354 | nuevas=107 | costo reducido=-1.162e-04 | maestro=0.01s | pricing=0.04s
Iteración 11: resolviendo maestro con 11354 columnas...
Iteración 11: z=0.54424242 | cota inferior=0.36578073 | gap=48.7893% | columnas=11368 | nuevas=14 | costo reducido=-3.030e-04 | maestro=0.01s | pricing=0.05s
Iteración 12: resolviendo maestro con 11368 columnas...
Iteración 12: z=0.53447417 | cota inferior=0.36578073 | gap=46.1187% | columnas=11436 | nuevas=68 | costo reducido=-1.661e-04 | maestro=0.01s | pricing=0.04s
Iteración 13: resolviendo maestro con 11436 columnas...
Iteración 13: z=0.51138758 | cota inferior=0.36578073 | gap=39.8071% | columnas=12734 | nuevas=1298 | costo reducido=-1.732e-05 | maestro=0.06s | pricing=0.09s
Iteración 14: resolviendo maestro con 12734 columnas...
Iteración 14: z=0.49691054 | cota inferior=0.36578073 | gap=35.8493% | columnas=12859 | nuevas=125 | costo reducido=-8.955e-05 | maestro=0.04s | pricing=0.04s
Iteración 15: resolviendo maestro con 12859 columnas...
Iteración 15: z=0.49641057 | cota inferior=0.36578073 | gap=35.7126% | columnas=12935 | nuevas=76 | costo reducido=-1.527e-04 | maestro=0.01s | pricing=0.05s
Iteración 16: resolviendo maestro con 12935 columnas...
Iteración 16: z=0.48216595 | cota inferior=0.36578073 | gap=31.8183% | columnas=13118 | nuevas=183 | costo reducido=-5.388e-05 | maestro=0.11s | pricing=0.04s
Iteración 17: resolviendo maestro con 13118 columnas...
Iteración 17: z=0.48005172 | cota inferior=0.36578073 | gap=31.2403% | columnas=15240 | nuevas=2122 | costo reducido=-1.319e-05 | maestro=0.04s | pricing=0.07s
Iteración 18: resolviendo maestro con 15240 columnas...
Iteración 18: z=0.46673907 | cota inferior=0.45845778 | gap=1.8063% | columnas=15241 | nuevas=1 | costo reducido=-1.358e-04 | maestro=0.10s | pricing=0.05s
Iteración 19: resolviendo maestro con 15241 columnas...
Iteración 19: z=0.46186218 | cota inferior=0.45845778 | gap=0.7426% | columnas=15241 | nuevas=0 | costo reducido=-1.753e-04 | maestro=0.11s | pricing=0.04s

Solución con error relativo certificado de a lo sumo 1%
Congestión máxima: 0.46186218 (46.19%)
Cota superior: 0.46186218
Cota inferior: 0.45845778
Gap certificado: 0.742576%
Iteraciones: 19 | Columnas: 15241
Tiempo total: 1.65 segundos

Diez arcos más congestionados:
Arco 151: 39 -> 43 | flujo=5681.83 | capacidad=12302 | congestión=0.4619
Arco 238: 61 -> 123 | flujo=1402.21 | capacidad=3036 | congestión=0.4619
Arco 248: 63 -> 172 | flujo=3023.81 | capacidad=6547 | congestión=0.4619
Arco 286: 74 -> 260 | flujo=5816.23 | capacidad=12593 | congestión=0.4619
Arco 462: 118 -> 62 | flujo=1634.07 | capacidad=3538 | congestión=0.4619
Arco 465: 119 -> 75 | flujo=3487.52 | capacidad=7551 | congestión=0.4619
Arco 477: 121 -> 47 | flujo=1585.11 | capacidad=3432 | congestión=0.4619
Arco 551: 141 -> 132 | flujo=2779.95 | capacidad=6019 | congestión=0.4619
Arco 568: 146 -> 133 | flujo=2682.50 | capacidad=5808 | congestión=0.4619
Arco 577: 148 -> 126 | flujo=2718.98 | capacidad=5887 | congestión=0.4619

==========================================================
RESUMEN DE EJECUCION — KPI
==========================================================
Instancia: t79 (400 nodos, 1600 arcos, 10650 productos)
Solver: solver_columnas_e2.py
Estado: completado
Tiempo de pared del proceso: 2.01 s
Tiempo de CPU acumulado: 1.92 s
Uso medio aproximado de CPU: 95.5%
Memoria residente maxima observada: 129.14 MB
Tiempo interno del algoritmo: 1.65 s
Objetivo/congestion: 0.46186218
Cota superior: 0.46186218
Cota inferior: 0.45845778
Gap certificado: 0.742576%
Iteraciones: 19
Columnas finales: 15241
Resultado guardado en: /Users/alfonsocid/Desktop/Repo Capstone/resultados/t79_solver_columnas_e2.txt
==========================================================
GUARDADO | resultados E2/E2_Method0_T1-T100/t79_solver_columnas_e2_method0.txt

EJECUTANDO | t80 | E2 | Method=0
Mulgen ya está compilado.
Generando instancia con t80.par...
 no commodity capacity
 *************************************
 Writing output to file out                                     
 End of writing.
Instancia generada: 400 nodos, 1600 arcos y 10650 productos.
Ejecutando solver: solver_columnas_e2.py
Los resultados se guardarán en /Users/alfonsocid/Desktop/Repo Capstone/resultados/t80_solver_columnas_e2.txt
Filtro de conectividad: 575 productos sin camino eliminados.
Filtro de conectividad: 10650 -> 10075 productos.
Filtro de conectividad: productos eliminados (muestra): [63, 66, 69, 82, 114, 141, 142, 145, 147, 149, 151, 188, 192, 223, 236, 266, 277, 287, 308, 311] ...
Filtro de conectividad: red original preservada y verificacion final superada.
Nodos: 400
Arcos: 1600
Productos: 10650

Solver E2: partida congestion-aware + pricing C++ + gap certificado
Productos: 10075 | Arcos: 1600
ETA: 25 | Gap objetivo: 1%
Construyendo el problema maestro restringido...
Set parameter Username
Set parameter LicenseID to value 2855691
Academic license - for non-commercial use only - expires 2027-08-24
Set parameter Method to value 0
Calculando caminos iniciales congestion-aware...
Caminos iniciales listos: 10075 columnas en 0.12s.
Iteración 1: resolviendo maestro con 10075 columnas...
Iteración 1: z=0.74709770 | cota inferior=0.00000000 | gap=infinito | columnas=10261 | nuevas=186 | costo reducido=-8.930e-05 | maestro=0.01s | pricing=0.04s
Iteración 2: resolviendo maestro con 10261 columnas...
Iteración 2: z=0.65692813 | cota inferior=0.00000000 | gap=infinito | columnas=10410 | nuevas=149 | costo reducido=-1.059e-04 | maestro=0.01s | pricing=0.05s
Iteración 3: resolviendo maestro con 10410 columnas...
Iteración 3: z=0.62389297 | cota inferior=0.00000000 | gap=infinito | columnas=10485 | nuevas=75 | costo reducido=-1.884e-04 | maestro=0.01s | pricing=0.04s
Iteración 4: resolviendo maestro con 10485 columnas...
Iteración 4: z=0.60105634 | cota inferior=0.40035211 | gap=50.1319% | columnas=10498 | nuevas=13 | costo reducido=-3.521e-04 | maestro=0.01s | pricing=0.03s
Iteración 5: resolviendo maestro con 10498 columnas...
Iteración 5: z=0.58455728 | cota inferior=0.40035211 | gap=46.0108% | columnas=10627 | nuevas=129 | costo reducido=-8.393e-05 | maestro=0.01s | pricing=0.04s
Iteración 6: resolviendo maestro con 10627 columnas...
Iteración 6: z=0.58021613 | cota inferior=0.43585481 | gap=33.1214% | columnas=10650 | nuevas=23 | costo reducido=-1.385e-04 | maestro=0.01s | pricing=0.06s
Iteración 7: resolviendo maestro con 10650 columnas...
Iteración 7: z=0.54843927 | cota inferior=0.43585481 | gap=25.8307% | columnas=10729 | nuevas=79 | costo reducido=-1.617e-04 | maestro=0.02s | pricing=0.04s
Iteración 8: resolviendo maestro con 10729 columnas...
Iteración 8: z=0.54364228 | cota inferior=0.43585481 | gap=24.7301% | columnas=11548 | nuevas=819 | costo reducido=-2.633e-05 | maestro=0.01s | pricing=0.05s
Iteración 9: resolviendo maestro con 11548 columnas...
Iteración 9: z=0.53620016 | cota inferior=0.43585481 | gap=23.0227% | columnas=11591 | nuevas=43 | costo reducido=-1.564e-04 | maestro=0.01s | pricing=0.04s
Iteración 10: resolviendo maestro con 11591 columnas...
Iteración 10: z=0.52686567 | cota inferior=0.52686567 | gap=0.0000% | columnas=11591 | nuevas=0 | costo reducido=0.000e+00 | maestro=0.01s | pricing=0.04s

Solución óptima certificada
Congestión máxima: 0.52686567 (52.69%)
Cota superior: 0.52686567
Cota inferior: 0.52686567
Gap certificado: 0.000000%
Iteraciones: 10 | Columnas: 11591
Tiempo total: 0.72 segundos

Diez arcos más congestionados:
Arco 4: 2 -> 52 | flujo=2251.30 | capacidad=4273 | congestión=0.5269
Arco 55: 15 -> 71 | flujo=4096.38 | capacidad=7775 | congestión=0.5269
Arco 149: 36 -> 17 | flujo=4669.61 | capacidad=8863 | congestión=0.5269
Arco 150: 36 -> 103 | flujo=1650.14 | capacidad=3132 | congestión=0.5269
Arco 424: 102 -> 187 | flujo=2992.07 | capacidad=5679 | congestión=0.5269
Arco 432: 104 -> 187 | flujo=2796.08 | capacidad=5307 | congestión=0.5269
Arco 793: 189 -> 52 | flujo=5899.84 | capacidad=11198 | congestión=0.5269
Arco 923: 220 -> 123 | flujo=3369.31 | capacidad=6395 | congestión=0.5269
Arco 976: 235 -> 114 | flujo=3802.92 | capacidad=7218 | congestión=0.5269
Arco 984: 237 -> 157 | flujo=3257.61 | capacidad=6183 | congestión=0.5269

==========================================================
RESUMEN DE EJECUCION — KPI
==========================================================
Instancia: t80 (400 nodos, 1600 arcos, 10650 productos)
Solver: solver_columnas_e2.py
Estado: completado
Tiempo de pared del proceso: 1.08 s
Tiempo de CPU acumulado: 1.06 s
Uso medio aproximado de CPU: 98.1%
Memoria residente maxima observada: 114.88 MB
Tiempo interno del algoritmo: 0.72 s
Objetivo/congestion: 0.52686567
Cota superior: 0.52686567
Cota inferior: 0.52686567
Gap certificado: 0.0%
Iteraciones: 10
Columnas finales: 11591
Resultado guardado en: /Users/alfonsocid/Desktop/Repo Capstone/resultados/t80_solver_columnas_e2.txt
==========================================================
GUARDADO | resultados E2/E2_Method0_T1-T100/t80_solver_columnas_e2_method0.txt

EJECUTANDO | t81 | E2 | Method=0
Mulgen ya está compilado.
Generando instancia con t81.par...
 no commodity capacity
 *************************************
 Writing output to file out                                     
 End of writing.
Instancia generada: 400 nodos, 1600 arcos y 10650 productos.
Ejecutando solver: solver_columnas_e2.py
Los resultados se guardarán en /Users/alfonsocid/Desktop/Repo Capstone/resultados/t81_solver_columnas_e2.txt
Filtro de conectividad: 375 productos sin camino eliminados.
Filtro de conectividad: 10650 -> 10275 productos.
Filtro de conectividad: productos eliminados (muestra): [43, 54, 112, 121, 123, 138, 197, 244, 317, 321, 356, 367, 413, 458, 461, 482, 490, 545, 555, 606] ...
Filtro de conectividad: red original preservada y verificacion final superada.
Nodos: 400
Arcos: 1600
Productos: 10650

Solver E2: partida congestion-aware + pricing C++ + gap certificado
Productos: 10275 | Arcos: 1600
ETA: 25 | Gap objetivo: 1%
Construyendo el problema maestro restringido...
Set parameter Username
Set parameter LicenseID to value 2855691
Academic license - for non-commercial use only - expires 2027-08-24
Set parameter Method to value 0
Calculando caminos iniciales congestion-aware...
Caminos iniciales listos: 10275 columnas en 0.12s.
Iteración 1: resolviendo maestro con 10275 columnas...
Iteración 1: z=0.72886422 | cota inferior=0.71434671 | gap=2.0323% | columnas=10276 | nuevas=1 | costo reducido=-2.135e-04 | maestro=0.01s | pricing=0.04s
Iteración 2: resolviendo maestro con 10276 columnas...
Iteración 2: z=0.71434671 | cota inferior=0.71434671 | gap=0.0000% | columnas=10276 | nuevas=0 | costo reducido=0.000e+00 | maestro=0.01s | pricing=0.05s

Solución óptima certificada
Congestión máxima: 0.71434671 (71.43%)
Cota superior: 0.71434671
Cota inferior: 0.71434671
Gap certificado: 0.000000%
Iteraciones: 2 | Columnas: 10276
Tiempo total: 0.28 segundos

Diez arcos más congestionados:
Arco 592: 161 -> 10 | flujo=3346.00 | capacidad=4684 | congestión=0.7143
Arco 148: 44 -> 136 | flujo=7786.00 | capacidad=12077 | congestión=0.6447
Arco 717: 194 -> 392 | flujo=6075.00 | capacidad=9788 | congestión=0.6207
Arco 911: 245 -> 184 | flujo=7009.00 | capacidad=11472 | congestión=0.6110
Arco 264: 79 -> 286 | flujo=1787.00 | capacidad=2947 | congestión=0.6064
Arco 339: 101 -> 192 | flujo=6807.00 | capacidad=11577 | congestión=0.5880
Arco 684: 184 -> 359 | flujo=5155.00 | capacidad=8893 | congestión=0.5797
Arco 1431: 365 -> 225 | flujo=3677.00 | capacidad=6394 | congestión=0.5751
Arco 73: 21 -> 107 | flujo=5328.00 | capacidad=9393 | congestión=0.5672
Arco 670: 181 -> 122 | flujo=5679.00 | capacidad=10209 | congestión=0.5563

==========================================================
RESUMEN DE EJECUCION — KPI
==========================================================
Instancia: t81 (400 nodos, 1600 arcos, 10650 productos)
Solver: solver_columnas_e2.py
Estado: completado
Tiempo de pared del proceso: 0.58 s
Tiempo de CPU acumulado: 0.58 s
Uso medio aproximado de CPU: 100.4%
Memoria residente maxima observada: 96.66 MB
Tiempo interno del algoritmo: 0.28 s
Objetivo/congestion: 0.71434671
Cota superior: 0.71434671
Cota inferior: 0.71434671
Gap certificado: 0.0%
Iteraciones: 2
Columnas finales: 10276
Resultado guardado en: /Users/alfonsocid/Desktop/Repo Capstone/resultados/t81_solver_columnas_e2.txt
==========================================================
GUARDADO | resultados E2/E2_Method0_T1-T100/t81_solver_columnas_e2_method0.txt

EJECUTANDO | t82 | E2 | Method=0
Mulgen ya está compilado.
Generando instancia con t82.par...
 no commodity capacity
 *************************************
 Writing output to file out                                     
 End of writing.
Instancia generada: 400 nodos, 1600 arcos y 10650 productos.
Ejecutando solver: solver_columnas_e2.py
Los resultados se guardarán en /Users/alfonsocid/Desktop/Repo Capstone/resultados/t82_solver_columnas_e2.txt
Filtro de conectividad: 396 productos sin camino eliminados.
Filtro de conectividad: 10650 -> 10254 productos.
Filtro de conectividad: productos eliminados (muestra): [5, 119, 203, 231, 245, 289, 290, 309, 355, 389, 423, 437, 448, 469, 475, 484, 499, 541, 549, 556] ...
Filtro de conectividad: red original preservada y verificacion final superada.
Nodos: 400
Arcos: 1600
Productos: 10650

Solver E2: partida congestion-aware + pricing C++ + gap certificado
Productos: 10254 | Arcos: 1600
ETA: 25 | Gap objetivo: 1%
Construyendo el problema maestro restringido...
Set parameter Username
Set parameter LicenseID to value 2855691
Academic license - for non-commercial use only - expires 2027-08-24
Set parameter Method to value 0
Calculando caminos iniciales congestion-aware...
Caminos iniciales listos: 10254 columnas en 0.11s.
Iteración 1: resolviendo maestro con 10254 columnas...
Iteración 1: z=0.70819486 | cota inferior=0.00000000 | gap=infinito | columnas=10449 | nuevas=195 | costo reducido=-8.106e-05 | maestro=0.01s | pricing=0.04s
Iteración 2: resolviendo maestro con 10449 columnas...
Iteración 2: z=0.65731116 | cota inferior=0.44213444 | gap=48.6677% | columnas=10460 | nuevas=11 | costo reducido=-3.465e-04 | maestro=0.01s | pricing=0.05s
Iteración 3: resolviendo maestro con 10460 columnas...
Iteración 3: z=0.58380647 | cota inferior=0.44213444 | gap=32.0427% | columnas=10481 | nuevas=21 | costo reducido=-2.469e-04 | maestro=0.01s | pricing=0.04s
Iteración 4: resolviendo maestro con 10481 columnas...
Iteración 4: z=0.56256888 | cota inferior=0.44213444 | gap=27.2393% | columnas=10605 | nuevas=124 | costo reducido=-1.002e-04 | maestro=0.01s | pricing=0.04s
Iteración 5: resolviendo maestro con 10605 columnas...
Iteración 5: z=0.56250871 | cota inferior=0.56250871 | gap=0.0000% | columnas=10605 | nuevas=0 | costo reducido=0.000e+00 | maestro=0.01s | pricing=0.09s

Solución óptima certificada
Congestión máxima: 0.56250871 (56.25%)
Cota superior: 0.56250871
Cota inferior: 0.56250871
Gap certificado: 0.000000%
Iteraciones: 5 | Columnas: 10605
Tiempo total: 0.51 segundos

Diez arcos más congestionados:
Arco 393: 93 -> 383 | flujo=2278.72 | capacidad=4051 | congestión=0.5625
Arco 768: 190 -> 41 | flujo=6939.67 | capacidad=12337 | congestión=0.5625
Arco 812: 203 -> 117 | flujo=5614.40 | capacidad=9981 | congestión=0.5625
Arco 847: 212 -> 52 | flujo=1623.40 | capacidad=2886 | congestión=0.5625
Arco 1128: 285 -> 114 | flujo=1757.28 | capacidad=3124 | congestión=0.5625
Arco 1346: 339 -> 245 | flujo=5255.00 | capacidad=9743 | congestión=0.5394
Arco 128: 32 -> 382 | flujo=5556.00 | capacidad=10352 | congestión=0.5367
Arco 416: 98 -> 131 | flujo=3201.21 | capacidad=5984 | congestión=0.5350
Arco 1025: 257 -> 117 | flujo=3701.00 | capacidad=6963 | congestión=0.5315
Arco 6: 3 -> 41 | flujo=2193.33 | capacidad=4289 | congestión=0.5114

==========================================================
RESUMEN DE EJECUCION — KPI
==========================================================
Instancia: t82 (400 nodos, 1600 arcos, 10650 productos)
Solver: solver_columnas_e2.py
Estado: completado
Tiempo de pared del proceso: 0.82 s
Tiempo de CPU acumulado: 0.76 s
Uso medio aproximado de CPU: 92.5%
Memoria residente maxima observada: 100.83 MB
Tiempo interno del algoritmo: 0.51 s
Objetivo/congestion: 0.56250871
Cota superior: 0.56250871
Cota inferior: 0.56250871
Gap certificado: 0.0%
Iteraciones: 5
Columnas finales: 10605
Resultado guardado en: /Users/alfonsocid/Desktop/Repo Capstone/resultados/t82_solver_columnas_e2.txt
==========================================================
GUARDADO | resultados E2/E2_Method0_T1-T100/t82_solver_columnas_e2_method0.txt

EJECUTANDO | t83 | E2 | Method=0
Mulgen ya está compilado.
Generando instancia con t83.par...
 no commodity capacity
 *************************************
 Writing output to file out                                     
 End of writing.
Instancia generada: 400 nodos, 1600 arcos y 10650 productos.
Ejecutando solver: solver_columnas_e2.py
Los resultados se guardarán en /Users/alfonsocid/Desktop/Repo Capstone/resultados/t83_solver_columnas_e2.txt
Filtro de conectividad: 241 productos sin camino eliminados.
Filtro de conectividad: 10650 -> 10409 productos.
Filtro de conectividad: productos eliminados (muestra): [13, 40, 46, 56, 64, 68, 94, 154, 172, 224, 252, 343, 365, 373, 384, 438, 444, 516, 528, 588] ...
Filtro de conectividad: red original preservada y verificacion final superada.
Nodos: 400
Arcos: 1600
Productos: 10650

Solver E2: partida congestion-aware + pricing C++ + gap certificado
Productos: 10409 | Arcos: 1600
ETA: 25 | Gap objetivo: 1%
Construyendo el problema maestro restringido...
Set parameter Username
Set parameter LicenseID to value 2855691
Academic license - for non-commercial use only - expires 2027-08-24
Set parameter Method to value 0
Calculando caminos iniciales congestion-aware...
Caminos iniciales listos: 10409 columnas en 0.10s.
Iteración 1: resolviendo maestro con 10409 columnas...
Iteración 1: z=0.69166870 | cota inferior=0.00000000 | gap=infinito | columnas=10532 | nuevas=123 | costo reducido=-1.222e-04 | maestro=0.01s | pricing=0.04s
Iteración 2: resolviendo maestro con 10532 columnas...
Iteración 2: z=0.67360625 | cota inferior=0.30877790 | gap=118.1524% | columnas=10614 | nuevas=82 | costo reducido=-1.001e-04 | maestro=0.01s | pricing=0.06s
Iteración 3: resolviendo maestro con 10614 columnas...
Iteración 3: z=0.60408327 | cota inferior=0.30877790 | gap=95.6368% | columnas=10647 | nuevas=33 | costo reducido=-2.002e-04 | maestro=0.01s | pricing=0.04s
Iteración 4: resolviendo maestro con 10647 columnas...
Iteración 4: z=0.59510841 | cota inferior=0.30877790 | gap=92.7302% | columnas=10723 | nuevas=76 | costo reducido=-1.068e-04 | maestro=0.01s | pricing=0.04s
Iteración 5: resolviendo maestro con 10723 columnas...
Iteración 5: z=0.58973460 | cota inferior=0.30877790 | gap=90.9899% | columnas=10830 | nuevas=107 | costo reducido=-1.169e-04 | maestro=0.01s | pricing=0.04s
Iteración 6: resolviendo maestro con 10830 columnas...
Iteración 6: z=0.58147618 | cota inferior=0.30877790 | gap=88.3153% | columnas=10872 | nuevas=42 | costo reducido=-2.045e-04 | maestro=0.01s | pricing=0.06s
Iteración 7: resolviendo maestro con 10872 columnas...
Iteración 7: z=0.58048290 | cota inferior=0.54594232 | gap=6.3268% | columnas=10875 | nuevas=3 | costo reducido=-3.353e-04 | maestro=0.01s | pricing=0.05s
Iteración 8: resolviendo maestro con 10875 columnas...
Iteración 8: z=0.54594232 | cota inferior=0.54594232 | gap=0.0000% | columnas=10875 | nuevas=0 | costo reducido=0.000e+00 | maestro=0.01s | pricing=0.04s

Solución óptima certificada
Congestión máxima: 0.54594232 (54.59%)
Cota superior: 0.54594232
Cota inferior: 0.54594232
Gap certificado: 0.000000%
Iteraciones: 8 | Columnas: 10875
Tiempo total: 0.61 segundos

Diez arcos más congestionados:
Arco 273: 69 -> 299 | flujo=5454.51 | capacidad=9991 | congestión=0.5459
Arco 515: 132 -> 211 | flujo=2727.53 | capacidad=4996 | congestión=0.5459
Arco 954: 237 -> 73 | flujo=1642.19 | capacidad=3008 | congestión=0.5459
Arco 1058: 265 -> 103 | flujo=5111.66 | capacidad=9363 | congestión=0.5459
Arco 336: 86 -> 382 | flujo=1628.00 | capacidad=2982 | congestión=0.5459
Arco 1045: 263 -> 304 | flujo=2670.20 | capacidad=4891 | congestión=0.5459
Arco 1157: 287 -> 136 | flujo=4469.08 | capacidad=8186 | congestión=0.5459
Arco 1312: 325 -> 84 | flujo=4669.44 | capacidad=8553 | congestión=0.5459
Arco 753: 188 -> 137 | flujo=5399.00 | capacidad=9939 | congestión=0.5432
Arco 82: 20 -> 130 | flujo=4042.19 | capacidad=7480 | congestión=0.5404

==========================================================
RESUMEN DE EJECUCION — KPI
==========================================================
Instancia: t83 (400 nodos, 1600 arcos, 10650 productos)
Solver: solver_columnas_e2.py
Estado: completado
Tiempo de pared del proceso: 0.91 s
Tiempo de CPU acumulado: 0.92 s
Uso medio aproximado de CPU: 100.9%
Memoria residente maxima observada: 106.91 MB
Tiempo interno del algoritmo: 0.61 s
Objetivo/congestion: 0.54594232
Cota superior: 0.54594232
Cota inferior: 0.54594232
Gap certificado: 0.0%
Iteraciones: 8
Columnas finales: 10875
Resultado guardado en: /Users/alfonsocid/Desktop/Repo Capstone/resultados/t83_solver_columnas_e2.txt
==========================================================
GUARDADO | resultados E2/E2_Method0_T1-T100/t83_solver_columnas_e2_method0.txt

EJECUTANDO | t84 | E2 | Method=0
Mulgen ya está compilado.
Generando instancia con t84.par...
 no commodity capacity
 *************************************
 Writing output to file out                                     
 End of writing.
Instancia generada: 400 nodos, 1600 arcos y 10650 productos.
Ejecutando solver: solver_columnas_e2.py
Los resultados se guardarán en /Users/alfonsocid/Desktop/Repo Capstone/resultados/t84_solver_columnas_e2.txt
Filtro de conectividad: 395 productos sin camino eliminados.
Filtro de conectividad: 10650 -> 10255 productos.
Filtro de conectividad: productos eliminados (muestra): [8, 12, 68, 100, 108, 111, 127, 201, 221, 234, 241, 255, 263, 325, 337, 364, 428, 449, 468, 484] ...
Filtro de conectividad: red original preservada y verificacion final superada.
Nodos: 400
Arcos: 1600
Productos: 10650

Solver E2: partida congestion-aware + pricing C++ + gap certificado
Productos: 10255 | Arcos: 1600
ETA: 25 | Gap objetivo: 1%
Construyendo el problema maestro restringido...
Set parameter Username
Set parameter LicenseID to value 2855691
Academic license - for non-commercial use only - expires 2027-08-24
Set parameter Method to value 0
Calculando caminos iniciales congestion-aware...
Caminos iniciales listos: 10255 columnas en 0.11s.
Iteración 1: resolviendo maestro con 10255 columnas...
Iteración 1: z=0.79885264 | cota inferior=0.79885264 | gap=0.0000% | columnas=10255 | nuevas=0 | costo reducido=0.000e+00 | maestro=0.01s | pricing=0.04s

Solución óptima certificada
Congestión máxima: 0.79885264 (79.89%)
Cota superior: 0.79885264
Cota inferior: 0.79885264
Gap certificado: 0.000000%
Iteraciones: 1 | Columnas: 10255
Tiempo total: 0.23 segundos

Diez arcos más congestionados:
Arco 1166: 296 -> 16 | flujo=2228.00 | capacidad=2789 | congestión=0.7989
Arco 1419: 358 -> 377 | flujo=5814.00 | capacidad=9082 | congestión=0.6402
Arco 1591: 398 -> 259 | flujo=3054.00 | capacidad=4887 | congestión=0.6249
Arco 1348: 340 -> 278 | flujo=5375.00 | capacidad=9401 | congestión=0.5717
Arco 664: 177 -> 356 | flujo=4402.00 | capacidad=7940 | congestión=0.5544
Arco 1266: 319 -> 156 | flujo=2816.00 | capacidad=5126 | congestión=0.5494
Arco 1191: 303 -> 389 | flujo=5166.00 | capacidad=9481 | congestión=0.5449
Arco 170: 45 -> 317 | flujo=2070.00 | capacidad=3824 | congestión=0.5413
Arco 1358: 342 -> 35 | flujo=1659.00 | capacidad=3107 | congestión=0.5340
Arco 610: 161 -> 93 | flujo=6235.00 | capacidad=11871 | congestión=0.5252

==========================================================
RESUMEN DE EJECUCION — KPI
==========================================================
Instancia: t84 (400 nodos, 1600 arcos, 10650 productos)
Solver: solver_columnas_e2.py
Estado: completado
Tiempo de pared del proceso: 0.52 s
Tiempo de CPU acumulado: 0.50 s
Uso medio aproximado de CPU: 95.5%
Memoria residente maxima observada: 90.59 MB
Tiempo interno del algoritmo: 0.23 s
Objetivo/congestion: 0.79885264
Cota superior: 0.79885264
Cota inferior: 0.79885264
Gap certificado: 0.0%
Iteraciones: 1
Columnas finales: 10255
Resultado guardado en: /Users/alfonsocid/Desktop/Repo Capstone/resultados/t84_solver_columnas_e2.txt
==========================================================
GUARDADO | resultados E2/E2_Method0_T1-T100/t84_solver_columnas_e2_method0.txt

EJECUTANDO | t85 | E2 | Method=0
Mulgen ya está compilado.
Generando instancia con t85.par...
 no commodity capacity
 *************************************
 Writing output to file out                                     
 End of writing.
Instancia generada: 400 nodos, 1600 arcos y 10650 productos.
Ejecutando solver: solver_columnas_e2.py
Los resultados se guardarán en /Users/alfonsocid/Desktop/Repo Capstone/resultados/t85_solver_columnas_e2.txt
Filtro de conectividad: 472 productos sin camino eliminados.
Filtro de conectividad: 10650 -> 10178 productos.
Filtro de conectividad: productos eliminados (muestra): [75, 82, 128, 132, 172, 177, 233, 280, 283, 290, 307, 333, 355, 407, 432, 456, 470, 487, 490, 639] ...
Filtro de conectividad: red original preservada y verificacion final superada.
Nodos: 400
Arcos: 1600
Productos: 10650

Solver E2: partida congestion-aware + pricing C++ + gap certificado
Productos: 10178 | Arcos: 1600
ETA: 25 | Gap objetivo: 1%
Construyendo el problema maestro restringido...
Set parameter Username
Set parameter LicenseID to value 2855691
Academic license - for non-commercial use only - expires 2027-08-24
Set parameter Method to value 0
Calculando caminos iniciales congestion-aware...
Caminos iniciales listos: 10178 columnas en 0.11s.
Iteración 1: resolviendo maestro con 10178 columnas...
Iteración 1: z=0.59603255 | cota inferior=0.00000000 | gap=infinito | columnas=10309 | nuevas=131 | costo reducido=-1.017e-04 | maestro=0.01s | pricing=0.05s
Iteración 2: resolviendo maestro con 10309 columnas...
Iteración 2: z=0.57432135 | cota inferior=0.30550257 | gap=87.9923% | columnas=10348 | nuevas=39 | costo reducido=-1.467e-04 | maestro=0.01s | pricing=0.06s
Iteración 3: resolviendo maestro con 10348 columnas...
Iteración 3: z=0.55616112 | cota inferior=0.30550257 | gap=82.0479% | columnas=10484 | nuevas=136 | costo reducido=-8.516e-05 | maestro=0.01s | pricing=0.04s
Iteración 4: resolviendo maestro con 10484 columnas...
Iteración 4: z=0.55416840 | cota inferior=0.30550257 | gap=81.3957% | columnas=10544 | nuevas=60 | costo reducido=-1.387e-04 | maestro=0.01s | pricing=0.04s
Iteración 5: resolviendo maestro con 10544 columnas...
Iteración 5: z=0.55263754 | cota inferior=0.30550257 | gap=80.8946% | columnas=10655 | nuevas=111 | costo reducido=-1.132e-04 | maestro=0.01s | pricing=0.05s
Iteración 6: resolviendo maestro con 10655 columnas...
Iteración 6: z=0.53626573 | cota inferior=0.30550257 | gap=75.5356% | columnas=10738 | nuevas=83 | costo reducido=-1.298e-04 | maestro=0.03s | pricing=0.06s
Iteración 7: resolviendo maestro con 10738 columnas...
Iteración 7: z=0.52880243 | cota inferior=0.30550257 | gap=73.0926% | columnas=10839 | nuevas=101 | costo reducido=-1.263e-04 | maestro=0.01s | pricing=0.04s
Iteración 8: resolviendo maestro con 10839 columnas...
Iteración 8: z=0.50222326 | cota inferior=0.33980810 | gap=47.7961% | columnas=10856 | nuevas=17 | costo reducido=-2.340e-04 | maestro=0.01s | pricing=0.04s
Iteración 9: resolviendo maestro con 10856 columnas...
Iteración 9: z=0.49420396 | cota inferior=0.33980810 | gap=45.4362% | columnas=10928 | nuevas=72 | costo reducido=-1.467e-04 | maestro=0.01s | pricing=0.05s
Iteración 10: resolviendo maestro con 10928 columnas...
Iteración 10: z=0.48114664 | cota inferior=0.33980810 | gap=41.5936% | columnas=10975 | nuevas=47 | costo reducido=-2.205e-04 | maestro=0.02s | pricing=0.04s
Iteración 11: resolviendo maestro con 10975 columnas...
Iteración 11: z=0.47836760 | cota inferior=0.33980810 | gap=40.7758% | columnas=11049 | nuevas=74 | costo reducido=-1.023e-04 | maestro=0.01s | pricing=0.07s
Iteración 12: resolviendo maestro con 11049 columnas...
Iteración 12: z=0.47373922 | cota inferior=0.33980810 | gap=39.4138% | columnas=11066 | nuevas=17 | costo reducido=-2.613e-04 | maestro=0.01s | pricing=0.05s
Iteración 13: resolviendo maestro con 11066 columnas...
Iteración 13: z=0.47146840 | cota inferior=0.33980810 | gap=38.7455% | columnas=11297 | nuevas=231 | costo reducido=-4.647e-05 | maestro=0.01s | pricing=0.04s
Iteración 14: resolviendo maestro con 11297 columnas...
Iteración 14: z=0.46757869 | cota inferior=0.33980810 | gap=37.6008% | columnas=11391 | nuevas=94 | costo reducido=-1.112e-04 | maestro=0.01s | pricing=0.04s
Iteración 15: resolviendo maestro con 11391 columnas...
Iteración 15: z=0.46445600 | cota inferior=0.33980810 | gap=36.6819% | columnas=11440 | nuevas=49 | costo reducido=-2.167e-04 | maestro=0.01s | pricing=0.05s
Iteración 16: resolviendo maestro con 11440 columnas...
Iteración 16: z=0.46382540 | cota inferior=0.33980810 | gap=36.4963% | columnas=11561 | nuevas=121 | costo reducido=-8.593e-05 | maestro=0.01s | pricing=0.04s
Iteración 17: resolviendo maestro con 11561 columnas...
Iteración 17: z=0.46218140 | cota inferior=0.33980810 | gap=36.0125% | columnas=11684 | nuevas=123 | costo reducido=-8.275e-05 | maestro=0.01s | pricing=0.04s
Iteración 18: resolviendo maestro con 11684 columnas...
Iteración 18: z=0.45632728 | cota inferior=0.33980810 | gap=34.2897% | columnas=11771 | nuevas=87 | costo reducido=-1.315e-04 | maestro=0.02s | pricing=0.05s
Iteración 19: resolviendo maestro con 11771 columnas...
Iteración 19: z=0.45496709 | cota inferior=0.33980810 | gap=33.8894% | columnas=11838 | nuevas=67 | costo reducido=-1.496e-04 | maestro=0.01s | pricing=0.04s
Iteración 20: resolviendo maestro con 11838 columnas...
Iteración 20: z=0.45034234 | cota inferior=0.33980810 | gap=32.5284% | columnas=13737 | nuevas=1899 | costo reducido=-1.255e-05 | maestro=0.04s | pricing=0.07s
Iteración 21: resolviendo maestro con 13737 columnas...
Iteración 21: z=0.42423560 | cota inferior=0.33980810 | gap=24.8456% | columnas=17623 | nuevas=3886 | costo reducido=-8.795e-06 | maestro=0.40s | pricing=0.09s
Iteración 22: resolviendo maestro con 17623 columnas...
Iteración 22: z=0.41294838 | cota inferior=0.33980810 | gap=21.5240% | columnas=17677 | nuevas=54 | costo reducido=-1.750e-04 | maestro=0.12s | pricing=0.04s
Iteración 23: resolviendo maestro con 17677 columnas...
Iteración 23: z=0.41194030 | cota inferior=0.39701493 | gap=3.7594% | columnas=17679 | nuevas=2 | costo reducido=-3.317e-04 | maestro=0.04s | pricing=0.05s
Iteración 24: resolviendo maestro con 17679 columnas...
Iteración 24: z=0.39833435 | cota inferior=0.39701493 | gap=0.3323% | columnas=17679 | nuevas=0 | costo reducido=-6.321e-06 | maestro=1.33s | pricing=0.05s

Solución con error relativo certificado de a lo sumo 1%
Congestión máxima: 0.39833435 (39.83%)
Cota superior: 0.39833435
Cota inferior: 0.39701493
Gap certificado: 0.332335%
Iteraciones: 24 | Columnas: 17679
Tiempo total: 3.54 segundos

Diez arcos más congestionados:
Arco 538: 139 -> 177 | flujo=3717.26 | capacidad=9332 | congestión=0.3983
Arco 557: 144 -> 107 | flujo=2746.12 | capacidad=6894 | congestión=0.3983
Arco 880: 226 -> 28 | flujo=2359.73 | capacidad=5924 | congestión=0.3983
Arco 374: 95 -> 139 | flujo=2140.65 | capacidad=5374 | congestión=0.3983
Arco 259: 66 -> 162 | flujo=2171.72 | capacidad=5452 | congestión=0.3983
Arco 425: 109 -> 31 | flujo=2871.59 | capacidad=7209 | congestión=0.3983
Arco 1437: 361 -> 332 | flujo=4176.54 | capacidad=10485 | congestión=0.3983
Arco 420: 108 -> 280 | flujo=3153.21 | capacidad=7916 | congestión=0.3983
Arco 634: 166 -> 221 | flujo=3571.07 | capacidad=8965 | congestión=0.3983
Arco 34: 10 -> 107 | flujo=2088.47 | capacidad=5243 | congestión=0.3983

==========================================================
RESUMEN DE EJECUCION — KPI
==========================================================
Instancia: t85 (400 nodos, 1600 arcos, 10650 productos)
Solver: solver_columnas_e2.py
Estado: completado
Tiempo de pared del proceso: 3.85 s
Tiempo de CPU acumulado: 3.71 s
Uso medio aproximado de CPU: 96.3%
Memoria residente maxima observada: 127.92 MB
Tiempo interno del algoritmo: 3.54 s
Objetivo/congestion: 0.39833435
Cota superior: 0.39833435
Cota inferior: 0.39701493
Gap certificado: 0.332335%
Iteraciones: 24
Columnas finales: 17679
Resultado guardado en: /Users/alfonsocid/Desktop/Repo Capstone/resultados/t85_solver_columnas_e2.txt
==========================================================
GUARDADO | resultados E2/E2_Method0_T1-T100/t85_solver_columnas_e2_method0.txt

EJECUTANDO | t86 | E2 | Method=0
Mulgen ya está compilado.
Generando instancia con t86.par...
 no commodity capacity
 *************************************
 Writing output to file out                                     
 End of writing.
Instancia generada: 400 nodos, 1600 arcos y 10650 productos.
Ejecutando solver: solver_columnas_e2.py
Los resultados se guardarán en /Users/alfonsocid/Desktop/Repo Capstone/resultados/t86_solver_columnas_e2.txt
Filtro de conectividad: 625 productos sin camino eliminados.
Filtro de conectividad: 10650 -> 10025 productos.
Filtro de conectividad: productos eliminados (muestra): [24, 34, 54, 56, 90, 91, 107, 160, 210, 214, 223, 224, 231, 241, 271, 292, 308, 357, 362, 365] ...
Filtro de conectividad: red original preservada y verificacion final superada.
Nodos: 400
Arcos: 1600
Productos: 10650

Solver E2: partida congestion-aware + pricing C++ + gap certificado
Productos: 10025 | Arcos: 1600
ETA: 25 | Gap objetivo: 1%
Construyendo el problema maestro restringido...
Set parameter Username
Set parameter LicenseID to value 2855691
Academic license - for non-commercial use only - expires 2027-08-24
Set parameter Method to value 0
Calculando caminos iniciales congestion-aware...
Caminos iniciales listos: 10025 columnas en 0.16s.
Iteración 1: resolviendo maestro con 10025 columnas...
Iteración 1: z=0.65030084 | cota inferior=0.00000000 | gap=infinito | columnas=10146 | nuevas=121 | costo reducido=-1.203e-04 | maestro=0.02s | pricing=0.07s
Iteración 2: resolviendo maestro con 10146 columnas...
Iteración 2: z=0.61104765 | cota inferior=0.00000000 | gap=infinito | columnas=10308 | nuevas=162 | costo reducido=-8.159e-05 | maestro=0.01s | pricing=0.04s
Iteración 3: resolviendo maestro con 10308 columnas...
Iteración 3: z=0.59355227 | cota inferior=0.00000000 | gap=infinito | columnas=10439 | nuevas=131 | costo reducido=-1.004e-04 | maestro=0.01s | pricing=0.05s
Iteración 4: resolviendo maestro con 10439 columnas...
Iteración 4: z=0.58176036 | cota inferior=0.00000000 | gap=infinito | columnas=10566 | nuevas=127 | costo reducido=-1.026e-04 | maestro=0.01s | pricing=0.04s
Iteración 5: resolviendo maestro con 10566 columnas...
Iteración 5: z=0.56270140 | cota inferior=0.00000000 | gap=infinito | columnas=10669 | nuevas=103 | costo reducido=-1.343e-04 | maestro=0.01s | pricing=0.05s
Iteración 6: resolviendo maestro con 10669 columnas...
Iteración 6: z=0.53902676 | cota inferior=0.00000000 | gap=infinito | columnas=10752 | nuevas=83 | costo reducido=-1.386e-04 | maestro=0.01s | pricing=0.04s
Iteración 7: resolviendo maestro con 10752 columnas...
Iteración 7: z=0.53025396 | cota inferior=0.18348389 | gap=188.9921% | columnas=10841 | nuevas=89 | costo reducido=-8.522e-05 | maestro=0.01s | pricing=0.04s
Iteración 8: resolviendo maestro con 10841 columnas...
Iteración 8: z=0.48797121 | cota inferior=0.18348389 | gap=165.9477% | columnas=10955 | nuevas=114 | costo reducido=-9.471e-05 | maestro=0.04s | pricing=0.04s
Iteración 9: resolviendo maestro con 10955 columnas...
Iteración 9: z=0.48740128 | cota inferior=0.18348389 | gap=165.6371% | columnas=11067 | nuevas=112 | costo reducido=-9.402e-05 | maestro=0.01s | pricing=0.05s
Iteración 10: resolviendo maestro con 11067 columnas...
Iteración 10: z=0.48438572 | cota inferior=0.18634180 | gap=159.9448% | columnas=11101 | nuevas=34 | costo reducido=-1.716e-04 | maestro=0.01s | pricing=0.04s
Iteración 11: resolviendo maestro con 11101 columnas...
Iteración 11: z=0.48408646 | cota inferior=0.18634180 | gap=159.7842% | columnas=11941 | nuevas=840 | costo reducido=-3.302e-05 | maestro=0.01s | pricing=0.05s
Iteración 12: resolviendo maestro con 11941 columnas...
Iteración 12: z=0.46827051 | cota inferior=0.18634180 | gap=151.2965% | columnas=11991 | nuevas=50 | costo reducido=-1.894e-04 | maestro=0.02s | pricing=0.05s
Iteración 13: resolviendo maestro con 11991 columnas...
Iteración 13: z=0.46122508 | cota inferior=0.18634180 | gap=147.5156% | columnas=12065 | nuevas=74 | costo reducido=-1.455e-04 | maestro=0.01s | pricing=0.04s
Iteración 14: resolviendo maestro con 12065 columnas...
Iteración 14: z=0.45867347 | cota inferior=0.31530612 | gap=45.4693% | columnas=12077 | nuevas=12 | costo reducido=-2.551e-04 | maestro=0.01s | pricing=0.04s
Iteración 15: resolviendo maestro con 12077 columnas...
Iteración 15: z=0.44828102 | cota inferior=0.31530612 | gap=42.1733% | columnas=12144 | nuevas=67 | costo reducido=-1.495e-04 | maestro=0.03s | pricing=0.05s
Iteración 16: resolviendo maestro con 12144 columnas...
Iteración 16: z=0.44619853 | cota inferior=0.31530612 | gap=41.5128% | columnas=12220 | nuevas=76 | costo reducido=-1.263e-04 | maestro=0.02s | pricing=0.04s
Iteración 17: resolviendo maestro con 12220 columnas...
Iteración 17: z=0.44090909 | cota inferior=0.44090909 | gap=0.0000% | columnas=12220 | nuevas=0 | costo reducido=0.000e+00 | maestro=0.05s | pricing=0.05s

Solución óptima certificada
Congestión máxima: 0.44090909 (44.09%)
Cota superior: 0.44090909
Cota inferior: 0.44090909
Gap certificado: 0.000000%
Iteraciones: 17 | Columnas: 12220
Tiempo total: 1.31 segundos

Diez arcos más congestionados:
Arco 232: 61 -> 86 | flujo=2396.78 | capacidad=5436 | congestión=0.4409
Arco 392: 105 -> 45 | flujo=1267.61 | capacidad=2875 | congestión=0.4409
Arco 446: 117 -> 46 | flujo=2097.40 | capacidad=4757 | congestión=0.4409
Arco 933: 235 -> 230 | flujo=1613.29 | capacidad=3659 | congestión=0.4409
Arco 1059: 262 -> 185 | flujo=2949.68 | capacidad=6690 | congestión=0.4409
Arco 1280: 316 -> 5 | flujo=3099.59 | capacidad=7030 | congestión=0.4409
Arco 1304: 322 -> 196 | flujo=3180.28 | capacidad=7213 | congestión=0.4409
Arco 1510: 377 -> 74 | flujo=4700.97 | capacidad=10662 | congestión=0.4409
Arco 1583: 394 -> 243 | flujo=4390.13 | capacidad=9957 | congestión=0.4409
Arco 109: 30 -> 135 | flujo=3238.04 | capacidad=7344 | congestión=0.4409

==========================================================
RESUMEN DE EJECUCION — KPI
==========================================================
Instancia: t86 (400 nodos, 1600 arcos, 10650 productos)
Solver: solver_columnas_e2.py
Estado: completado
Tiempo de pared del proceso: 1.60 s
Tiempo de CPU acumulado: 1.53 s
Uso medio aproximado de CPU: 95.4%
Memoria residente maxima observada: 125.12 MB
Tiempo interno del algoritmo: 1.31 s
Objetivo/congestion: 0.44090909
Cota superior: 0.44090909
Cota inferior: 0.44090909
Gap certificado: 0.0%
Iteraciones: 17
Columnas finales: 12220
Resultado guardado en: /Users/alfonsocid/Desktop/Repo Capstone/resultados/t86_solver_columnas_e2.txt
==========================================================
GUARDADO | resultados E2/E2_Method0_T1-T100/t86_solver_columnas_e2_method0.txt

EJECUTANDO | t87 | E2 | Method=0
Mulgen ya está compilado.
Generando instancia con t87.par...
 no commodity capacity
 *************************************
 Writing output to file out                                     
 End of writing.
Instancia generada: 400 nodos, 1600 arcos y 10650 productos.
Ejecutando solver: solver_columnas_e2.py
Los resultados se guardarán en /Users/alfonsocid/Desktop/Repo Capstone/resultados/t87_solver_columnas_e2.txt
Filtro de conectividad: 321 productos sin camino eliminados.
Filtro de conectividad: 10650 -> 10329 productos.
Filtro de conectividad: productos eliminados (muestra): [14, 23, 83, 97, 173, 229, 247, 367, 372, 390, 401, 423, 430, 479, 515, 630, 650, 713, 717, 718] ...
Filtro de conectividad: red original preservada y verificacion final superada.
Nodos: 400
Arcos: 1600
Productos: 10650

Solver E2: partida congestion-aware + pricing C++ + gap certificado
Productos: 10329 | Arcos: 1600
ETA: 25 | Gap objetivo: 1%
Construyendo el problema maestro restringido...
Set parameter Username
Set parameter LicenseID to value 2855691
Academic license - for non-commercial use only - expires 2027-08-24
Set parameter Method to value 0
Calculando caminos iniciales congestion-aware...
Caminos iniciales listos: 10329 columnas en 0.10s.
Iteración 1: resolviendo maestro con 10329 columnas...
Iteración 1: z=0.65270694 | cota inferior=0.00000000 | gap=infinito | columnas=10473 | nuevas=144 | costo reducido=-9.808e-05 | maestro=0.01s | pricing=0.03s
Iteración 2: resolviendo maestro con 10473 columnas...
Iteración 2: z=0.55358899 | cota inferior=0.00000000 | gap=infinito | columnas=10572 | nuevas=99 | costo reducido=-1.229e-04 | maestro=0.01s | pricing=0.04s
Iteración 3: resolviendo maestro con 10572 columnas...
Iteración 3: z=0.54153916 | cota inferior=0.00000000 | gap=infinito | columnas=10685 | nuevas=113 | costo reducido=-1.133e-04 | maestro=0.01s | pricing=0.03s
Iteración 4: resolviendo maestro con 10685 columnas...
Iteración 4: z=0.52460604 | cota inferior=0.12228189 | gap=329.0137% | columnas=10782 | nuevas=97 | costo reducido=-8.804e-05 | maestro=0.01s | pricing=0.03s
Iteración 5: resolviendo maestro con 10782 columnas...
Iteración 5: z=0.51556663 | cota inferior=0.12228189 | gap=321.6214% | columnas=10922 | nuevas=140 | costo reducido=-8.302e-05 | maestro=0.01s | pricing=0.03s
Iteración 6: resolviendo maestro con 10922 columnas...
Iteración 6: z=0.48130492 | cota inferior=0.12228189 | gap=293.6028% | columnas=11041 | nuevas=119 | costo reducido=-9.348e-05 | maestro=0.01s | pricing=0.05s
Iteración 7: resolviendo maestro con 11041 columnas...
Iteración 7: z=0.47852208 | cota inferior=0.36557525 | gap=30.8956% | columnas=11048 | nuevas=7 | costo reducido=-3.004e-04 | maestro=0.01s | pricing=0.03s
Iteración 8: resolviendo maestro con 11048 columnas...
Iteración 8: z=0.47764228 | cota inferior=0.36557525 | gap=30.6550% | columnas=11101 | nuevas=53 | costo reducido=-1.270e-04 | maestro=0.01s | pricing=0.03s
Iteración 9: resolviendo maestro con 11101 columnas...
Iteración 9: z=0.47431147 | cota inferior=0.36557525 | gap=29.7439% | columnas=11201 | nuevas=100 | costo reducido=-1.002e-04 | maestro=0.01s | pricing=0.04s
Iteración 10: resolviendo maestro con 11201 columnas...
Iteración 10: z=0.46384339 | cota inferior=0.36557525 | gap=26.8804% | columnas=11304 | nuevas=103 | costo reducido=-9.988e-05 | maestro=0.02s | pricing=0.03s
Iteración 11: resolviendo maestro con 11304 columnas...
Iteración 11: z=0.46267087 | cota inferior=0.36557525 | gap=26.5597% | columnas=11373 | nuevas=69 | costo reducido=-1.502e-04 | maestro=0.01s | pricing=0.03s
Iteración 12: resolviendo maestro con 11373 columnas...
Iteración 12: z=0.46190613 | cota inferior=0.36557525 | gap=26.3505% | columnas=11479 | nuevas=106 | costo reducido=-9.559e-05 | maestro=0.01s | pricing=0.04s
Iteración 13: resolviendo maestro con 11479 columnas...
Iteración 13: z=0.45177045 | cota inferior=0.36557525 | gap=23.5780% | columnas=11525 | nuevas=46 | costo reducido=-2.035e-04 | maestro=0.02s | pricing=0.03s
Iteración 14: resolviendo maestro con 11525 columnas...
Iteración 14: z=0.45146727 | cota inferior=0.36557525 | gap=23.4950% | columnas=11587 | nuevas=62 | costo reducido=-1.736e-04 | maestro=0.01s | pricing=0.04s
Iteración 15: resolviendo maestro con 11587 columnas...
Iteración 15: z=0.45015891 | cota inferior=0.41895406 | gap=7.4483% | columnas=11589 | nuevas=2 | costo reducido=-2.889e-04 | maestro=0.01s | pricing=0.03s
Iteración 16: resolviendo maestro con 11589 columnas...
Iteración 16: z=0.44872677 | cota inferior=0.41895406 | gap=7.1064% | columnas=11633 | nuevas=44 | costo reducido=-2.294e-04 | maestro=0.01s | pricing=0.03s
Iteración 17: resolviendo maestro con 11633 columnas...
Iteración 17: z=0.44665327 | cota inferior=0.41895406 | gap=6.6115% | columnas=11725 | nuevas=92 | costo reducido=-1.057e-04 | maestro=0.01s | pricing=0.03s
Iteración 18: resolviendo maestro con 11725 columnas...
Iteración 18: z=0.44391608 | cota inferior=0.41895406 | gap=5.9582% | columnas=11807 | nuevas=82 | costo reducido=-9.324e-05 | maestro=0.02s | pricing=0.04s
Iteración 19: resolviendo maestro con 11807 columnas...
Iteración 19: z=0.44209215 | cota inferior=0.41895406 | gap=5.5228% | columnas=11820 | nuevas=13 | costo reducido=-2.491e-04 | maestro=0.01s | pricing=0.03s
Iteración 20: resolviendo maestro con 11820 columnas...
Iteración 20: z=0.44095238 | cota inferior=0.41895406 | gap=5.2508% | columnas=11905 | nuevas=85 | costo reducido=-1.190e-04 | maestro=0.01s | pricing=0.03s
Iteración 21: resolviendo maestro con 11905 columnas...
Iteración 21: z=0.44002901 | cota inferior=0.41895406 | gap=5.0304% | columnas=11976 | nuevas=71 | costo reducido=-1.450e-04 | maestro=0.01s | pricing=0.04s
Iteración 22: resolviendo maestro con 11976 columnas...
Iteración 22: z=0.43694713 | cota inferior=0.41895406 | gap=4.2948% | columnas=12022 | nuevas=46 | costo reducido=-2.057e-04 | maestro=0.03s | pricing=0.03s
Iteración 23: resolviendo maestro con 12022 columnas...
Iteración 23: z=0.43583586 | cota inferior=0.41895406 | gap=4.0295% | columnas=13883 | nuevas=1861 | costo reducido=-1.230e-05 | maestro=0.01s | pricing=0.06s
Iteración 24: resolviendo maestro con 13883 columnas...
Iteración 24: z=0.42193575 | cota inferior=0.41895406 | gap=0.7117% | columnas=13883 | nuevas=0 | costo reducido=-2.046e-04 | maestro=0.04s | pricing=0.03s

Solución con error relativo certificado de a lo sumo 1%
Congestión máxima: 0.42193575 (42.19%)
Cota superior: 0.42193575
Cota inferior: 0.41895406
Gap certificado: 0.711698%
Iteraciones: 24 | Columnas: 13883
Tiempo total: 1.37 segundos

Diez arcos más congestionados:
Arco 3: 2 -> 161 | flujo=4792.77 | capacidad=11359 | congestión=0.4219
Arco 189: 49 -> 32 | flujo=2697.44 | capacidad=6393 | congestión=0.4219
Arco 493: 124 -> 74 | flujo=3845.10 | capacidad=9113 | congestión=0.4219
Arco 520: 129 -> 21 | flujo=1248.51 | capacidad=2959 | congestión=0.4219
Arco 604: 151 -> 77 | flujo=4725.68 | capacidad=11200 | congestión=0.4219
Arco 1223: 308 -> 372 | flujo=2797.43 | capacidad=6630 | congestión=0.4219
Arco 1524: 378 -> 257 | flujo=1839.22 | capacidad=4359 | congestión=0.4219
Arco 1525: 378 -> 38 | flujo=1839.22 | capacidad=4359 | congestión=0.4219
Arco 7: 3 -> 321 | flujo=3210.09 | capacidad=7608 | congestión=0.4219
Arco 95: 23 -> 124 | flujo=3956.91 | capacidad=9378 | congestión=0.4219

==========================================================
RESUMEN DE EJECUCION — KPI
==========================================================
Instancia: t87 (400 nodos, 1600 arcos, 10650 productos)
Solver: solver_columnas_e2.py
Estado: completado
Tiempo de pared del proceso: 1.66 s
Tiempo de CPU acumulado: 1.68 s
Uso medio aproximado de CPU: 101.5%
Memoria residente maxima observada: 135.84 MB
Tiempo interno del algoritmo: 1.37 s
Objetivo/congestion: 0.42193575
Cota superior: 0.42193575
Cota inferior: 0.41895406
Gap certificado: 0.711698%
Iteraciones: 24
Columnas finales: 13883
Resultado guardado en: /Users/alfonsocid/Desktop/Repo Capstone/resultados/t87_solver_columnas_e2.txt
==========================================================
GUARDADO | resultados E2/E2_Method0_T1-T100/t87_solver_columnas_e2_method0.txt

EJECUTANDO | t88 | E2 | Method=0
Mulgen ya está compilado.
Generando instancia con t88.par...
 no commodity capacity
 *************************************
 Writing output to file out                                     
 End of writing.
Instancia generada: 400 nodos, 1600 arcos y 10650 productos.
Ejecutando solver: solver_columnas_e2.py
Los resultados se guardarán en /Users/alfonsocid/Desktop/Repo Capstone/resultados/t88_solver_columnas_e2.txt
Filtro de conectividad: 325 productos sin camino eliminados.
Filtro de conectividad: 10650 -> 10325 productos.
Filtro de conectividad: productos eliminados (muestra): [11, 13, 32, 65, 93, 136, 143, 189, 219, 240, 256, 264, 298, 312, 373, 416, 454, 466, 498, 504] ...
Filtro de conectividad: red original preservada y verificacion final superada.
Nodos: 400
Arcos: 1600
Productos: 10650

Solver E2: partida congestion-aware + pricing C++ + gap certificado
Productos: 10325 | Arcos: 1600
ETA: 25 | Gap objetivo: 1%
Construyendo el problema maestro restringido...
Set parameter Username
Set parameter LicenseID to value 2855691
Academic license - for non-commercial use only - expires 2027-08-24
Set parameter Method to value 0
Calculando caminos iniciales congestion-aware...
Caminos iniciales listos: 10325 columnas en 0.09s.
Iteración 1: resolviendo maestro con 10325 columnas...
Iteración 1: z=0.93938442 | cota inferior=0.92776382 | gap=1.2525% | columnas=10326 | nuevas=1 | costo reducido=-3.141e-04 | maestro=0.01s | pricing=0.03s
Iteración 2: resolviendo maestro con 10326 columnas...
Iteración 2: z=0.92776382 | cota inferior=0.92776382 | gap=0.0000% | columnas=10326 | nuevas=0 | costo reducido=0.000e+00 | maestro=0.01s | pricing=0.04s

Solución óptima certificada
Congestión máxima: 0.92776382 (92.78%)
Cota superior: 0.92776382
Cota inferior: 0.92776382
Gap certificado: 0.000000%
Iteraciones: 2 | Columnas: 10326
Tiempo total: 0.24 segundos

Diez arcos más congestionados:
Arco 1486: 370 -> 9 | flujo=2954.00 | capacidad=3184 | congestión=0.9278
Arco 1389: 346 -> 238 | flujo=2965.00 | capacidad=3841 | congestión=0.7719
Arco 1130: 278 -> 189 | flujo=2914.00 | capacidad=4183 | congestión=0.6966
Arco 286: 74 -> 190 | flujo=5989.00 | capacidad=9681 | congestión=0.6186
Arco 2: 2 -> 370 | flujo=2887.00 | capacidad=4999 | congestión=0.5775
Arco 900: 223 -> 50 | flujo=2909.00 | capacidad=5209 | congestión=0.5585
Arco 284: 73 -> 277 | flujo=3266.00 | capacidad=5972 | congestión=0.5469
Arco 1156: 285 -> 259 | flujo=5930.00 | capacidad=11339 | congestión=0.5230
Arco 1516: 379 -> 286 | flujo=2533.00 | capacidad=4893 | congestión=0.5177
Arco 1526: 382 -> 242 | flujo=4847.00 | capacidad=9392 | congestión=0.5161

==========================================================
RESUMEN DE EJECUCION — KPI
==========================================================
Instancia: t88 (400 nodos, 1600 arcos, 10650 productos)
Solver: solver_columnas_e2.py
Estado: completado
Tiempo de pared del proceso: 0.50 s
Tiempo de CPU acumulado: 0.52 s
Uso medio aproximado de CPU: 103.2%
Memoria residente maxima observada: 96.05 MB
Tiempo interno del algoritmo: 0.24 s
Objetivo/congestion: 0.92776382
Cota superior: 0.92776382
Cota inferior: 0.92776382
Gap certificado: 0.0%
Iteraciones: 2
Columnas finales: 10326
Resultado guardado en: /Users/alfonsocid/Desktop/Repo Capstone/resultados/t88_solver_columnas_e2.txt
==========================================================
GUARDADO | resultados E2/E2_Method0_T1-T100/t88_solver_columnas_e2_method0.txt

EJECUTANDO | t89 | E2 | Method=0
Mulgen ya está compilado.
Generando instancia con t89.par...
 no commodity capacity
 *************************************
 Writing output to file out                                     
 End of writing.
Instancia generada: 400 nodos, 1600 arcos y 10650 productos.
Ejecutando solver: solver_columnas_e2.py
Los resultados se guardarán en /Users/alfonsocid/Desktop/Repo Capstone/resultados/t89_solver_columnas_e2.txt
Filtro de conectividad: 488 productos sin camino eliminados.
Filtro de conectividad: 10650 -> 10162 productos.
Filtro de conectividad: productos eliminados (muestra): [23, 65, 187, 215, 223, 257, 332, 333, 389, 399, 464, 465, 482, 493, 512, 525, 530, 561, 601, 633] ...
Filtro de conectividad: red original preservada y verificacion final superada.
Nodos: 400
Arcos: 1600
Productos: 10650

Solver E2: partida congestion-aware + pricing C++ + gap certificado
Productos: 10162 | Arcos: 1600
ETA: 25 | Gap objetivo: 1%
Construyendo el problema maestro restringido...
Set parameter Username
Set parameter LicenseID to value 2855691
Academic license - for non-commercial use only - expires 2027-08-24
Set parameter Method to value 0
Calculando caminos iniciales congestion-aware...
Caminos iniciales listos: 10162 columnas en 0.09s.
Iteración 1: resolviendo maestro con 10162 columnas...
Iteración 1: z=0.77031491 | cota inferior=0.35366659 | gap=117.8082% | columnas=10205 | nuevas=43 | costo reducido=-2.202e-04 | maestro=0.01s | pricing=0.12s
Iteración 2: resolviendo maestro con 10205 columnas...
Iteración 2: z=0.70035540 | cota inferior=0.35366659 | gap=98.0270% | columnas=10336 | nuevas=131 | costo reducido=-1.111e-04 | maestro=0.24s | pricing=0.10s
Iteración 3: resolviendo maestro con 10336 columnas...
Iteración 3: z=0.68017288 | cota inferior=0.41058887 | gap=65.6579% | columnas=10358 | nuevas=22 | costo reducido=-2.701e-04 | maestro=0.01s | pricing=0.05s
Iteración 4: resolviendo maestro con 10358 columnas...
Iteración 4: z=0.66219170 | cota inferior=0.63346862 | gap=4.5343% | columnas=10360 | nuevas=2 | costo reducido=-3.122e-04 | maestro=0.01s | pricing=0.04s
Iteración 5: resolviendo maestro con 10360 columnas...
Iteración 5: z=0.63346862 | cota inferior=0.63346862 | gap=0.0000% | columnas=10360 | nuevas=0 | costo reducido=0.000e+00 | maestro=0.01s | pricing=0.04s

Solución óptima certificada
Congestión máxima: 0.63346862 (63.35%)
Cota superior: 0.63346862
Cota inferior: 0.63346862
Gap certificado: 0.000000%
Iteraciones: 5 | Columnas: 10360
Tiempo total: 0.78 segundos

Diez arcos más congestionados:
Arco 1063: 267 -> 396 | flujo=2345.10 | capacidad=3702 | congestión=0.6335
Arco 1224: 309 -> 121 | flujo=2876.58 | capacidad=4541 | congestión=0.6335
Arco 1269: 322 -> 252 | flujo=5703.75 | capacidad=9004 | congestión=0.6335
Arco 1275: 325 -> 365 | flujo=2029.00 | capacidad=3203 | congestión=0.6335
Arco 1205: 305 -> 58 | flujo=2597.00 | capacidad=4253 | congestión=0.6106
Arco 1320: 335 -> 303 | flujo=5701.00 | capacidad=9424 | congestión=0.6049
Arco 1095: 274 -> 284 | flujo=6882.00 | capacidad=11497 | congestión=0.5986
Arco 931: 236 -> 326 | flujo=5618.00 | capacidad=9397 | congestión=0.5979
Arco 1388: 352 -> 72 | flujo=3710.00 | capacidad=6300 | congestión=0.5889
Arco 42: 13 -> 61 | flujo=5095.00 | capacidad=8767 | congestión=0.5812

==========================================================
RESUMEN DE EJECUCION — KPI
==========================================================
Instancia: t89 (400 nodos, 1600 arcos, 10650 productos)
Solver: solver_columnas_e2.py
Estado: completado
Tiempo de pared del proceso: 1.05 s
Tiempo de CPU acumulado: 0.73 s
Uso medio aproximado de CPU: 69.7%
Memoria residente maxima observada: 84.12 MB
Tiempo interno del algoritmo: 0.78 s
Objetivo/congestion: 0.63346862
Cota superior: 0.63346862
Cota inferior: 0.63346862
Gap certificado: 0.0%
Iteraciones: 5
Columnas finales: 10360
Resultado guardado en: /Users/alfonsocid/Desktop/Repo Capstone/resultados/t89_solver_columnas_e2.txt
==========================================================
GUARDADO | resultados E2/E2_Method0_T1-T100/t89_solver_columnas_e2_method0.txt

EJECUTANDO | t90 | E2 | Method=0
Mulgen ya está compilado.
Generando instancia con t90.par...
 no commodity capacity
 *************************************
 Writing output to file out                                     
 End of writing.
Instancia generada: 400 nodos, 1600 arcos y 10650 productos.
Ejecutando solver: solver_columnas_e2.py
Los resultados se guardarán en /Users/alfonsocid/Desktop/Repo Capstone/resultados/t90_solver_columnas_e2.txt
Filtro de conectividad: 289 productos sin camino eliminados.
Filtro de conectividad: 10650 -> 10361 productos.
Filtro de conectividad: productos eliminados (muestra): [5, 9, 29, 55, 65, 82, 83, 175, 207, 272, 288, 341, 406, 534, 556, 667, 673, 681, 747, 922] ...
Filtro de conectividad: red original preservada y verificacion final superada.
Nodos: 400
Arcos: 1600
Productos: 10650

Solver E2: partida congestion-aware + pricing C++ + gap certificado
Productos: 10361 | Arcos: 1600
ETA: 25 | Gap objetivo: 1%
Construyendo el problema maestro restringido...
Set parameter Username
Set parameter LicenseID to value 2855691
Academic license - for non-commercial use only - expires 2027-08-24
Set parameter Method to value 0
Calculando caminos iniciales congestion-aware...
Caminos iniciales listos: 10361 columnas en 0.12s.
Iteración 1: resolviendo maestro con 10361 columnas...
Iteración 1: z=0.76597816 | cota inferior=0.00000000 | gap=infinito | columnas=10529 | nuevas=168 | costo reducido=-1.081e-04 | maestro=0.01s | pricing=0.04s
Iteración 2: resolviendo maestro con 10529 columnas...
Iteración 2: z=0.71979910 | cota inferior=0.37668517 | gap=91.0877% | columnas=10557 | nuevas=28 | costo reducido=-2.643e-04 | maestro=0.01s | pricing=0.05s
Iteración 3: resolviendo maestro con 10557 columnas...
Iteración 3: z=0.59521460 | cota inferior=0.37668517 | gap=58.0138% | columnas=10688 | nuevas=131 | costo reducido=-8.222e-05 | maestro=0.01s | pricing=0.04s
Iteración 4: resolviendo maestro con 10688 columnas...
Iteración 4: z=0.59416142 | cota inferior=0.37668517 | gap=57.7342% | columnas=10757 | nuevas=69 | costo reducido=-1.431e-04 | maestro=0.01s | pricing=0.11s
Iteración 5: resolviendo maestro con 10757 columnas...
Iteración 5: z=0.55955361 | cota inferior=0.37668517 | gap=48.5468% | columnas=10875 | nuevas=118 | costo reducido=-1.043e-04 | maestro=0.01s | pricing=0.05s
Iteración 6: resolviendo maestro con 10875 columnas...
Iteración 6: z=0.55742674 | cota inferior=0.53250253 | gap=4.6806% | columnas=10876 | nuevas=1 | costo reducido=-3.368e-04 | maestro=0.01s | pricing=0.04s
Iteración 7: resolviendo maestro con 10876 columnas...
Iteración 7: z=0.55296230 | cota inferior=0.53250253 | gap=3.8422% | columnas=10909 | nuevas=33 | costo reducido=-3.591e-04 | maestro=0.01s | pricing=0.03s
Iteración 8: resolviendo maestro con 10909 columnas...
Iteración 8: z=0.55047106 | cota inferior=0.53250253 | gap=3.3744% | columnas=10940 | nuevas=31 | costo reducido=-1.923e-04 | maestro=0.01s | pricing=0.03s
Iteración 9: resolviendo maestro con 10940 columnas...
Iteración 9: z=0.54935917 | cota inferior=0.53250253 | gap=3.1656% | columnas=11099 | nuevas=159 | costo reducido=-7.629e-05 | maestro=0.01s | pricing=0.05s
Iteración 10: resolviendo maestro con 11099 columnas...
Iteración 10: z=0.54086957 | cota inferior=0.53250253 | gap=1.5713% | columnas=11138 | nuevas=39 | costo reducido=-1.932e-04 | maestro=0.01s | pricing=0.03s
Iteración 11: resolviendo maestro con 11138 columnas...
Iteración 11: z=0.54026779 | cota inferior=0.53250253 | gap=1.4583% | columnas=11264 | nuevas=126 | costo reducido=-9.992e-05 | maestro=0.01s | pricing=0.05s
Iteración 12: resolviendo maestro con 11264 columnas...
Iteración 12: z=0.53961456 | cota inferior=0.53250253 | gap=1.3356% | columnas=11421 | nuevas=157 | costo reducido=-7.931e-05 | maestro=0.01s | pricing=0.04s
Iteración 13: resolviendo maestro con 11421 columnas...
Iteración 13: z=0.53491009 | cota inferior=0.53250253 | gap=0.4521% | columnas=11421 | nuevas=0 | costo reducido=-1.620e-04 | maestro=0.01s | pricing=0.03s

Solución con error relativo certificado de a lo sumo 1%
Congestión máxima: 0.53491009 (53.49%)
Cota superior: 0.53491009
Cota inferior: 0.53250253
Gap certificado: 0.452123%
Iteraciones: 13 | Columnas: 11421
Tiempo total: 0.90 segundos

Diez arcos más congestionados:
Arco 48: 13 -> 86 | flujo=1911.23 | capacidad=3573 | congestión=0.5349
Arco 127: 29 -> 21 | flujo=2473.42 | capacidad=4624 | congestión=0.5349
Arco 171: 42 -> 398 | flujo=7011.60 | capacidad=13108 | congestión=0.5349
Arco 311: 74 -> 48 | flujo=1855.07 | capacidad=3468 | congestión=0.5349
Arco 582: 142 -> 49 | flujo=3105.69 | capacidad=5806 | congestión=0.5349
Arco 615: 153 -> 346 | flujo=3737.95 | capacidad=6988 | congestión=0.5349
Arco 634: 157 -> 322 | flujo=3302.00 | capacidad=6173 | congestión=0.5349
Arco 832: 209 -> 44 | flujo=3568.92 | capacidad=6672 | congestión=0.5349
Arco 1002: 248 -> 3 | flujo=6744.68 | capacidad=12609 | congestión=0.5349
Arco 1152: 286 -> 48 | flujo=5480.15 | capacidad=10245 | congestión=0.5349

==========================================================
RESUMEN DE EJECUCION — KPI
==========================================================
Instancia: t90 (400 nodos, 1600 arcos, 10650 productos)
Solver: solver_columnas_e2.py
Estado: completado
Tiempo de pared del proceso: 1.20 s
Tiempo de CPU acumulado: 1.14 s
Uso medio aproximado de CPU: 94.8%
Memoria residente maxima observada: 115.25 MB
Tiempo interno del algoritmo: 0.9 s
Objetivo/congestion: 0.53491009
Cota superior: 0.53491009
Cota inferior: 0.53250253
Gap certificado: 0.452123%
Iteraciones: 13
Columnas finales: 11421
Resultado guardado en: /Users/alfonsocid/Desktop/Repo Capstone/resultados/t90_solver_columnas_e2.txt
==========================================================
GUARDADO | resultados E2/E2_Method0_T1-T100/t90_solver_columnas_e2_method0.txt

EJECUTANDO | t91 | E2 | Method=0
Mulgen ya está compilado.
Generando instancia con t91.par...
 no commodity capacity
 *************************************
 Writing output to file out                                     
 End of writing.
Instancia generada: 400 nodos, 1600 arcos y 10650 productos.
Ejecutando solver: solver_columnas_e2.py
Los resultados se guardarán en /Users/alfonsocid/Desktop/Repo Capstone/resultados/t91_solver_columnas_e2.txt
Filtro de conectividad: 321 productos sin camino eliminados.
Filtro de conectividad: 10650 -> 10329 productos.
Filtro de conectividad: productos eliminados (muestra): [75, 134, 147, 153, 174, 186, 192, 204, 207, 315, 329, 365, 474, 476, 509, 511, 535, 538, 540, 547] ...
Filtro de conectividad: red original preservada y verificacion final superada.
Nodos: 400
Arcos: 1600
Productos: 10650

Solver E2: partida congestion-aware + pricing C++ + gap certificado
Productos: 10329 | Arcos: 1600
ETA: 25 | Gap objetivo: 1%
Construyendo el problema maestro restringido...
Set parameter Username
Set parameter LicenseID to value 2855691
Academic license - for non-commercial use only - expires 2027-08-24
Set parameter Method to value 0
Calculando caminos iniciales congestion-aware...
Caminos iniciales listos: 10329 columnas en 0.09s.
Iteración 1: resolviendo maestro con 10329 columnas...
Iteración 1: z=0.92942109 | cota inferior=0.92942109 | gap=0.0000% | columnas=10329 | nuevas=0 | costo reducido=0.000e+00 | maestro=0.01s | pricing=0.03s

Solución óptima certificada
Congestión máxima: 0.92942109 (92.94%)
Cota superior: 0.92942109
Cota inferior: 0.92942109
Gap certificado: 0.000000%
Iteraciones: 1 | Columnas: 10329
Tiempo total: 0.19 segundos

Diez arcos más congestionados:
Arco 892: 222 -> 384 | flujo=3516.00 | capacidad=3783 | congestión=0.9294
Arco 1265: 319 -> 42 | flujo=7271.00 | capacidad=10899 | congestión=0.6671
Arco 376: 96 -> 356 | flujo=7817.00 | capacidad=12725 | congestión=0.6143
Arco 1108: 279 -> 81 | flujo=4442.00 | capacidad=7513 | congestión=0.5912
Arco 1131: 284 -> 95 | flujo=6630.00 | capacidad=12460 | congestión=0.5321
Arco 1540: 384 -> 270 | flujo=2264.00 | capacidad=4312 | congestión=0.5250
Arco 377: 96 -> 376 | flujo=2799.00 | capacidad=5344 | congestión=0.5238
Arco 28: 8 -> 14 | flujo=5651.00 | capacidad=10847 | congestión=0.5210
Arco 504: 125 -> 305 | flujo=2788.00 | capacidad=5424 | congestión=0.5140
Arco 1369: 342 -> 333 | flujo=3221.00 | capacidad=6270 | congestión=0.5137

==========================================================
RESUMEN DE EJECUCION — KPI
==========================================================
Instancia: t91 (400 nodos, 1600 arcos, 10650 productos)
Solver: solver_columnas_e2.py
Estado: completado
Tiempo de pared del proceso: 0.48 s
Tiempo de CPU acumulado: 0.48 s
Uso medio aproximado de CPU: 100.9%
Memoria residente maxima observada: 89.70 MB
Tiempo interno del algoritmo: 0.19 s
Objetivo/congestion: 0.92942109
Cota superior: 0.92942109
Cota inferior: 0.92942109
Gap certificado: 0.0%
Iteraciones: 1
Columnas finales: 10329
Resultado guardado en: /Users/alfonsocid/Desktop/Repo Capstone/resultados/t91_solver_columnas_e2.txt
==========================================================
GUARDADO | resultados E2/E2_Method0_T1-T100/t91_solver_columnas_e2_method0.txt

EJECUTANDO | t92 | E2 | Method=0
Mulgen ya está compilado.
Generando instancia con t92.par...
 no commodity capacity
 *************************************
 Writing output to file out                                     
 End of writing.
Instancia generada: 400 nodos, 1600 arcos y 10650 productos.
Ejecutando solver: solver_columnas_e2.py
Los resultados se guardarán en /Users/alfonsocid/Desktop/Repo Capstone/resultados/t92_solver_columnas_e2.txt
Filtro de conectividad: 303 productos sin camino eliminados.
Filtro de conectividad: 10650 -> 10347 productos.
Filtro de conectividad: productos eliminados (muestra): [9, 22, 65, 69, 71, 155, 184, 294, 352, 396, 407, 452, 524, 550, 558, 620, 637, 654, 674, 709] ...
Filtro de conectividad: red original preservada y verificacion final superada.
Nodos: 400
Arcos: 1600
Productos: 10650

Solver E2: partida congestion-aware + pricing C++ + gap certificado
Productos: 10347 | Arcos: 1600
ETA: 25 | Gap objetivo: 1%
Construyendo el problema maestro restringido...
Set parameter Username
Set parameter LicenseID to value 2855691
Academic license - for non-commercial use only - expires 2027-08-24
Set parameter Method to value 0
Calculando caminos iniciales congestion-aware...
Caminos iniciales listos: 10347 columnas en 0.11s.
Iteración 1: resolviendo maestro con 10347 columnas...
Iteración 1: z=0.63769267 | cota inferior=0.38693787 | gap=64.8049% | columnas=10381 | nuevas=34 | costo reducido=-1.589e-04 | maestro=0.01s | pricing=0.05s
Iteración 2: resolviendo maestro con 10381 columnas...
Iteración 2: z=0.58737997 | cota inferior=0.58737997 | gap=0.0000% | columnas=10381 | nuevas=0 | costo reducido=0.000e+00 | maestro=0.01s | pricing=0.05s

Solución óptima certificada
Congestión máxima: 0.58737997 (58.74%)
Cota superior: 0.58737997
Cota inferior: 0.58737997
Gap certificado: 0.000000%
Iteraciones: 2 | Columnas: 10381
Tiempo total: 0.28 segundos

Diez arcos más congestionados:
Arco 1303: 319 -> 153 | flujo=5329.30 | capacidad=9073 | congestión=0.5874
Arco 1427: 350 -> 346 | flujo=3696.38 | capacidad=6293 | congestión=0.5874
Arco 154: 40 -> 19 | flujo=2141.00 | capacidad=3645 | congestión=0.5874
Arco 1466: 361 -> 352 | flujo=4901.00 | capacidad=8574 | congestión=0.5716
Arco 1159: 282 -> 308 | flujo=1563.00 | capacidad=2754 | congestión=0.5675
Arco 1413: 347 -> 313 | flujo=4957.00 | capacidad=8784 | congestión=0.5643
Arco 507: 119 -> 269 | flujo=3150.00 | capacidad=5638 | congestión=0.5587
Arco 1160: 283 -> 295 | flujo=3645.00 | capacidad=6555 | congestión=0.5561
Arco 1505: 374 -> 287 | flujo=2952.00 | capacidad=5349 | congestión=0.5519
Arco 914: 222 -> 275 | flujo=3131.70 | capacidad=5690 | congestión=0.5504

==========================================================
RESUMEN DE EJECUCION — KPI
==========================================================
Instancia: t92 (400 nodos, 1600 arcos, 10650 productos)
Solver: solver_columnas_e2.py
Estado: completado
Tiempo de pared del proceso: 0.56 s
Tiempo de CPU acumulado: 0.56 s
Uso medio aproximado de CPU: 100.3%
Memoria residente maxima observada: 98.72 MB
Tiempo interno del algoritmo: 0.28 s
Objetivo/congestion: 0.58737997
Cota superior: 0.58737997
Cota inferior: 0.58737997
Gap certificado: 0.0%
Iteraciones: 2
Columnas finales: 10381
Resultado guardado en: /Users/alfonsocid/Desktop/Repo Capstone/resultados/t92_solver_columnas_e2.txt
==========================================================
GUARDADO | resultados E2/E2_Method0_T1-T100/t92_solver_columnas_e2_method0.txt

EJECUTANDO | t93 | E2 | Method=0
Mulgen ya está compilado.
Generando instancia con t93.par...
 no commodity capacity
 *************************************
 Writing output to file out                                     
 End of writing.
Instancia generada: 400 nodos, 1600 arcos y 10650 productos.
Ejecutando solver: solver_columnas_e2.py
Los resultados se guardarán en /Users/alfonsocid/Desktop/Repo Capstone/resultados/t93_solver_columnas_e2.txt
Filtro de conectividad: 387 productos sin camino eliminados.
Filtro de conectividad: 10650 -> 10263 productos.
Filtro de conectividad: productos eliminados (muestra): [92, 117, 160, 164, 234, 240, 261, 272, 293, 329, 362, 373, 384, 413, 420, 524, 537, 552, 562, 563] ...
Filtro de conectividad: red original preservada y verificacion final superada.
Nodos: 400
Arcos: 1600
Productos: 10650

Solver E2: partida congestion-aware + pricing C++ + gap certificado
Productos: 10263 | Arcos: 1600
ETA: 25 | Gap objetivo: 1%
Construyendo el problema maestro restringido...
Set parameter Username
Set parameter LicenseID to value 2855691
Academic license - for non-commercial use only - expires 2027-08-24
Set parameter Method to value 0
Calculando caminos iniciales congestion-aware...
Caminos iniciales listos: 10263 columnas en 0.11s.
Iteración 1: resolviendo maestro con 10263 columnas...
Iteración 1: z=0.79320388 | cota inferior=0.28786408 | gap=175.5481% | columnas=10307 | nuevas=44 | costo reducido=-2.427e-04 | maestro=0.01s | pricing=0.04s
Iteración 2: resolviendo maestro con 10307 columnas...
Iteración 2: z=0.78247184 | cota inferior=0.49469848 | gap=58.1715% | columnas=10346 | nuevas=39 | costo reducido=-1.657e-04 | maestro=0.01s | pricing=0.05s
Iteración 3: resolviendo maestro con 10346 columnas...
Iteración 3: z=0.64614633 | cota inferior=0.49469848 | gap=30.6142% | columnas=10436 | nuevas=90 | costo reducido=-1.221e-04 | maestro=0.01s | pricing=0.04s
Iteración 4: resolviendo maestro con 10436 columnas...
Iteración 4: z=0.62103306 | cota inferior=0.49469848 | gap=25.5377% | columnas=10541 | nuevas=105 | costo reducido=-1.328e-04 | maestro=0.01s | pricing=0.04s
Iteración 5: resolviendo maestro con 10541 columnas...
Iteración 5: z=0.60541033 | cota inferior=0.49469848 | gap=22.3797% | columnas=10647 | nuevas=106 | costo reducido=-1.301e-04 | maestro=0.01s | pricing=0.04s
Iteración 6: resolviendo maestro con 10647 columnas...
Iteración 6: z=0.57989758 | cota inferior=0.49469848 | gap=17.2224% | columnas=10718 | nuevas=71 | costo reducido=-8.680e-05 | maestro=0.01s | pricing=0.05s
Iteración 7: resolviendo maestro con 10718 columnas...
Iteración 7: z=0.54996837 | cota inferior=0.49469848 | gap=11.1724% | columnas=10883 | nuevas=165 | costo reducido=-7.906e-05 | maestro=0.01s | pricing=0.04s
Iteración 8: resolviendo maestro con 10883 columnas...
Iteración 8: z=0.54930784 | cota inferior=0.49469848 | gap=11.0389% | columnas=10966 | nuevas=83 | costo reducido=-1.427e-04 | maestro=0.01s | pricing=0.05s
Iteración 9: resolviendo maestro con 10966 columnas...
Iteración 9: z=0.53186253 | cota inferior=0.49469848 | gap=7.5125% | columnas=11152 | nuevas=186 | costo reducido=-4.475e-05 | maestro=0.01s | pricing=0.04s
Iteración 10: resolviendo maestro con 11152 columnas...
Iteración 10: z=0.53157620 | cota inferior=0.49469848 | gap=7.4546% | columnas=11199 | nuevas=47 | costo reducido=-2.610e-04 | maestro=0.01s | pricing=0.04s
Iteración 11: resolviendo maestro con 11199 columnas...
Iteración 11: z=0.52914581 | cota inferior=0.49469848 | gap=6.9633% | columnas=11344 | nuevas=145 | costo reducido=-8.074e-05 | maestro=0.01s | pricing=0.05s
Iteración 12: resolviendo maestro con 11344 columnas...
Iteración 12: z=0.51667277 | cota inferior=0.49469848 | gap=4.4420% | columnas=11346 | nuevas=2 | costo reducido=-3.664e-04 | maestro=0.02s | pricing=0.04s
Iteración 13: resolviendo maestro con 11346 columnas...
Iteración 13: z=0.51472422 | cota inferior=0.49469848 | gap=4.0481% | columnas=11620 | nuevas=274 | costo reducido=-4.796e-05 | maestro=0.01s | pricing=0.04s
Iteración 14: resolviendo maestro con 11620 columnas...
Iteración 14: z=0.50344140 | cota inferior=0.50344140 | gap=0.0000% | columnas=11620 | nuevas=0 | costo reducido=0.000e+00 | maestro=0.03s | pricing=0.05s

Solución óptima certificada
Congestión máxima: 0.50344140 (50.34%)
Cota superior: 0.50344140
Cota inferior: 0.50344140
Gap certificado: 0.000000%
Iteraciones: 14 | Columnas: 11620
Tiempo total: 0.96 segundos

Diez arcos más congestionados:
Arco 169: 43 -> 26 | flujo=5178.90 | capacidad=10287 | congestión=0.5034
Arco 186: 47 -> 44 | flujo=1360.80 | capacidad=2703 | congestión=0.5034
Arco 410: 105 -> 227 | flujo=2074.18 | capacidad=4120 | congestión=0.5034
Arco 31: 7 -> 129 | flujo=1585.34 | capacidad=3149 | congestión=0.5034
Arco 45: 10 -> 144 | flujo=1929.19 | capacidad=3832 | congestión=0.5034
Arco 158: 41 -> 232 | flujo=6235.63 | capacidad=12386 | congestión=0.5034
Arco 160: 41 -> 119 | flujo=2602.79 | capacidad=5170 | congestión=0.5034
Arco 195: 50 -> 43 | flujo=1757.01 | capacidad=3490 | congestión=0.5034
Arco 201: 52 -> 2 | flujo=1717.74 | capacidad=3412 | congestión=0.5034
Arco 233: 63 -> 344 | flujo=3870.96 | capacidad=7689 | congestión=0.5034

==========================================================
RESUMEN DE EJECUCION — KPI
==========================================================
Instancia: t93 (400 nodos, 1600 arcos, 10650 productos)
Solver: solver_columnas_e2.py
Estado: completado
Tiempo de pared del proceso: 1.27 s
Tiempo de CPU acumulado: 1.29 s
Uso medio aproximado de CPU: 101.3%
Memoria residente maxima observada: 117.91 MB
Tiempo interno del algoritmo: 0.96 s
Objetivo/congestion: 0.5034414
Cota superior: 0.5034414
Cota inferior: 0.5034414
Gap certificado: 0.0%
Iteraciones: 14
Columnas finales: 11620
Resultado guardado en: /Users/alfonsocid/Desktop/Repo Capstone/resultados/t93_solver_columnas_e2.txt
==========================================================
GUARDADO | resultados E2/E2_Method0_T1-T100/t93_solver_columnas_e2_method0.txt

EJECUTANDO | t94 | E2 | Method=0
Mulgen ya está compilado.
Generando instancia con t94.par...
 no commodity capacity
 *************************************
 Writing output to file out                                     
 End of writing.
Instancia generada: 400 nodos, 1600 arcos y 10650 productos.
Ejecutando solver: solver_columnas_e2.py
Los resultados se guardarán en /Users/alfonsocid/Desktop/Repo Capstone/resultados/t94_solver_columnas_e2.txt
Filtro de conectividad: 355 productos sin camino eliminados.
Filtro de conectividad: 10650 -> 10295 productos.
Filtro de conectividad: productos eliminados (muestra): [3, 21, 42, 104, 121, 126, 134, 139, 164, 199, 222, 251, 262, 271, 328, 341, 433, 468, 501, 515] ...
Filtro de conectividad: red original preservada y verificacion final superada.
Nodos: 400
Arcos: 1600
Productos: 10650

Solver E2: partida congestion-aware + pricing C++ + gap certificado
Productos: 10295 | Arcos: 1600
ETA: 25 | Gap objetivo: 1%
Construyendo el problema maestro restringido...
Set parameter Username
Set parameter LicenseID to value 2855691
Academic license - for non-commercial use only - expires 2027-08-24
Set parameter Method to value 0
Calculando caminos iniciales congestion-aware...
Caminos iniciales listos: 10295 columnas en 0.11s.
Iteración 1: resolviendo maestro con 10295 columnas...
Iteración 1: z=0.68165312 | cota inferior=0.23793879 | gap=186.4826% | columnas=10351 | nuevas=56 | costo reducido=-1.729e-04 | maestro=0.01s | pricing=0.04s
Iteración 2: resolviendo maestro con 10351 columnas...
Iteración 2: z=0.63517736 | cota inferior=0.23793879 | gap=166.9499% | columnas=10430 | nuevas=79 | costo reducido=-1.838e-04 | maestro=0.01s | pricing=0.05s
Iteración 3: resolviendo maestro con 10430 columnas...
Iteración 3: z=0.60047455 | cota inferior=0.23793879 | gap=152.3651% | columnas=10602 | nuevas=172 | costo reducido=-8.182e-05 | maestro=0.01s | pricing=0.04s
Iteración 4: resolviendo maestro con 10602 columnas...
Iteración 4: z=0.55613111 | cota inferior=0.23793879 | gap=133.7286% | columnas=10739 | nuevas=137 | costo reducido=-8.931e-05 | maestro=0.01s | pricing=0.04s
Iteración 5: resolviendo maestro con 10739 columnas...
Iteración 5: z=0.53113215 | cota inferior=0.23793879 | gap=123.2222% | columnas=10879 | nuevas=140 | costo reducido=-8.380e-05 | maestro=0.01s | pricing=0.04s
Iteración 6: resolviendo maestro con 10879 columnas...
Iteración 6: z=0.51027825 | cota inferior=0.23793879 | gap=114.4578% | columnas=10981 | nuevas=102 | costo reducido=-1.136e-04 | maestro=0.01s | pricing=0.12s
Iteración 7: resolviendo maestro con 10981 columnas...
Iteración 7: z=0.50286500 | cota inferior=0.50286500 | gap=0.0000% | columnas=10981 | nuevas=0 | costo reducido=0.000e+00 | maestro=0.01s | pricing=0.04s

Solución óptima certificada
Congestión máxima: 0.50286500 (50.29%)
Cota superior: 0.50286500
Cota inferior: 0.50286500
Gap certificado: 0.000000%
Iteraciones: 7 | Columnas: 10981
Tiempo total: 0.61 segundos

Diez arcos más congestionados:
Arco 793: 201 -> 347 | flujo=4427.73 | capacidad=8805 | congestión=0.5029
Arco 124: 29 -> 193 | flujo=2194.00 | capacidad=4363 | congestión=0.5029
Arco 513: 132 -> 228 | flujo=6000.69 | capacidad=11933 | congestión=0.5029
Arco 1069: 267 -> 379 | flujo=6423.60 | capacidad=12774 | congestión=0.5029
Arco 1341: 337 -> 19 | flujo=5630.58 | capacidad=11197 | congestión=0.5029
Arco 1427: 354 -> 97 | flujo=6146.02 | capacidad=12222 | congestión=0.5029
Arco 1500: 372 -> 283 | flujo=2908.07 | capacidad=5783 | congestión=0.5029
Arco 125: 30 -> 76 | flujo=2430.39 | capacidad=4863 | congestión=0.4998
Arco 1480: 366 -> 345 | flujo=2850.60 | capacidad=5704 | congestión=0.4998
Arco 1378: 345 -> 73 | flujo=2573.00 | capacidad=5152 | congestión=0.4994

==========================================================
RESUMEN DE EJECUCION — KPI
==========================================================
Instancia: t94 (400 nodos, 1600 arcos, 10650 productos)
Solver: solver_columnas_e2.py
Estado: completado
Tiempo de pared del proceso: 0.92 s
Tiempo de CPU acumulado: 0.87 s
Uso medio aproximado de CPU: 94.8%
Memoria residente maxima observada: 106.75 MB
Tiempo interno del algoritmo: 0.61 s
Objetivo/congestion: 0.502865
Cota superior: 0.502865
Cota inferior: 0.502865
Gap certificado: 0.0%
Iteraciones: 7
Columnas finales: 10981
Resultado guardado en: /Users/alfonsocid/Desktop/Repo Capstone/resultados/t94_solver_columnas_e2.txt
==========================================================
GUARDADO | resultados E2/E2_Method0_T1-T100/t94_solver_columnas_e2_method0.txt

EJECUTANDO | t95 | E2 | Method=0
Mulgen ya está compilado.
Generando instancia con t95.par...
 no commodity capacity
 *************************************
 Writing output to file out                                     
 End of writing.
Instancia generada: 400 nodos, 1600 arcos y 10650 productos.
Ejecutando solver: solver_columnas_e2.py
Los resultados se guardarán en /Users/alfonsocid/Desktop/Repo Capstone/resultados/t95_solver_columnas_e2.txt
Filtro de conectividad: 273 productos sin camino eliminados.
Filtro de conectividad: 10650 -> 10377 productos.
Filtro de conectividad: productos eliminados (muestra): [69, 82, 99, 117, 125, 267, 303, 345, 351, 382, 392, 416, 436, 472, 513, 534, 581, 584, 605, 646] ...
Filtro de conectividad: red original preservada y verificacion final superada.
Nodos: 400
Arcos: 1600
Productos: 10650

Solver E2: partida congestion-aware + pricing C++ + gap certificado
Productos: 10377 | Arcos: 1600
ETA: 25 | Gap objetivo: 1%
Construyendo el problema maestro restringido...
Set parameter Username
Set parameter LicenseID to value 2855691
Academic license - for non-commercial use only - expires 2027-08-24
Set parameter Method to value 0
Calculando caminos iniciales congestion-aware...
Caminos iniciales listos: 10377 columnas en 0.11s.
Iteración 1: resolviendo maestro con 10377 columnas...
Iteración 1: z=0.67778470 | cota inferior=0.00000000 | gap=infinito | columnas=10526 | nuevas=149 | costo reducido=-1.039e-04 | maestro=0.01s | pricing=0.04s
Iteración 2: resolviendo maestro con 10526 columnas...
Iteración 2: z=0.61200537 | cota inferior=0.49496982 | gap=23.6450% | columnas=10534 | nuevas=8 | costo reducido=-3.353e-04 | maestro=0.01s | pricing=0.05s
Iteración 3: resolviendo maestro con 10534 columnas...
Iteración 3: z=0.59726364 | cota inferior=0.49496982 | gap=20.6667% | columnas=10686 | nuevas=152 | costo reducido=-8.770e-05 | maestro=0.01s | pricing=0.04s
Iteración 4: resolviendo maestro con 10686 columnas...
Iteración 4: z=0.59453108 | cota inferior=0.49496982 | gap=20.1146% | columnas=10818 | nuevas=132 | costo reducido=-1.068e-04 | maestro=0.01s | pricing=0.04s
Iteración 5: resolviendo maestro con 10818 columnas...
Iteración 5: z=0.58901695 | cota inferior=0.49496982 | gap=19.0006% | columnas=10917 | nuevas=99 | costo reducido=-1.356e-04 | maestro=0.01s | pricing=0.05s
Iteración 6: resolviendo maestro con 10917 columnas...
Iteración 6: z=0.56396292 | cota inferior=0.49496982 | gap=13.9389% | columnas=11023 | nuevas=106 | costo reducido=-1.159e-04 | maestro=0.01s | pricing=0.04s
Iteración 7: resolviendo maestro con 11023 columnas...
Iteración 7: z=0.56235443 | cota inferior=0.49496982 | gap=13.6139% | columnas=11265 | nuevas=242 | costo reducido=-9.705e-05 | maestro=0.01s | pricing=0.04s
Iteración 8: resolviendo maestro con 11265 columnas...
Iteración 8: z=0.55339105 | cota inferior=0.49496982 | gap=11.8030% | columnas=11348 | nuevas=83 | costo reducido=-1.443e-04 | maestro=0.01s | pricing=0.04s
Iteración 9: resolviendo maestro con 11348 columnas...
Iteración 9: z=0.53827933 | cota inferior=0.49496982 | gap=8.7499% | columnas=11437 | nuevas=89 | costo reducido=-8.460e-05 | maestro=0.01s | pricing=0.05s
Iteración 10: resolviendo maestro con 11437 columnas...
Iteración 10: z=0.52955368 | cota inferior=0.49496982 | gap=6.9871% | columnas=11471 | nuevas=34 | costo reducido=-1.206e-04 | maestro=0.01s | pricing=0.04s
Iteración 11: resolviendo maestro con 11471 columnas...
Iteración 11: z=0.51725210 | cota inferior=0.49496982 | gap=4.5017% | columnas=11542 | nuevas=71 | costo reducido=-1.554e-04 | maestro=0.02s | pricing=0.06s
Iteración 12: resolviendo maestro con 11542 columnas...
Iteración 12: z=0.51348345 | cota inferior=0.49496982 | gap=3.7404% | columnas=12267 | nuevas=725 | costo reducido=-4.494e-05 | maestro=0.01s | pricing=0.05s
Iteración 13: resolviendo maestro con 12267 columnas...
Iteración 13: z=0.51119497 | cota inferior=0.49496982 | gap=3.2780% | columnas=12282 | nuevas=15 | costo reducido=-2.516e-04 | maestro=0.01s | pricing=0.04s
Iteración 14: resolviendo maestro con 12282 columnas...
Iteración 14: z=0.49831650 | cota inferior=0.49496982 | gap=0.6761% | columnas=12282 | nuevas=0 | costo reducido=-8.017e-05 | maestro=0.02s | pricing=0.05s

Solución con error relativo certificado de a lo sumo 1%
Congestión máxima: 0.49831650 (49.83%)
Cota superior: 0.49831650
Cota inferior: 0.49496982
Gap certificado: 0.676138%
Iteraciones: 14 | Columnas: 12282
Tiempo total: 0.96 segundos

Diez arcos más congestionados:
Arco 18: 3 -> 104 | flujo=1342.46 | capacidad=2694 | congestión=0.4983
Arco 43: 10 -> 17 | flujo=2476.13 | capacidad=4969 | congestión=0.4983
Arco 45: 10 -> 136 | flujo=2853.86 | capacidad=5727 | congestión=0.4983
Arco 249: 64 -> 33 | flujo=2020.18 | capacidad=4054 | congestión=0.4983
Arco 720: 179 -> 347 | flujo=2710.84 | capacidad=5440 | congestión=0.4983
Arco 1074: 271 -> 170 | flujo=3440.38 | capacidad=6904 | congestión=0.4983
Arco 44: 10 -> 169 | flujo=4795.80 | capacidad=9624 | congestión=0.4983
Arco 252: 64 -> 173 | flujo=6216.00 | capacidad=12474 | congestión=0.4983
Arco 486: 122 -> 322 | flujo=1485.98 | capacidad=2982 | congestión=0.4983
Arco 750: 187 -> 41 | flujo=1980.81 | capacidad=3975 | congestión=0.4983

==========================================================
RESUMEN DE EJECUCION — KPI
==========================================================
Instancia: t95 (400 nodos, 1600 arcos, 10650 productos)
Solver: solver_columnas_e2.py
Estado: completado
Tiempo de pared del proceso: 1.25 s
Tiempo de CPU acumulado: 1.26 s
Uso medio aproximado de CPU: 101.2%
Memoria residente maxima observada: 119.28 MB
Tiempo interno del algoritmo: 0.96 s
Objetivo/congestion: 0.4983165
Cota superior: 0.4983165
Cota inferior: 0.49496982
Gap certificado: 0.676138%
Iteraciones: 14
Columnas finales: 12282
Resultado guardado en: /Users/alfonsocid/Desktop/Repo Capstone/resultados/t95_solver_columnas_e2.txt
==========================================================
GUARDADO | resultados E2/E2_Method0_T1-T100/t95_solver_columnas_e2_method0.txt

EJECUTANDO | t96 | E2 | Method=0
Mulgen ya está compilado.
Generando instancia con t96.par...
 no commodity capacity
 *************************************
 Writing output to file out                                     
 End of writing.
Instancia generada: 400 nodos, 1600 arcos y 10650 productos.
Ejecutando solver: solver_columnas_e2.py
Los resultados se guardarán en /Users/alfonsocid/Desktop/Repo Capstone/resultados/t96_solver_columnas_e2.txt
Filtro de conectividad: 559 productos sin camino eliminados.
Filtro de conectividad: 10650 -> 10091 productos.
Filtro de conectividad: productos eliminados (muestra): [45, 58, 67, 78, 104, 109, 116, 148, 169, 206, 219, 233, 251, 278, 288, 307, 325, 328, 352, 361] ...
Filtro de conectividad: red original preservada y verificacion final superada.
Nodos: 400
Arcos: 1600
Productos: 10650

Solver E2: partida congestion-aware + pricing C++ + gap certificado
Productos: 10091 | Arcos: 1600
ETA: 25 | Gap objetivo: 1%
Construyendo el problema maestro restringido...
Set parameter Username
Set parameter LicenseID to value 2855691
Academic license - for non-commercial use only - expires 2027-08-24
Set parameter Method to value 0
Calculando caminos iniciales congestion-aware...
Caminos iniciales listos: 10091 columnas en 0.13s.
Iteración 1: resolviendo maestro con 10091 columnas...
Iteración 1: z=0.77926133 | cota inferior=0.00000000 | gap=infinito | columnas=10254 | nuevas=163 | costo reducido=-1.077e-04 | maestro=0.01s | pricing=0.04s
Iteración 2: resolviendo maestro con 10254 columnas...
Iteración 2: z=0.58572147 | cota inferior=0.00000000 | gap=infinito | columnas=10378 | nuevas=124 | costo reducido=-1.006e-04 | maestro=0.01s | pricing=0.06s
Iteración 3: resolviendo maestro con 10378 columnas...
Iteración 3: z=0.57772586 | cota inferior=0.00000000 | gap=infinito | columnas=10461 | nuevas=83 | costo reducido=-1.558e-04 | maestro=0.01s | pricing=0.04s
Iteración 4: resolviendo maestro con 10461 columnas...
Iteración 4: z=0.57466667 | cota inferior=0.44366667 | gap=29.5267% | columnas=10470 | nuevas=9 | costo reducido=-3.333e-04 | maestro=0.01s | pricing=0.04s
Iteración 5: resolviendo maestro con 10470 columnas...
Iteración 5: z=0.54139599 | cota inferior=0.44366667 | gap=22.0276% | columnas=10553 | nuevas=83 | costo reducido=-1.382e-04 | maestro=0.01s | pricing=0.04s
Iteración 6: resolviendo maestro con 10553 columnas...
Iteración 6: z=0.53707805 | cota inferior=0.44366667 | gap=21.0544% | columnas=10685 | nuevas=132 | costo reducido=-8.860e-05 | maestro=0.01s | pricing=0.05s
Iteración 7: resolviendo maestro con 10685 columnas...
Iteración 7: z=0.53505397 | cota inferior=0.44366667 | gap=20.5982% | columnas=10789 | nuevas=104 | costo reducido=-9.385e-05 | maestro=0.01s | pricing=0.04s
Iteración 8: resolviendo maestro con 10789 columnas...
Iteración 8: z=0.52062127 | cota inferior=0.44366667 | gap=17.3451% | columnas=11277 | nuevas=488 | costo reducido=-4.134e-05 | maestro=0.01s | pricing=0.04s
Iteración 9: resolviendo maestro con 11277 columnas...
Iteración 9: z=0.49769005 | cota inferior=0.44366667 | gap=12.1766% | columnas=11296 | nuevas=19 | costo reducido=-2.100e-04 | maestro=0.02s | pricing=0.05s
Iteración 10: resolviendo maestro con 11296 columnas...
Iteración 10: z=0.49330280 | cota inferior=0.44366667 | gap=11.1877% | columnas=11326 | nuevas=30 | costo reducido=-1.145e-04 | maestro=0.01s | pricing=0.04s
Iteración 11: resolviendo maestro con 11326 columnas...
Iteración 11: z=0.48230340 | cota inferior=0.44366667 | gap=8.7085% | columnas=11424 | nuevas=98 | costo reducido=-1.138e-04 | maestro=0.03s | pricing=0.04s
Iteración 12: resolviendo maestro con 11424 columnas...
Iteración 12: z=0.47700034 | cota inferior=0.44366667 | gap=7.5132% | columnas=11517 | nuevas=93 | costo reducido=-1.141e-04 | maestro=0.02s | pricing=0.04s
Iteración 13: resolviendo maestro con 11517 columnas...
Iteración 13: z=0.47686081 | cota inferior=0.44366667 | gap=7.4818% | columnas=11577 | nuevas=60 | costo reducido=-1.760e-04 | maestro=0.01s | pricing=0.03s
Iteración 14: resolviendo maestro con 11577 columnas...
Iteración 14: z=0.47490775 | cota inferior=0.44366667 | gap=7.0416% | columnas=11586 | nuevas=9 | costo reducido=-3.690e-04 | maestro=0.01s | pricing=0.03s
Iteración 15: resolviendo maestro con 11586 columnas...
Iteración 15: z=0.47085010 | cota inferior=0.44366667 | gap=6.1270% | columnas=11617 | nuevas=31 | costo reducido=-8.561e-05 | maestro=0.02s | pricing=0.04s
Iteración 16: resolviendo maestro con 11617 columnas...
Iteración 16: z=0.46796989 | cota inferior=0.44366667 | gap=5.4778% | columnas=13497 | nuevas=1880 | costo reducido=-1.861e-05 | maestro=0.04s | pricing=0.05s
Iteración 17: resolviendo maestro con 13497 columnas...
Iteración 17: z=0.46609912 | cota inferior=0.44366667 | gap=5.0561% | columnas=13510 | nuevas=13 | costo reducido=-3.040e-04 | maestro=0.01s | pricing=0.03s
Iteración 18: resolviendo maestro con 13510 columnas...
Iteración 18: z=0.45905172 | cota inferior=0.44366667 | gap=3.4677% | columnas=13564 | nuevas=54 | costo reducido=-1.959e-04 | maestro=0.01s | pricing=0.04s
Iteración 19: resolviendo maestro con 13564 columnas...
Iteración 19: z=0.44475961 | cota inferior=0.44366667 | gap=0.2463% | columnas=13564 | nuevas=0 | costo reducido=-1.418e-04 | maestro=0.06s | pricing=0.03s

Solución con error relativo certificado de a lo sumo 1%
Congestión máxima: 0.44475961 (44.48%)
Cota superior: 0.44475961
Cota inferior: 0.44366667
Gap certificado: 0.246343%
Iteraciones: 19 | Columnas: 13564
Tiempo total: 1.30 segundos

Diez arcos más congestionados:
Arco 222: 60 -> 161 | flujo=1802.17 | capacidad=4052 | congestión=0.4448
Arco 625: 162 -> 119 | flujo=3299.67 | capacidad=7419 | congestión=0.4448
Arco 774: 198 -> 393 | flujo=4820.75 | capacidad=10839 | congestión=0.4448
Arco 105: 27 -> 245 | flujo=2972.33 | capacidad=6683 | congestión=0.4448
Arco 107: 27 -> 65 | flujo=1427.68 | capacidad=3210 | congestión=0.4448
Arco 110: 30 -> 142 | flujo=2047.67 | capacidad=4604 | congestión=0.4448
Arco 141: 41 -> 351 | flujo=1193.73 | capacidad=2684 | congestión=0.4448
Arco 258: 68 -> 37 | flujo=1404.11 | capacidad=3157 | congestión=0.4448
Arco 311: 84 -> 2 | flujo=1369.41 | capacidad=3079 | congestión=0.4448
Arco 339: 92 -> 56 | flujo=1416.11 | capacidad=3184 | congestión=0.4448

==========================================================
RESUMEN DE EJECUCION — KPI
==========================================================
Instancia: t96 (400 nodos, 1600 arcos, 10650 productos)
Solver: solver_columnas_e2.py
Estado: completado
Tiempo de pared del proceso: 1.56 s
Tiempo de CPU acumulado: 1.58 s
Uso medio aproximado de CPU: 101.2%
Memoria residente maxima observada: 132.95 MB
Tiempo interno del algoritmo: 1.3 s
Objetivo/congestion: 0.44475961
Cota superior: 0.44475961
Cota inferior: 0.44366667
Gap certificado: 0.246343%
Iteraciones: 19
Columnas finales: 13564
Resultado guardado en: /Users/alfonsocid/Desktop/Repo Capstone/resultados/t96_solver_columnas_e2.txt
==========================================================
GUARDADO | resultados E2/E2_Method0_T1-T100/t96_solver_columnas_e2_method0.txt

EJECUTANDO | t97 | E2 | Method=0
Mulgen ya está compilado.
Generando instancia con t97.par...
 no commodity capacity
 *************************************
 Writing output to file out                                     
 End of writing.
Instancia generada: 400 nodos, 1600 arcos y 10650 productos.
Ejecutando solver: solver_columnas_e2.py
Los resultados se guardarán en /Users/alfonsocid/Desktop/Repo Capstone/resultados/t97_solver_columnas_e2.txt
Filtro de conectividad: 432 productos sin camino eliminados.
Filtro de conectividad: 10650 -> 10218 productos.
Filtro de conectividad: productos eliminados (muestra): [7, 99, 110, 205, 244, 286, 289, 305, 306, 351, 367, 382, 391, 418, 501, 531, 543, 573, 584, 603] ...
Filtro de conectividad: red original preservada y verificacion final superada.
Nodos: 400
Arcos: 1600
Productos: 10650

Solver E2: partida congestion-aware + pricing C++ + gap certificado
Productos: 10218 | Arcos: 1600
ETA: 25 | Gap objetivo: 1%
Construyendo el problema maestro restringido...
Set parameter Username
Set parameter LicenseID to value 2855691
Academic license - for non-commercial use only - expires 2027-08-24
Set parameter Method to value 0
Calculando caminos iniciales congestion-aware...
Caminos iniciales listos: 10218 columnas en 0.10s.
Iteración 1: resolviendo maestro con 10218 columnas...
Iteración 1: z=0.75851551 | cota inferior=0.12175902 | gap=522.9645% | columnas=10333 | nuevas=115 | costo reducido=-1.271e-04 | maestro=0.01s | pricing=0.03s
Iteración 2: resolviendo maestro con 10333 columnas...
Iteración 2: z=0.71467077 | cota inferior=0.42972661 | gap=66.3082% | columnas=10348 | nuevas=15 | costo reducido=-3.851e-04 | maestro=0.01s | pricing=0.04s
Iteración 3: resolviendo maestro con 10348 columnas...
Iteración 3: z=0.71417343 | cota inferior=0.42972661 | gap=66.1925% | columnas=10376 | nuevas=28 | costo reducido=-2.620e-04 | maestro=0.01s | pricing=0.04s
Iteración 4: resolviendo maestro con 10376 columnas...
Iteración 4: z=0.61721404 | cota inferior=0.50547376 | gap=22.1060% | columnas=10383 | nuevas=7 | costo reducido=-3.775e-04 | maestro=0.01s | pricing=0.04s
Iteración 5: resolviendo maestro con 10383 columnas...
Iteración 5: z=0.61406446 | cota inferior=0.50547376 | gap=21.4830% | columnas=10524 | nuevas=141 | costo reducido=-1.046e-04 | maestro=0.01s | pricing=0.04s
Iteración 6: resolviendo maestro con 10524 columnas...
Iteración 6: z=0.58998404 | cota inferior=0.50547376 | gap=16.7190% | columnas=10589 | nuevas=65 | costo reducido=-1.995e-04 | maestro=0.01s | pricing=0.04s
Iteración 7: resolviendo maestro con 10589 columnas...
Iteración 7: z=0.58297441 | cota inferior=0.56777299 | gap=2.6774% | columnas=10590 | nuevas=1 | costo reducido=-2.534e-04 | maestro=0.01s | pricing=0.03s
Iteración 8: resolviendo maestro con 10590 columnas...
Iteración 8: z=0.56777299 | cota inferior=0.56777299 | gap=0.0000% | columnas=10590 | nuevas=0 | costo reducido=0.000e+00 | maestro=0.01s | pricing=0.04s

Solución óptima certificada
Congestión máxima: 0.56777299 (56.78%)
Cota superior: 0.56777299
Cota inferior: 0.56777299
Gap certificado: 0.000000%
Iteraciones: 8 | Columnas: 10590
Tiempo total: 0.53 segundos

Diez arcos más congestionados:
Arco 991: 247 -> 2 | flujo=2845.68 | capacidad=5012 | congestión=0.5678
Arco 1302: 322 -> 2 | flujo=4467.24 | capacidad=7868 | congestión=0.5678
Arco 666: 166 -> 197 | flujo=1504.03 | capacidad=2649 | congestión=0.5678
Arco 1114: 274 -> 72 | flujo=2241.00 | capacidad=3947 | congestión=0.5678
Arco 1171: 290 -> 135 | flujo=1474.51 | capacidad=2597 | congestión=0.5678
Arco 1449: 359 -> 245 | flujo=5425.64 | capacidad=9556 | congestión=0.5678
Arco 1469: 366 -> 307 | flujo=2167.19 | capacidad=3817 | congestión=0.5678
Arco 645: 160 -> 81 | flujo=5690.00 | capacidad=10049 | congestión=0.5662
Arco 627: 154 -> 49 | flujo=4737.00 | capacidad=8517 | congestión=0.5562
Arco 274: 66 -> 50 | flujo=5775.00 | capacidad=10542 | congestión=0.5478

==========================================================
RESUMEN DE EJECUCION — KPI
==========================================================
Instancia: t97 (400 nodos, 1600 arcos, 10650 productos)
Solver: solver_columnas_e2.py
Estado: completado
Tiempo de pared del proceso: 0.82 s
Tiempo de CPU acumulado: 0.83 s
Uso medio aproximado de CPU: 101.1%
Memoria residente maxima observada: 104.53 MB
Tiempo interno del algoritmo: 0.53 s
Objetivo/congestion: 0.56777299
Cota superior: 0.56777299
Cota inferior: 0.56777299
Gap certificado: 0.0%
Iteraciones: 8
Columnas finales: 10590
Resultado guardado en: /Users/alfonsocid/Desktop/Repo Capstone/resultados/t97_solver_columnas_e2.txt
==========================================================
GUARDADO | resultados E2/E2_Method0_T1-T100/t97_solver_columnas_e2_method0.txt

EJECUTANDO | t98 | E2 | Method=0
Mulgen ya está compilado.
Generando instancia con t98.par...
 no commodity capacity
 *************************************
 Writing output to file out                                     
 End of writing.
Instancia generada: 400 nodos, 1600 arcos y 10650 productos.
Ejecutando solver: solver_columnas_e2.py
Los resultados se guardarán en /Users/alfonsocid/Desktop/Repo Capstone/resultados/t98_solver_columnas_e2.txt
Filtro de conectividad: 404 productos sin camino eliminados.
Filtro de conectividad: 10650 -> 10246 productos.
Filtro de conectividad: productos eliminados (muestra): [23, 47, 59, 87, 94, 100, 109, 112, 115, 152, 197, 215, 221, 226, 392, 500, 513, 521, 523, 549] ...
Filtro de conectividad: red original preservada y verificacion final superada.
Nodos: 400
Arcos: 1600
Productos: 10650

Solver E2: partida congestion-aware + pricing C++ + gap certificado
Productos: 10246 | Arcos: 1600
ETA: 25 | Gap objetivo: 1%
Construyendo el problema maestro restringido...
Set parameter Username
Set parameter LicenseID to value 2855691
Academic license - for non-commercial use only - expires 2027-08-24
Set parameter Method to value 0
Calculando caminos iniciales congestion-aware...
Caminos iniciales listos: 10246 columnas en 0.10s.
Iteración 1: resolviendo maestro con 10246 columnas...
Iteración 1: z=0.70491368 | cota inferior=0.60185923 | gap=17.1227% | columnas=10252 | nuevas=6 | costo reducido=-2.656e-04 | maestro=0.01s | pricing=0.03s
Iteración 2: resolviendo maestro con 10252 columnas...
Iteración 2: z=0.65658499 | cota inferior=0.60185923 | gap=9.0928% | columnas=10263 | nuevas=11 | costo reducido=-3.828e-04 | maestro=0.01s | pricing=0.04s
Iteración 3: resolviendo maestro con 10263 columnas...
Iteración 3: z=0.64029278 | cota inferior=0.60185923 | gap=6.3858% | columnas=10283 | nuevas=20 | costo reducido=-3.486e-04 | maestro=0.01s | pricing=0.03s
Iteración 4: resolviendo maestro con 10283 columnas...
Iteración 4: z=0.62686286 | cota inferior=0.60185923 | gap=4.1544% | columnas=10353 | nuevas=70 | costo reducido=-1.886e-04 | maestro=0.01s | pricing=0.03s
Iteración 5: resolviendo maestro con 10353 columnas...
Iteración 5: z=0.60185923 | cota inferior=0.60185923 | gap=0.0000% | columnas=10353 | nuevas=0 | costo reducido=0.000e+00 | maestro=0.01s | pricing=0.03s

Solución óptima certificada
Congestión máxima: 0.60185923 (60.19%)
Cota superior: 0.60185923
Cota inferior: 0.60185923
Gap certificado: 0.000000%
Iteraciones: 5 | Columnas: 10353
Tiempo total: 0.37 segundos

Diez arcos más congestionados:
Arco 1356: 339 -> 124 | flujo=1572.06 | capacidad=2612 | congestión=0.6019
Arco 569: 142 -> 241 | flujo=3190.46 | capacidad=5301 | congestión=0.6019
Arco 1245: 309 -> 142 | flujo=2266.00 | capacidad=3765 | congestión=0.6019
Arco 1543: 388 -> 112 | flujo=1726.73 | capacidad=2869 | congestión=0.6019
Arco 1201: 296 -> 320 | flujo=4583.00 | capacidad=8195 | congestión=0.5592
Arco 798: 200 -> 72 | flujo=4043.00 | capacidad=7555 | congestión=0.5351
Arco 568: 142 -> 218 | flujo=2780.00 | capacidad=5404 | congestión=0.5144
Arco 1230: 305 -> 260 | flujo=3876.00 | capacidad=7760 | congestión=0.4995
Arco 880: 220 -> 313 | flujo=5229.00 | capacidad=10500 | congestión=0.4980
Arco 1577: 395 -> 206 | flujo=3562.00 | capacidad=7196 | congestión=0.4950

==========================================================
RESUMEN DE EJECUCION — KPI
==========================================================
Instancia: t98 (400 nodos, 1600 arcos, 10650 productos)
Solver: solver_columnas_e2.py
Estado: completado
Tiempo de pared del proceso: 0.64 s
Tiempo de CPU acumulado: 0.65 s
Uso medio aproximado de CPU: 101.3%
Memoria residente maxima observada: 101.59 MB
Tiempo interno del algoritmo: 0.37 s
Objetivo/congestion: 0.60185923
Cota superior: 0.60185923
Cota inferior: 0.60185923
Gap certificado: 0.0%
Iteraciones: 5
Columnas finales: 10353
Resultado guardado en: /Users/alfonsocid/Desktop/Repo Capstone/resultados/t98_solver_columnas_e2.txt
==========================================================
GUARDADO | resultados E2/E2_Method0_T1-T100/t98_solver_columnas_e2_method0.txt

EJECUTANDO | t99 | E2 | Method=0
Mulgen ya está compilado.
Generando instancia con t99.par...
 no commodity capacity
 *************************************
 Writing output to file out                                     
 End of writing.
Instancia generada: 400 nodos, 1600 arcos y 10650 productos.
Ejecutando solver: solver_columnas_e2.py
Los resultados se guardarán en /Users/alfonsocid/Desktop/Repo Capstone/resultados/t99_solver_columnas_e2.txt
Filtro de conectividad: 381 productos sin camino eliminados.
Filtro de conectividad: 10650 -> 10269 productos.
Filtro de conectividad: productos eliminados (muestra): [3, 16, 45, 53, 100, 112, 128, 228, 239, 244, 250, 339, 340, 393, 401, 403, 439, 468, 482, 501] ...
Filtro de conectividad: red original preservada y verificacion final superada.
Nodos: 400
Arcos: 1600
Productos: 10650

Solver E2: partida congestion-aware + pricing C++ + gap certificado
Productos: 10269 | Arcos: 1600
ETA: 25 | Gap objetivo: 1%
Construyendo el problema maestro restringido...
Set parameter Username
Set parameter LicenseID to value 2855691
Academic license - for non-commercial use only - expires 2027-08-24
Set parameter Method to value 0
Calculando caminos iniciales congestion-aware...
Caminos iniciales listos: 10269 columnas en 0.09s.
Iteración 1: resolviendo maestro con 10269 columnas...
Iteración 1: z=0.68123695 | cota inferior=0.00000000 | gap=infinito | columnas=10386 | nuevas=117 | costo reducido=-1.305e-04 | maestro=0.01s | pricing=0.03s
Iteración 2: resolviendo maestro con 10386 columnas...
Iteración 2: z=0.67534411 | cota inferior=0.67534411 | gap=0.0000% | columnas=10386 | nuevas=0 | costo reducido=0.000e+00 | maestro=0.01s | pricing=0.04s

Solución óptima certificada
Congestión máxima: 0.67534411 (67.53%)
Cota superior: 0.67534411
Cota inferior: 0.67534411
Gap certificado: 0.000000%
Iteraciones: 2 | Columnas: 10386
Tiempo total: 0.24 segundos

Diez arcos más congestionados:
Arco 591: 154 -> 238 | flujo=2257.00 | capacidad=3342 | congestión=0.6753
Arco 1463: 369 -> 15 | flujo=5175.84 | capacidad=7664 | congestión=0.6753
Arco 1525: 383 -> 305 | flujo=6361.00 | capacidad=9680 | congestión=0.6571
Arco 436: 113 -> 154 | flujo=3316.00 | capacidad=5490 | congestión=0.6040
Arco 937: 244 -> 247 | flujo=2206.00 | capacidad=3740 | congestión=0.5898
Arco 569: 150 -> 376 | flujo=6232.00 | capacidad=10873 | congestión=0.5732
Arco 343: 89 -> 143 | flujo=6834.00 | capacidad=11960 | congestión=0.5714
Arco 834: 215 -> 53 | flujo=4996.00 | capacidad=8804 | congestión=0.5675
Arco 1524: 383 -> 30 | flujo=7117.00 | capacidad=12756 | congestión=0.5579
Arco 108: 28 -> 41 | flujo=4406.00 | capacidad=8274 | congestión=0.5325

==========================================================
RESUMEN DE EJECUCION — KPI
==========================================================
Instancia: t99 (400 nodos, 1600 arcos, 10650 productos)
Solver: solver_columnas_e2.py
Estado: completado
Tiempo de pared del proceso: 0.51 s
Tiempo de CPU acumulado: 0.52 s
Uso medio aproximado de CPU: 101.7%
Memoria residente maxima observada: 96.64 MB
Tiempo interno del algoritmo: 0.24 s
Objetivo/congestion: 0.67534411
Cota superior: 0.67534411
Cota inferior: 0.67534411
Gap certificado: 0.0%
Iteraciones: 2
Columnas finales: 10386
Resultado guardado en: /Users/alfonsocid/Desktop/Repo Capstone/resultados/t99_solver_columnas_e2.txt
==========================================================
GUARDADO | resultados E2/E2_Method0_T1-T100/t99_solver_columnas_e2_method0.txt

EJECUTANDO | t100 | E2 | Method=0
Mulgen ya está compilado.
Generando instancia con t100.par...
 no commodity capacity
 *************************************
 Writing output to file out                                     
 End of writing.
Instancia generada: 400 nodos, 1600 arcos y 10650 productos.
Ejecutando solver: solver_columnas_e2.py
Los resultados se guardarán en /Users/alfonsocid/Desktop/Repo Capstone/resultados/t100_solver_columnas_e2.txt
Filtro de conectividad: 507 productos sin camino eliminados.
Filtro de conectividad: 10650 -> 10143 productos.
Filtro de conectividad: productos eliminados (muestra): [4, 6, 44, 46, 47, 54, 100, 103, 109, 137, 277, 294, 309, 344, 358, 359, 416, 449, 466, 479] ...
Filtro de conectividad: red original preservada y verificacion final superada.
Nodos: 400
Arcos: 1600
Productos: 10650

Solver E2: partida congestion-aware + pricing C++ + gap certificado
Productos: 10143 | Arcos: 1600
ETA: 25 | Gap objetivo: 1%
Construyendo el problema maestro restringido...
Set parameter Username
Set parameter LicenseID to value 2855691
Academic license - for non-commercial use only - expires 2027-08-24
Set parameter Method to value 0
Calculando caminos iniciales congestion-aware...
Caminos iniciales listos: 10143 columnas en 0.09s.
Iteración 1: resolviendo maestro con 10143 columnas...
Iteración 1: z=0.89181768 | cota inferior=0.88138386 | gap=1.1838% | columnas=10145 | nuevas=2 | costo reducido=-2.746e-04 | maestro=0.01s | pricing=0.03s
Iteración 2: resolviendo maestro con 10145 columnas...
Iteración 2: z=0.88138386 | cota inferior=0.88138386 | gap=0.0000% | columnas=10145 | nuevas=0 | costo reducido=0.000e+00 | maestro=0.01s | pricing=0.04s

Solución óptima certificada
Congestión máxima: 0.88138386 (88.14%)
Cota superior: 0.88138386
Cota inferior: 0.88138386
Gap certificado: 0.000000%
Iteraciones: 2 | Columnas: 10145
Tiempo total: 0.24 segundos

Diez arcos más congestionados:
Arco 255: 63 -> 37 | flujo=3210.00 | capacidad=3642 | congestión=0.8814
Arco 990: 242 -> 350 | flujo=8724.00 | capacidad=11967 | congestión=0.7290
Arco 640: 160 -> 241 | flujo=2348.00 | capacidad=3356 | congestión=0.6996
Arco 1060: 260 -> 297 | flujo=2069.00 | capacidad=3226 | congestión=0.6414
Arco 994: 244 -> 206 | flujo=3603.00 | capacidad=6036 | congestión=0.5969
Arco 1110: 276 -> 205 | flujo=1554.00 | capacidad=2654 | congestión=0.5855
Arco 1539: 386 -> 28 | flujo=3729.00 | capacidad=6634 | congestión=0.5621
Arco 762: 187 -> 68 | flujo=3749.00 | capacidad=6686 | congestión=0.5607
Arco 1505: 376 -> 299 | flujo=5926.00 | capacidad=10614 | congestión=0.5583
Arco 957: 232 -> 292 | flujo=3920.00 | capacidad=7258 | congestión=0.5401

==========================================================
RESUMEN DE EJECUCION — KPI
==========================================================
Instancia: t100 (400 nodos, 1600 arcos, 10650 productos)
Solver: solver_columnas_e2.py
Estado: completado
Tiempo de pared del proceso: 0.50 s
Tiempo de CPU acumulado: 0.51 s
Uso medio aproximado de CPU: 101.9%
Memoria residente maxima observada: 94.80 MB
Tiempo interno del algoritmo: 0.24 s
Objetivo/congestion: 0.88138386
Cota superior: 0.88138386
Cota inferior: 0.88138386
Gap certificado: 0.0%
Iteraciones: 2
Columnas finales: 10145
Resultado guardado en: /Users/alfonsocid/Desktop/Repo Capstone/resultados/t100_solver_columnas_e2.txt
==========================================================
GUARDADO | resultados E2/E2_Method0_T1-T100/t100_solver_columnas_e2_method0.txt
